t*,z*,uz
0.01,0,-0.000869241057128129
0.03,0,-0.00100972499575147
0.049999999999999996,0,-0.00112715528475498
0.06999999999999999,0,-0.0012352904534909
0.08999999999999998,0,-0.00133723048155367
0.10999999999999997,0,-0.00143432657298929
0.12999999999999998,0,-0.00152748724391946
0.15,0,-0.0016174243222849
0.16999999999999998,0,-0.00170471638124626
0.18999999999999997,0,-0.00178983738141488
0.20999999999999996,0,-0.00187317621779411
0.22999999999999998,0,-0.00195505209434982
0.24999999999999997,0,-0.00203572703098137
0.26999999999999996,0,-0.00211541611089016
0.29,0,-0.00219429588907275
0.30999999999999994,0,-0.0022725112940396
0.32999999999999996,0,-0.00235018129312694
0.35,0,-0.00242740354295834
0.36999999999999994,0,-0.0025042582068605
0.38999999999999996,0,-0.0025808110884599
0.4099999999999999,0,-0.0026571162039543
0.42999999999999994,0,-0.00273321789360988
0.44999999999999996,0,-0.00280915255502317
0.4699999999999999,0,-0.00288495006590159
0.48999999999999994,0,-0.00296063495197944
0.5099999999999999,0,-0.00303622734572367
0.5299999999999999,0,-0.00311174377330536
0.5499999999999999,0,-0.0031871978006001
0.57,0,-0.00326260056346938
0.59,0,-0.0033379612030521
0.6099999999999999,0,-0.00341328722308166
0.6299999999999999,0,-0.00348858478319646
0.6499999999999999,0,-0.00356385893970927
0.6699999999999999,0,-0.00363911384324727
0.69,0,-0.00371435290098862
0.7099999999999999,0,-0.0037895789098373
0.7299999999999999,0,-0.00386479416574231
0.7499999999999999,0,-0.00394000055343421
0.7699999999999999,0,-0.0040151996200872
0.7899999999999999,0,-0.00409039263578587
0.8099999999999998,0,-0.0041655806431606
0.8299999999999998,0,-0.00424076449813163
0.8499999999999999,0,-0.00431594490335456
0.8699999999999999,0,-0.00439112243567484
0.8899999999999999,0,-0.00446629756866414
0.9099999999999999,0,-0.0045414706911199
0.9299999999999998,0,-0.00461664212225094
0.9499999999999998,0,-0.00469181212414288
0.9699999999999999,0,-0.00476698091199061
0.9899999999999999,0,-0.00484214866249781
1.0099999999999998,0,-0.00491731552077185
1.0299999999999998,0,-0.00499248160598361
1.0499999999999998,0,-0.00506764701601343
1.0699999999999998,0,-0.0051428118312648
1.0899999999999999,0,-0.00521797611779499
1.1099999999999999,0,-0.0052931399298848
1.13,0,-0.005368303312148
1.15,0,-0.00544346630126294
1.17,0,-0.00551862892739395
1.1899999999999997,0,-0.00559379121535811
1.2099999999999997,0,-0.00566895318558307
1.2299999999999998,0,-0.00574411485489322
1.2499999999999998,0,-0.00581927623715506
1.2699999999999998,0,-0.00589443734380702
1.2899999999999998,0,-0.00596959818429429
1.3099999999999998,0,-0.00604475876642579
1.3299999999999998,0,-0.00611991909666722
1.3499999999999999,0,-0.00619507918038159
1.3699999999999999,0,-0.00627023902202667
1.39,0,-0.00634539862531704
1.4099999999999997,0,-0.00642055799335719
1.4299999999999997,0,-0.0064957171287507
1.4499999999999997,0,-0.00657087603368989
1.4699999999999998,0,-0.00664603471002943
1.4899999999999998,0,-0.00672119315934673
1.5099999999999998,0,-0.00679635138299153
1.5299999999999998,0,-0.00687150938212662
1.5499999999999998,0,-0.00694666715776125
1.5699999999999998,0,-0.00702182471077854
1.5899999999999999,0,-0.00709698204195802
1.6099999999999997,0,-0.00717213915199408
1.6299999999999997,0,-0.00724729604151118
1.6499999999999997,0,-0.0073224527110763
1.6699999999999997,0,-0.00739760916120911
1.6899999999999997,0,-0.00747276539239043
1.7099999999999997,0,-0.00754792140506909
1.7299999999999998,0,-0.00762307719966757
1.7499999999999998,0,-0.00769823277658667
1.7699999999999998,0,-0.00777338813620929
1.7899999999999998,0,-0.0078485432789036
1.8099999999999998,0,-0.00792369820502557
1.8299999999999996,0,-0.00799885291492108
1.8499999999999996,0,-0.00807400740892769
1.8699999999999997,0,-0.00814916168737602
1.8899999999999997,0,-0.00822431575059091
1.9099999999999997,0,-0.00829946959889243
1.9299999999999997,0,-0.0083746232325966
1.9499999999999997,0,-0.0084497766520161
1.9699999999999998,0,-0.00852492985746073
1.9899999999999998,0,-0.00860008284923793
2.01,0,-0.00867523562765304
2.0299999999999994,0,-0.00875038819300968
2.0499999999999994,0,-0.00882554054560993
2.0699999999999994,0,-0.00890069268575457
2.0899999999999994,0,-0.00897584461374322
2.1099999999999994,0,-0.00905099632987447
2.1299999999999994,0,-0.009126147834446
2.1499999999999995,0,-0.00920129912775467
2.1699999999999995,0,-0.00927645021009659
2.1899999999999995,0,-0.00935160108176719
2.2099999999999995,0,-0.00942675174306126
2.2299999999999995,0,-0.00950190219427298
2.2499999999999996,0,-0.00957705243569599
2.2699999999999996,0,-0.00965220246762338
2.2899999999999996,0,-0.00972735229034774
2.3099999999999996,0,-0.00980250190416115
2.3299999999999996,0,-0.00987765130935523
2.3499999999999996,0,-0.00995280050622114
2.369999999999999,0,-0.0100279494950496
2.3899999999999992,0,-0.0101030982761308
2.4099999999999993,0,-0.0101782468497546
2.4299999999999993,0,-0.0102533952162105
2.4499999999999993,0,-0.0103285433757872
2.4699999999999993,0,-0.0104036913287735
2.4899999999999993,0,-0.0104788390754575
2.5099999999999993,0,-0.0105539866161268
2.5299999999999994,0,-0.0106291339510687
2.5499999999999994,0,-0.0107042810805702
2.5699999999999994,0,-0.0107794280049178
2.5899999999999994,0,-0.0108545747243975
2.6099999999999994,0,-0.010929721239295
2.6299999999999994,0,-0.0110048675498956
2.6499999999999995,0,-0.0110800136564842
2.6699999999999995,0,-0.0111551595593453
2.6899999999999995,0,-0.0112303052587629
2.7099999999999995,0,-0.0113054507550207
2.7299999999999995,0,-0.011380596048402
2.7499999999999996,0,-0.0114557411391898
2.7699999999999996,0,-0.0115308860276664
2.789999999999999,0,-0.011606030714114
2.809999999999999,0,-0.0116811751988144
2.829999999999999,0,-0.0117563194820487
2.849999999999999,0,-0.0118314635640981
2.869999999999999,0,-0.0119066074452428
2.8899999999999992,0,-0.0119817511257632
2.9099999999999993,0,-0.012056894605939
2.9299999999999993,0,-0.0121320378860494
2.9499999999999993,0,-0.0122071809663736
2.9699999999999993,0,-0.01228232384719
2.9899999999999993,0,-0.0123574665287768
3.0099999999999993,0,-0.0124326090114119
3.0299999999999994,0,-0.0125077512953726
3.0499999999999994,0,-0.0125828933809361
3.0699999999999994,0,-0.0126580352683788
3.0899999999999994,0,-0.0127331769579772
3.1099999999999994,0,-0.012808318450007
3.1299999999999994,0,-0.0128834597447437
3.1499999999999995,0,-0.0129586008424625
3.1699999999999995,0,-0.0130337417434381
3.1899999999999995,0,-0.0131088824479447
3.209999999999999,0,-0.0131840229562564
3.229999999999999,0,-0.0132591632686466
3.249999999999999,0,-0.0133343033853887
3.269999999999999,0,-0.0134094433067554
3.289999999999999,0,-0.0134845830330191
3.309999999999999,0,-0.0135597225644519
3.329999999999999,0,-0.0136348619013255
3.349999999999999,0,-0.0137100010439111
3.369999999999999,0,-0.0137851399924796
3.3899999999999992,0,-0.0138602787473016
3.4099999999999993,0,-0.0139354173086473
3.4299999999999993,0,-0.0140105556767864
3.4499999999999993,0,-0.0140856938519882
3.4699999999999993,0,-0.014160831834522
3.4899999999999993,0,-0.0142359696246562
3.5099999999999993,0,-0.0143111072226592
3.5299999999999994,0,-0.0143862446287988
3.5499999999999994,0,-0.0144613818433427
3.5699999999999994,0,-0.014536518866558
3.5899999999999994,0,-0.0146116556987113
3.6099999999999994,0,-0.0146867923400693
3.6299999999999994,0,-0.0147619287908978
3.649999999999999,0,-0.0148370650514626
3.669999999999999,0,-0.014912201122029
3.689999999999999,0,-0.0149873370028619
3.709999999999999,0,-0.0150624726942258
3.729999999999999,0,-0.015137608196385
3.749999999999999,0,-0.0152127435096032
3.769999999999999,0,-0.015287878634144
3.789999999999999,0,-0.0153630135702704
3.809999999999999,0,-0.0154381483182451
3.829999999999999,0,-0.0155132828783305
3.849999999999999,0,-0.0155884172507885
3.869999999999999,0,-0.0156635514358809
3.8899999999999992,0,-0.0157386854338688
3.9099999999999993,0,-0.0158138192450132
3.9299999999999993,0,-0.0158889528695746
3.9499999999999993,0,-0.0159640863078131
3.9699999999999993,0,-0.0160392195599885
3.9899999999999993,0,-0.0161143526263604
4.01,0,-0.0161894855071877
4.029999999999999,0,-0.0162646182027292
4.049999999999999,0,-0.0163397507132433
4.069999999999999,0,-0.0164148830389879
4.089999999999999,0,-0.0164900151802206
4.109999999999999,0,-0.0165651471371989
4.129999999999999,0,-0.0166402789101795
4.1499999999999995,0,-0.0167154104994191
4.169999999999999,0,-0.0167905419051739
4.1899999999999995,0,-0.0168656731276996
4.209999999999999,0,-0.0169408041672518
4.2299999999999995,0,-0.0170159350240857
4.249999999999999,0,-0.0170910656984559
4.27,0,-0.017166196190617
4.289999999999999,0,-0.0172413265008229
4.309999999999999,0,-0.0173164566293275
4.329999999999999,0,-0.017391586576384
4.349999999999999,0,-0.0174667163422455
4.369999999999999,0,-0.0175418459271646
4.389999999999999,0,-0.0176169753313936
4.409999999999999,0,-0.0176921045551845
4.429999999999999,0,-0.0177672335987889
4.449999999999999,0,-0.017842362462458
4.469999999999999,0,-0.0179174911464427
4.489999999999999,0,-0.0179926196509936
4.509999999999999,0,-0.0180677479763609
4.529999999999999,0,-0.0181428761227944
4.549999999999999,0,-0.0182180040905436
4.569999999999999,0,-0.0182931318798576
4.589999999999999,0,-0.0183682594909854
4.609999999999999,0,-0.0184433869241752
4.629999999999999,0,-0.0185185141796753
4.6499999999999995,0,-0.0185936412577335
4.669999999999999,0,-0.018668768158597
4.6899999999999995,0,-0.0187438948825131
4.709999999999999,0,-0.0188190214297284
4.729999999999999,0,-0.0188941478004893
4.749999999999999,0,-0.0189692739950419
4.769999999999999,0,-0.0190444000136319
4.789999999999999,0,-0.0191195258565046
4.809999999999999,0,-0.019194651523905
4.829999999999999,0,-0.0192697770160779
4.849999999999999,0,-0.0193449023332675
4.869999999999999,0,-0.0194200274757179
4.889999999999999,0,-0.0194951524436726
4.909999999999999,0,-0.0195702772373751
4.929999999999999,0,-0.0196454018570683
4.949999999999999,0,-0.0197205263029947
4.969999999999999,0,-0.0197956505753968
4.989999999999999,0,-0.0198707746745164
5.009999999999999,0,-0.0199458986005953
5.029999999999999,0,-0.0200210223538746
5.049999999999999,0,-0.0200961459345953
5.069999999999999,0,-0.0201712693429981
5.089999999999999,0,-0.0202463925793232
5.109999999999999,0,-0.0203215156438106
5.129999999999999,0,-0.0203966385366997
5.149999999999999,0,-0.0204717612582301
5.169999999999999,0,-0.0205468838086405
5.189999999999999,0,-0.0206220061881695
5.209999999999999,0,-0.0206971283970556
5.229999999999999,0,-0.0207722504355365
5.249999999999999,0,-0.0208473723038499
5.269999999999999,0,-0.020922494002233
5.289999999999999,0,-0.0209976155309229
5.309999999999999,0,-0.0210727368901562
5.329999999999999,0,-0.021147858080169
5.349999999999999,0,-0.0212229791011975
5.369999999999999,0,-0.0212980999534771
5.389999999999999,0,-0.0213732206372433
5.409999999999999,0,-0.0214483411527309
5.429999999999999,0,-0.0215234615001747
5.449999999999999,0,-0.0215985816798089
5.469999999999999,0,-0.0216737016918675
5.489999999999999,0,-0.0217488215365842
5.509999999999999,0,-0.0218239412141923
5.529999999999999,0,-0.0218990607249249
5.549999999999999,0,-0.0219741800690146
5.5699999999999985,0,-0.0220492992466938
5.589999999999999,0,-0.0221244182581945
5.6099999999999985,0,-0.0221995371037485
5.629999999999999,0,-0.0222746557835871
5.649999999999999,0,-0.0223497742979414
5.669999999999999,0,-0.0224248926470422
5.689999999999999,0,-0.0225000108311198
5.709999999999999,0,-0.0225751288504045
5.729999999999999,0,-0.0226502467051258
5.749999999999999,0,-0.0227253643955135
5.769999999999999,0,-0.0228004819217965
5.789999999999999,0,-0.0228755992842037
5.809999999999999,0,-0.0229507164829636
5.829999999999999,0,-0.0230258335183043
5.849999999999999,0,-0.0231009503904539
5.869999999999999,0,-0.0231760670996397
5.889999999999999,0,-0.0232511836460891
5.909999999999999,0,-0.0233263000300289
5.929999999999999,0,-0.0234014162516858
5.949999999999999,0,-0.023476532311286
5.969999999999999,0,-0.0235516482090555
5.989999999999998,0,-0.02362676394522
6.009999999999999,0,-0.0237018795200048
6.0299999999999985,0,-0.0237769949336349
6.049999999999999,0,-0.023852110186335
6.0699999999999985,0,-0.0239272252783295
6.089999999999999,0,-0.0240023402098426
6.1099999999999985,0,-0.0240774549810979
6.129999999999999,0,-0.024152569592319
6.149999999999999,0,-0.0242276840437289
6.169999999999999,0,-0.0243027983355506
6.189999999999999,0,-0.0243779124680066
6.209999999999999,0,-0.024453026441319
6.229999999999999,0,-0.0245281402557097
6.249999999999999,0,-0.0246032539114005
6.269999999999999,0,-0.0246783674086125
6.289999999999999,0,-0.0247534807475667
6.309999999999999,0,-0.0248285939284838
6.329999999999999,0,-0.0249037069515843
6.349999999999999,0,-0.024978819817088
6.369999999999999,0,-0.0250539325252148
6.389999999999999,0,-0.0251290450761841
6.409999999999998,0,-0.0252041574702151
6.429999999999999,0,-0.0252792697075266
6.449999999999998,0,-0.025354381788337
6.469999999999999,0,-0.0254294937128647
6.489999999999998,0,-0.0255046054813276
6.509999999999999,0,-0.0255797170939432
6.5299999999999985,0,-0.0256548285509289
6.549999999999999,0,-0.0257299398525016
6.5699999999999985,0,-0.0258050509988782
6.589999999999999,0,-0.0258801619902749
6.6099999999999985,0,-0.0259552728269079
6.629999999999999,0,-0.026030383508993
6.649999999999999,0,-0.0261054940367457
6.669999999999999,0,-0.0261806044103811
6.689999999999999,0,-0.0262557146301143
6.709999999999999,0,-0.0263308246961597
6.729999999999999,0,-0.0264059346087316
6.749999999999999,0,-0.0264810443680442
6.769999999999999,0,-0.026556153974311
6.789999999999999,0,-0.0266312634277455
6.809999999999999,0,-0.0267063727285607
6.829999999999999,0,-0.0267814818769696
6.849999999999999,0,-0.0268565908731845
6.869999999999998,0,-0.0269316997174178
6.889999999999999,0,-0.0270068084098813
6.909999999999998,0,-0.0270819169507867
6.929999999999999,0,-0.0271570253403452
6.949999999999998,0,-0.027232133578768
6.969999999999999,0,-0.0273072416662658
6.989999999999998,0,-0.0273823496030489
7.009999999999999,0,-0.0274574573893276
7.0299999999999985,0,-0.0275325650253118
7.049999999999999,0,-0.0276076725112109
7.0699999999999985,0,-0.0276827798472343
7.089999999999999,0,-0.027757887033591
7.1099999999999985,0,-0.0278329940704895
7.129999999999999,0,-0.0279081009581385
7.149999999999999,0,-0.0279832076967458
7.169999999999999,0,-0.0280583142865195
7.189999999999999,0,-0.0281334207276669
7.209999999999999,0,-0.0282085270203954
7.229999999999999,0,-0.0282836331649119
7.249999999999999,0,-0.028358739161423
7.269999999999999,0,-0.0284338450101352
7.289999999999998,0,-0.0285089507112544
7.309999999999999,0,-0.0285840562649866
7.329999999999998,0,-0.0286591616715373
7.349999999999999,0,-0.0287342669311115
7.369999999999998,0,-0.0288093720439144
7.389999999999999,0,-0.0288844770101506
7.409999999999998,0,-0.0289595818300243
7.429999999999999,0,-0.0290346865037398
7.449999999999998,0,-0.0291097910315008
7.469999999999999,0,-0.0291848954135108
7.489999999999998,0,-0.029259999649973
7.509999999999999,0,-0.0293351037410904
7.5299999999999985,0,-0.0294102076870657
7.549999999999999,0,-0.0294853114881013
7.5699999999999985,0,-0.0295604151443992
7.589999999999999,0,-0.0296355186561613
7.6099999999999985,0,-0.0297106220235891
7.629999999999999,0,-0.0297857252468838
7.649999999999999,0,-0.0298608283262465
7.669999999999999,0,-0.0299359312618778
7.689999999999999,0,-0.0300110340539781
7.709999999999998,0,-0.0300861367027477
7.729999999999999,0,-0.0301612392083863
7.749999999999998,0,-0.0302363415710935
7.769999999999999,0,-0.0303114437910686
7.789999999999998,0,-0.0303865458685106
7.809999999999999,0,-0.0304616478036184
7.829999999999998,0,-0.0305367495965903
7.849999999999999,0,-0.0306118512476245
7.869999999999998,0,-0.030686952756919
7.889999999999999,0,-0.0307620541246714
7.909999999999998,0,-0.0308371553510791
7.929999999999999,0,-0.0309122564363391
7.949999999999998,0,-0.0309873573806483
7.969999999999999,0,-0.0310624581842032
7.989999999999998,0,-0.0311375588472
8.01,0,-0.0312126593698348
8.03,0,-0.0312877597523032
8.049999999999999,0,-0.0313628599948008
8.069999999999999,0,-0.0314379600975227
8.089999999999998,0,-0.0315130600606637
8.11,0,-0.0315881598844186
8.129999999999999,0,-0.0316632595689816
8.149999999999999,0,-0.0317383591145469
8.169999999999998,0,-0.0318134585213083
8.189999999999998,0,-0.0318885577894593
8.209999999999999,0,-0.0319636569191932
8.229999999999999,0,-0.0320387559107029
8.249999999999998,0,-0.0321138547641814
8.269999999999998,0,-0.0321889534798209
8.29,0,-0.0322640520578137
8.309999999999999,0,-0.0323391504983518
8.329999999999998,0,-0.0324142488016267
8.349999999999998,0,-0.03248934696783
8.37,0,-0.0325644449971526
8.389999999999999,0,-0.0326395428897856
8.409999999999998,0,-0.0327146406459194
8.429999999999998,0,-0.0327897382657445
8.45,0,-0.0328648357494508
8.469999999999999,0,-0.0329399330972282
8.489999999999998,0,-0.0330150303092662
8.509999999999998,0,-0.0330901273857542
8.53,0,-0.033165224326881
8.549999999999999,0,-0.0332403211328354
8.569999999999999,0,-0.033315417803806
8.589999999999998,0,-0.0333905143399809
8.609999999999998,0,-0.0334656107415481
8.629999999999999,0,-0.0335407070086953
8.649999999999999,0,-0.0336158031416099
8.669999999999998,0,-0.0336908991404791
8.689999999999998,0,-0.0337659950054898
8.709999999999999,0,-0.0338410907368287
8.729999999999999,0,-0.0339161863346821
8.749999999999998,0,-0.0339912817992361
8.769999999999998,0,-0.0340663771306767
8.79,0,-0.0341414723291895
8.809999999999999,0,-0.0342165673949597
8.829999999999998,0,-0.0342916623281725
8.849999999999998,0,-0.0343667571290128
8.87,0,-0.0344418517976651
8.889999999999999,0,-0.0345169463343136
8.909999999999998,0,-0.0345920407391426
8.929999999999998,0,-0.0346671350123358
8.95,0,-0.0347422291540767
8.969999999999999,0,-0.0348173231645486
8.989999999999998,0,-0.0348924170439346
9.009999999999998,0,-0.0349675107924175
9.029999999999998,0,-0.0350426044101798
9.049999999999999,0,-0.0351176978974037
9.069999999999999,0,-0.0351927912542713
9.089999999999998,0,-0.0352678844809643
9.109999999999998,0,-0.0353429775776643
9.129999999999999,0,-0.0354180705445525
9.149999999999999,0,-0.03549316338181
9.169999999999998,0,-0.0355682560896174
9.189999999999998,0,-0.0356433486681553
9.209999999999999,0,-0.0357184411176039
9.229999999999999,0,-0.0357935334381432
9.249999999999998,0,-0.035868625629953
9.269999999999998,0,-0.0359437176932128
9.29,0,-0.0360188096281018
9.309999999999999,0,-0.0360939014347991
9.329999999999998,0,-0.0361689931134832
9.349999999999998,0,-0.0362440846643329
9.37,0,-0.0363191760875263
9.389999999999999,0,-0.0363942673832413
9.409999999999998,0,-0.0364693585516559
9.429999999999998,0,-0.0365444495929474
9.449999999999998,0,-0.0366195405072931
9.469999999999999,0,-0.0366946312948701
9.489999999999998,0,-0.0367697219558551
9.509999999999998,0,-0.0368448124904245
9.529999999999998,0,-0.0369199028987548
9.549999999999999,0,-0.0369949931810219
9.569999999999999,0,-0.0370700833374016
9.589999999999998,0,-0.0371451733680694
9.609999999999998,0,-0.0372202632732006
9.629999999999999,0,-0.0372953530529703
9.649999999999999,0,-0.0373704427075533
9.669999999999998,0,-0.0374455322371241
9.689999999999998,0,-0.037520621641857
9.709999999999999,0,-0.0375957109219261
9.729999999999999,0,-0.0376708000775052
9.749999999999998,0,-0.037745889108768
9.769999999999998,0,-0.0378209780158877
9.79,0,-0.0378960667990375
9.809999999999999,0,-0.0379711554583902
9.829999999999998,0,-0.0380462439941185
9.849999999999998,0,-0.0381213324063947
9.869999999999997,0,-0.0381964206953909
9.889999999999999,0,-0.0382715088612791
9.909999999999998,0,-0.038346596904231
9.929999999999998,0,-0.0384216848244178
9.949999999999998,0,-0.0384967726220109
9.969999999999999,0,-0.0385718602971812
9.989999999999998,0,-0.0386469478500993
10.009999999999998,0,-0.0387220352809357
10.029999999999998,0,-0.0387971225898607
10.049999999999999,0,-0.0388722097770443
10.069999999999999,0,-0.0389472968426561
10.089999999999998,0,-0.0390223837868658
10.109999999999998,0,-0.0390974706098426
10.129999999999999,0,-0.0391725573117555
10.149999999999999,0,-0.0392476438927734
10.169999999999998,0,-0.0393227303530647
10.189999999999998,0,-0.039397816692798
10.209999999999999,0,-0.0394729029121412
10.229999999999999,0,-0.0395479890112623
10.249999999999998,0,-0.0396230749903288
10.269999999999998,0,-0.0396981608495082
10.289999999999997,0,-0.0397732465889676
10.309999999999999,0,-0.039848332208874
10.329999999999998,0,-0.0399234177093941
10.349999999999998,0,-0.0399985030906943
10.369999999999997,0,-0.040073588352941
10.389999999999999,0,-0.0401486734963
10.409999999999998,0,-0.0402237585209371
10.429999999999998,0,-0.040298843427018
10.449999999999998,0,-0.0403739282147079
10.469999999999999,0,-0.0404490128841718
10.489999999999998,0,-0.0405240974355748
10.509999999999998,0,-0.0405991818690813
10.529999999999998,0,-0.0406742661848557
10.549999999999999,0,-0.0407493503830623
10.569999999999999,0,-0.040824434463865
10.589999999999998,0,-0.0408995184274274
10.609999999999998,0,-0.040974602273913
10.629999999999999,0,-0.0410496860034852
10.649999999999999,0,-0.0411247696163068
10.669999999999998,0,-0.0411998531125408
10.689999999999998,0,-0.0412749364923496
10.709999999999997,0,-0.0413500197558956
10.729999999999999,0,-0.041425102903341
10.749999999999998,0,-0.0415001859348476
10.769999999999998,0,-0.0415752688505771
10.789999999999997,0,-0.0416503516506908
10.809999999999999,0,-0.0417254343353501
10.829999999999998,0,-0.041800516904716
10.849999999999998,0,-0.0418755993589491
10.869999999999997,0,-0.04195068169821
10.889999999999999,0,-0.042025763922659
10.909999999999998,0,-0.0421008460324562
10.929999999999998,0,-0.0421759280277616
10.949999999999998,0,-0.0422510099087347
10.969999999999999,0,-0.0423260916755349
10.989999999999998,0,-0.0424011733283215
11.009999999999998,0,-0.0424762548672534
11.029999999999998,0,-0.0425513362924894
11.049999999999999,0,-0.042626417604188
11.069999999999999,0,-0.0427014988025075
11.089999999999998,0,-0.0427765798876061
11.109999999999998,0,-0.0428516608596416
11.129999999999997,0,-0.0429267417187716
11.149999999999999,0,-0.0430018224651537
11.169999999999998,0,-0.0430769030989449
11.189999999999998,0,-0.0431519836203023
11.209999999999997,0,-0.0432270640293827
11.229999999999999,0,-0.0433021443263426
11.249999999999998,0,-0.0433772245113384
11.269999999999998,0,-0.0434523045845261
11.289999999999997,0,-0.0435273845460618
11.309999999999999,0,-0.043602464396101
11.329999999999998,0,-0.0436775441347992
11.349999999999998,0,-0.0437526237623118
11.369999999999997,0,-0.0438277032787936
11.389999999999999,0,-0.0439027826843997
11.409999999999998,0,-0.0439778619792844
11.429999999999998,0,-0.0440529411636023
11.449999999999998,0,-0.0441280202375075
11.469999999999999,0,-0.0442030992011539
11.489999999999998,0,-0.0442781780546954
11.509999999999998,0,-0.0443532567982854
11.529999999999998,0,-0.0444283354320772
11.549999999999997,0,-0.044503413956224
11.569999999999999,0,-0.0445784923708786
11.589999999999998,0,-0.0446535706761937
11.609999999999998,0,-0.0447286488723218
11.629999999999997,0,-0.0448037269594151
11.649999999999999,0,-0.0448788049376256
11.669999999999998,0,-0.0449538828071052
11.689999999999998,0,-0.0450289605680055
11.709999999999997,0,-0.0451040382204778
11.729999999999999,0,-0.0451791157646735
11.749999999999998,0,-0.0452541932007434
11.769999999999998,0,-0.0453292705288383
11.789999999999997,0,-0.0454043477491088
11.809999999999999,0,-0.0454794248617052
11.829999999999998,0,-0.0455545018667777
11.849999999999998,0,-0.0456295787644761
11.869999999999997,0,-0.0457046555549503
11.889999999999999,0,-0.0457797322383497
11.909999999999998,0,-0.0458548088148236
11.929999999999998,0,-0.0459298852845212
11.949999999999998,0,-0.0460049616475912
11.969999999999997,0,-0.0460800379041825
11.989999999999998,0,-0.0461551140544434
12.009999999999998,0,-0.0462301900985222
12.029999999999998,0,-0.0463052660365669
12.049999999999997,0,-0.0463803418687255
12.069999999999999,0,-0.0464554175951456
12.089999999999998,0,-0.0465304932159746
12.109999999999998,0,-0.0466055687313598
12.129999999999997,0,-0.0466806441414481
12.149999999999999,0,-0.0467557194463864
12.169999999999998,0,-0.0468307946463214
12.189999999999998,0,-0.0469058697413993
12.209999999999997,0,-0.0469809447317665
12.229999999999999,0,-0.047056019617569
12.249999999999998,0,-0.0471310943989525
12.269999999999998,0,-0.0472061690760627
12.289999999999997,0,-0.0472812436490449
12.309999999999999,0,-0.0473563181180443
12.329999999999998,0,-0.047431392483206
12.349999999999998,0,-0.0475064667446747
12.369999999999997,0,-0.047581540902595
12.389999999999997,0,-0.0476566149571112
12.409999999999998,0,-0.0477316889083677
12.429999999999998,0,-0.0478067627565083
12.449999999999998,0,-0.0478818365016769
12.469999999999997,0,-0.047956910144017
12.489999999999998,0,-0.048031983683672
12.509999999999998,0,-0.048107057120785
12.529999999999998,0,-0.0481821304554992
12.549999999999997,0,-0.0482572036879572
12.569999999999999,0,-0.0483322768183016
12.589999999999998,0,-0.0484073498466748
12.609999999999998,0,-0.0484824227732191
12.629999999999997,0,-0.0485574955980763
12.649999999999999,0,-0.0486325683213883
12.669999999999998,0,-0.0487076409432967
12.689999999999998,0,-0.0487827134639429
12.709999999999997,0,-0.048857785883468
12.729999999999999,0,-0.0489328582020131
12.749999999999998,0,-0.049007930419719
12.769999999999998,0,-0.0490830025367262
12.789999999999997,0,-0.0491580745531753
12.809999999999997,0,-0.0492331464692063
12.829999999999998,0,-0.0493082182849594
12.849999999999998,0,-0.0493832900005743
12.869999999999997,0,-0.0494583616161907
12.889999999999997,0,-0.049533433131948
12.909999999999998,0,-0.0496085045479855
12.929999999999998,0,-0.0496835758644422
12.949999999999998,0,-0.049758647081457
12.969999999999997,0,-0.0498337181991684
12.989999999999998,0,-0.0499087892177151
13.009999999999998,0,-0.0499838601372352
13.029999999999998,0,-0.0500589309578669
13.049999999999997,0,-0.0501340016797479
13.069999999999999,0,-0.0502090723030161
13.089999999999998,0,-0.050284142827809
13.109999999999998,0,-0.0503592132542637
13.129999999999997,0,-0.0504342835825175
13.149999999999999,0,-0.0505093538127073
13.169999999999998,0,-0.0505844239449699
13.189999999999998,0,-0.0506594939794417
13.209999999999997,0,-0.0507345639162591
13.229999999999999,0,-0.0508096337555583
13.249999999999998,0,-0.0508847034974753
13.269999999999998,0,-0.0509597731421458
13.289999999999997,0,-0.0510348426897055
13.309999999999997,0,-0.0511099121402898
13.329999999999998,0,-0.0511849814940339
13.349999999999998,0,-0.0512600507510728
13.369999999999997,0,-0.0513351199115413
13.389999999999997,0,-0.0514101889755742
13.409999999999998,0,-0.0514852579433058
13.429999999999998,0,-0.0515603268148705
13.449999999999998,0,-0.0516353955904024
13.469999999999997,0,-0.0517104642700353
13.489999999999998,0,-0.051785532853903
13.509999999999998,0,-0.051860601342139
13.529999999999998,0,-0.0519356697348767
13.549999999999997,0,-0.0520107380322492
13.569999999999999,0,-0.0520858062343895
13.589999999999998,0,-0.0521608743414304
13.609999999999998,0,-0.0522359423535045
13.629999999999997,0,-0.0523110102707442
13.649999999999999,0,-0.0523860780932818
13.669999999999998,0,-0.0524611458212492
13.689999999999998,0,-0.0525362134547784
13.709999999999997,0,-0.052611280994001
13.729999999999997,0,-0.0526863484390486
13.749999999999998,0,-0.0527614157900525
13.769999999999998,0,-0.0528364830471437
13.789999999999997,0,-0.0529115502104533
13.809999999999997,0,-0.0529866172801119
13.829999999999998,0,-0.0530616842562503
13.849999999999998,0,-0.0531367511389988
13.869999999999997,0,-0.0532118179284876
13.889999999999997,0,-0.0532868846248467
13.909999999999998,0,-0.053361951228206
13.929999999999998,0,-0.0534370177386953
13.949999999999998,0,-0.0535120841564439
13.969999999999997,0,-0.0535871504815812
13.989999999999998,0,-0.0536622167142364
14.009999999999998,0,-0.0537372828545383
14.029999999999998,0,-0.0538123489026158
14.049999999999997,0,-0.0538874148585975
14.069999999999999,0,-0.0539624807226117
14.089999999999998,0,-0.0540375464947868
14.109999999999998,0,-0.0541126121752507
14.129999999999997,0,-0.0541876777641314
14.149999999999997,0,-0.0542627432615565
14.169999999999998,0,-0.0543378086676536
14.189999999999998,0,-0.05441287398255
14.209999999999997,0,-0.054487939206373
14.229999999999997,0,-0.0545630043392494
14.249999999999998,0,-0.054638069381306
14.269999999999998,0,-0.0547131343326697
14.289999999999997,0,-0.0547881991934667
14.309999999999997,0,-0.0548632639638234
14.329999999999998,0,-0.0549383286438658
14.349999999999998,0,-0.05501339323372
14.369999999999997,0,-0.0550884577335117
14.389999999999997,0,-0.0551635221433664
14.409999999999998,0,-0.0552385864634096
14.429999999999998,0,-0.0553136506937664
14.449999999999998,0,-0.055388714834562
14.469999999999997,0,-0.0554637788859212
14.489999999999998,0,-0.0555388428479688
14.509999999999998,0,-0.0556139067208292
14.529999999999998,0,-0.0556889705046269
14.549999999999997,0,-0.055764034199486
14.569999999999997,0,-0.0558390978055305
14.589999999999998,0,-0.0559141613228843
14.609999999999998,0,-0.055989224751671
14.629999999999997,0,-0.0560642880920141
14.649999999999997,0,-0.0561393513440371
14.669999999999998,0,-0.0562144145078629
14.689999999999998,0,-0.0562894775836146
14.709999999999997,0,-0.056364540571415
14.729999999999997,0,-0.0564396034713868
14.749999999999998,0,-0.0565146662836523
14.769999999999998,0,-0.056589729008334
14.789999999999997,0,-0.0566647916455538
14.809999999999997,0,-0.0567398541954339
14.829999999999998,0,-0.0568149166580959
14.849999999999998,0,-0.0568899790336615
14.869999999999997,0,-0.0569650413222521
14.889999999999997,0,-0.057040103523989
14.909999999999998,0,-0.0571151656389933
14.929999999999998,0,-0.057190227667386
14.949999999999998,0,-0.0572652896092877
14.969999999999997,0,-0.0573403514648192
14.989999999999997,0,-0.0574154132341008
15.009999999999998,0,-0.0574904749172529
15.029999999999998,0,-0.0575655365143954
15.049999999999997,0,-0.0576405980256484
15.069999999999997,0,-0.0577156594511315
15.089999999999998,0,-0.0577907207909645
15.109999999999998,0,-0.0578657820452667
15.129999999999997,0,-0.0579408432141573
15.149999999999997,0,-0.0580159042977556
15.169999999999998,0,-0.0580909652961803
15.189999999999998,0,-0.0581660262095504
15.209999999999997,0,-0.0582410870379843
15.229999999999997,0,-0.0583161477816005
15.249999999999998,0,-0.0583912084405173
15.269999999999998,0,-0.0584662690148527
15.289999999999997,0,-0.0585413295047248
15.309999999999997,0,-0.0586163899102512
15.329999999999998,0,-0.0586914502315497
15.349999999999998,0,-0.0587665104687376
15.369999999999997,0,-0.0588415706219322
15.389999999999997,0,-0.0589166306912506
15.409999999999997,0,-0.0589916906768099
15.429999999999998,0,-0.0590667505787267
15.449999999999998,0,-0.0591418103971178
15.469999999999997,0,-0.0592168701320995
15.489999999999997,0,-0.0592919297837883
15.509999999999998,0,-0.0593669893523001
15.529999999999998,0,-0.0594420488377511
15.549999999999997,0,-0.059517108240257
15.569999999999997,0,-0.0595921675599335
15.589999999999998,0,-0.059667226796896
15.609999999999998,0,-0.05974228595126
15.629999999999997,0,-0.0598173450231405
15.649999999999997,0,-0.0598924040126527
15.669999999999998,0,-0.0599674629199113
15.689999999999998,0,-0.0600425217450311
15.709999999999997,0,-0.0601175804881265
15.729999999999997,0,-0.060192639149312
15.749999999999998,0,-0.0602676977287017
15.769999999999998,0,-0.0603427562264098
15.789999999999997,0,-0.0604178146425501
15.809999999999997,0,-0.0604928729772363
15.829999999999997,0,-0.060567931230582
15.849999999999998,0,-0.0606429894027007
15.869999999999997,0,-0.0607180474937056
15.889999999999997,0,-0.0607931055037098
15.909999999999997,0,-0.0608681634328263
15.929999999999998,0,-0.0609432212811678
15.949999999999998,0,-0.061018279048847
15.969999999999997,0,-0.0610933367359763
15.989999999999997,0,-0.0611683943426681
16.009999999999998,0,-0.0612434518690345
16.029999999999998,0,-0.0613185093151876
16.05,0,-0.0613935666812391
16.07,0,-0.0614686239673008
16.09,0,-0.0615436811734841
16.11,0,-0.0616187382999006
16.13,0,-0.0616937953466614
16.15,0,-0.0617688523138775
16.169999999999998,0,-0.06184390920166
16.189999999999998,0,-0.0619189660101195
16.21,0,-0.0619940227393666
16.23,0,-0.0620690793895119
16.25,0,-0.0621441359606656
16.27,0,-0.0622191924529378
16.29,0,-0.0622942488664386
16.31,0,-0.0623693052012777
16.33,0,-0.062444361457565
16.349999999999998,0,-0.0625194176354098
16.369999999999997,0,-0.0625944737349216
16.39,0,-0.0626695297562096
16.41,0,-0.0627445856993828
16.43,0,-0.0628196415645503
16.45,0,-0.0628946973518207
16.47,0,-0.0629697530613027
16.49,0,-0.0630448086931047
16.509999999999998,0,-0.0631198642473351
16.529999999999998,0,-0.063194919724102
16.55,0,-0.0632699751235135
16.57,0,-0.0633450304456774
16.59,0,-0.0634200856907014
16.61,0,-0.063495140858693
16.63,0,-0.0635701959497598
16.65,0,-0.0636452509640089
16.669999999999998,0,-0.0637203059015474
16.689999999999998,0,-0.0637953607624824
16.709999999999997,0,-0.0638704155469207
16.73,0,-0.0639454702549688
16.75,0,-0.0640205248867334
16.77,0,-0.0640955794423207
16.79,0,-0.0641706339218371
16.81,0,-0.0642456883253885
16.83,0,-0.0643207426530809
16.849999999999998,0,-0.0643957969050202
16.869999999999997,0,-0.0644708510813118
16.89,0,-0.0645459051820613
16.91,0,-0.0646209592073741
16.93,0,-0.0646960131573552
16.95,0,-0.0647710670321098
16.97,0,-0.0648461208317428
16.99,0,-0.0649211745563589
17.009999999999998,0,-0.0649962282060626
17.029999999999998,0,-0.0650712817809585
17.05,0,-0.0651463352811509
17.07,0,-0.0652213887067439
17.09,0,-0.0652964420578415
17.11,0,-0.0653714953345477
17.13,0,-0.0654465485369661
17.15,0,-0.0655216016652003
17.169999999999998,0,-0.0655966547193538
17.189999999999998,0,-0.0656717076995299
17.209999999999997,0,-0.0657467606058317
17.23,0,-0.0658218134383623
17.25,0,-0.0658968661972245
17.27,0,-0.0659719188825209
17.29,0,-0.0660469714943543
17.31,0,-0.066122024032827
17.33,0,-0.0661970764980413
17.349999999999998,0,-0.0662721288900994
17.369999999999997,0,-0.0663471812091033
17.39,0,-0.0664222334551548
17.41,0,-0.0664972856283557
17.43,0,-0.0665723377288076
17.45,0,-0.0666473897566118
17.47,0,-0.0667224417118698
17.49,0,-0.0667974935946826
17.509999999999998,0,-0.0668725454051512
17.529999999999998,0,-0.0669475971433766
17.549999999999997,0,-0.0670226488094594
17.57,0,-0.0670977004035004
17.59,0,-0.0671727519255998
17.61,0,-0.0672478033758581
17.63,0,-0.0673228547543753
17.65,0,-0.0673979060612516
17.669999999999998,0,-0.0674729572965869
17.689999999999998,0,-0.0675480084604808
17.709999999999997,0,-0.0676230595530331
17.73,0,-0.0676981105743431
17.75,0,-0.0677731615245102
17.77,0,-0.0678482124036337
17.79,0,-0.0679232632118125
17.81,0,-0.0679983139491457
17.83,0,-0.0680733646157319
17.849999999999998,0,-0.0681484152116699
17.869999999999997,0,-0.0682234657370581
17.89,0,-0.068298516191995
17.91,0,-0.0683735665765787
17.93,0,-0.0684486168909074
17.95,0,-0.0685236671350789
17.97,0,-0.0685987173091913
17.99,0,-0.068673767413342
18.009999999999998,0,-0.0687488174476288
18.029999999999998,0,-0.0688238674121489
18.049999999999997,0,-0.0688989173069997
18.07,0,-0.0689739671322784
18.09,0,-0.0690490168880819
18.11,0,-0.0691240665745071
18.13,0,-0.0691991161916507
18.15,0,-0.0692741657396095
18.169999999999998,0,-0.0693492152184797
18.189999999999998,0,-0.0694242646283578
18.209999999999997,0,-0.06949931396934
18.23,0,-0.0695743632415223
18.25,0,-0.0696494124450006
18.27,0,-0.0697244615798708
18.29,0,-0.0697995106462286
18.31,0,-0.0698745596441694
18.33,0,-0.0699496085737886
18.349999999999998,0,-0.0700246574351816
18.369999999999997,0,-0.0700997062284434
18.389999999999997,0,-0.0701747549536691
18.41,0,-0.0702498036109536
18.43,0,-0.0703248522003914
18.45,0,-0.0703999007220774
18.47,0,-0.0704749491761059
18.49,0,-0.0705499975625712
18.509999999999998,0,-0.0706250458815676
18.529999999999998,0,-0.0707000941331892
18.549999999999997,0,-0.07077514231753
18.57,0,-0.0708501904346836
18.59,0,-0.0709252384847438
18.61,0,-0.0710002864678042
18.63,0,-0.0710753343839582
18.65,0,-0.071150382233299
18.669999999999998,0,-0.0712254300159199
18.689999999999998,0,-0.0713004777319139
18.709999999999997,0,-0.0713755253813738
18.73,0,-0.0714505729643925
18.75,0,-0.0715256204810626
18.77,0,-0.0716006679314766
18.79,0,-0.0716757153157268
18.81,0,-0.0717507626339056
18.83,0,-0.0718258098861051
18.849999999999998,0,-0.0719008570724173
18.869999999999997,0,-0.071975904192934
18.889999999999997,0,-0.072050951247747
18.91,0,-0.0721259982369479
18.93,0,-0.0722010451606283
18.95,0,-0.0722760920188793
18.97,0,-0.0723511388117924
18.99,0,-0.0724261855394585
19.009999999999998,0,-0.0725012322019688
19.029999999999998,0,-0.0725762787994139
19.049999999999997,0,-0.0726513253318847
19.07,0,-0.0727263717994718
19.09,0,-0.0728014182022656
19.11,0,-0.0728764645403564
19.13,0,-0.0729515108138345
19.15,0,-0.07302655702279
19.169999999999998,0,-0.0731016031673129
19.189999999999998,0,-0.073176649247493
19.209999999999997,0,-0.0732516952634199
19.229999999999997,0,-0.0733267412151834
19.25,0,-0.0734017871028729
19.27,0,-0.0734768329265776
19.29,0,-0.0735518786863869
19.31,0,-0.0736269243823899
19.33,0,-0.0737019700146754
19.349999999999998,0,-0.0737770155833324
19.369999999999997,0,-0.0738520610884495
19.389999999999997,0,-0.0739271065301154
19.41,0,-0.0740021519084186
19.43,0,-0.0740771972234473
19.45,0,-0.0741522424752899
19.47,0,-0.0742272876640344
19.49,0,-0.0743023327897688
19.509999999999998,0,-0.0743773778525809
19.529999999999998,0,-0.0744524228525586
19.549999999999997,0,-0.0745274677897894
19.57,0,-0.0746025126643608
19.59,0,-0.0746775574763602
19.61,0,-0.0747526022258748
19.63,0,-0.0748276469129918
19.65,0,-0.0749026915377982
19.669999999999998,0,-0.0749777361003808
19.689999999999998,0,-0.0750527806008264
19.709999999999997,0,-0.0751278250392217
19.729999999999997,0,-0.0752028694156531
19.75,0,-0.0752779137302072
19.77,0,-0.07535295798297
19.79,0,-0.0754280021740279
19.81,0,-0.0755030463034669
19.83,0,-0.0755780903713728
19.849999999999998,0,-0.0756531343778316
19.869999999999997,0,-0.0757281783229287
19.889999999999997,0,-0.0758032222067499
19.91,0,-0.0758782660293806
19.93,0,-0.0759533097909061
19.95,0,-0.0760283534914115
19.97,0,-0.076103397130982
19.99,0,-0.0761784407097026
20.009999999999998,0,-0.076253484227658
20.029999999999998,0,-0.076328527684933
20.049999999999997,0,-0.0764035710816123
20.069999999999997,0,-0.0764786144177803
20.09,0,-0.0765536576935214
20.11,0,-0.0766287009089199
20.13,0,-0.0767037440640598
20.15,0,-0.0767787871590253
20.169999999999998,0,-0.0768538301939002
20.189999999999998,0,-0.0769288731687683
20.209999999999997,0,-0.0770039160837133
20.229999999999997,0,-0.0770789589388187
20.25,0,-0.077154001734168
20.27,0,-0.0772290444698445
20.29,0,-0.0773040871459314
20.31,0,-0.0773791297625118
20.33,0,-0.0774541723196687
20.349999999999998,0,-0.0775292148174849
20.369999999999997,0,-0.0776042572560432
20.389999999999997,0,-0.0776792996354262
20.41,0,-0.0777543419557164
20.43,0,-0.0778293842169962
20.45,0,-0.0779044264193479
20.47,0,-0.0779794685628537
20.49,0,-0.0780545106475955
20.509999999999998,0,-0.0781295526736555
20.529999999999998,0,-0.0782045946411153
20.549999999999997,0,-0.0782796365500567
20.569999999999997,0,-0.0783546784005613
20.59,0,-0.0784297201927106
20.61,0,-0.0785047619265859
20.63,0,-0.0785798036022685
20.65,0,-0.0786548452198395
20.669999999999998,0,-0.07872988677938
20.689999999999998,0,-0.0788049282809709
20.709999999999997,0,-0.078879969724693
20.729999999999997,0,-0.0789550111106269
20.75,0,-0.0790300524388533
20.77,0,-0.0791050937094527
20.79,0,-0.0791801349225053
20.81,0,-0.0792551760780914
20.83,0,-0.0793302171762911
20.849999999999998,0,-0.0794052582171846
20.869999999999997,0,-0.0794802992008516
20.889999999999997,0,-0.0795553401273719
20.91,0,-0.0796303809968254
20.93,0,-0.0797054218092914
20.95,0,-0.0797804625648496
20.97,0,-0.0798555032635791
20.99,0,-0.0799305439055594
21.009999999999998,0,-0.0800055844908694
21.029999999999998,0,-0.0800806250195883
21.049999999999997,0,-0.0801556654917949
21.069999999999997,0,-0.080230705907568
21.09,0,-0.0803057462669864
21.11,0,-0.0803807865701286
21.13,0,-0.080455826817073
21.15,0,-0.0805308670078981
21.169999999999998,0,-0.0806059071426821
21.189999999999998,0,-0.0806809472215031
21.209999999999997,0,-0.0807559872444392
21.229999999999997,0,-0.0808310272115682
21.25,0,-0.0809060671229681
21.27,0,-0.0809811069787164
21.29,0,-0.0810561467788909
21.31,0,-0.081131186523569
21.33,0,-0.081206226212828
21.349999999999998,0,-0.0812812658467453
21.369999999999997,0,-0.0813563054253981
21.389999999999997,0,-0.0814313449488633
21.409999999999997,0,-0.0815063844172179
21.43,0,-0.0815814238305389
21.45,0,-0.0816564631889029
21.47,0,-0.0817315024923865
21.49,0,-0.0818065417410663
21.509999999999998,0,-0.0818815809350186
21.529999999999998,0,-0.0819566200743199
21.549999999999997,0,-0.0820316591590463
21.569999999999997,0,-0.0821066981892739
21.59,0,-0.0821817371650787
21.61,0,-0.0822567760865365
21.63,0,-0.0823318149537233
21.65,0,-0.0824068537667145
21.669999999999998,0,-0.0824818925255859
21.689999999999998,0,-0.0825569312304128
21.709999999999997,0,-0.0826319698812707
21.729999999999997,0,-0.0827070084782347
21.75,0,-0.0827820470213801
21.77,0,-0.0828570855107818
21.79,0,-0.0829321239465149
21.81,0,-0.0830071623286541
21.83,0,-0.0830822006572741
21.849999999999998,0,-0.0831572389324497
21.869999999999997,0,-0.0832322771542553
21.889999999999997,0,-0.0833073153227653
21.909999999999997,0,-0.0833823534380541
21.93,0,-0.0834573915001959
21.95,0,-0.0835324295092647
21.97,0,-0.0836074674653346
21.99,0,-0.0836825053684794
22.009999999999998,0,-0.0837575432187731
22.029999999999998,0,-0.0838325810162892
22.049999999999997,0,-0.0839076187611013
22.069999999999997,0,-0.083982656453283
22.09,0,-0.0840576940929077
22.11,0,-0.0841327316800486
22.13,0,-0.0842077692147788
22.15,0,-0.0842828066971716
22.169999999999998,0,-0.0843578441272998
22.189999999999998,0,-0.0844328815052363
22.209999999999997,0,-0.084507918831054
22.229999999999997,0,-0.0845829561048254
22.249999999999996,0,-0.0846579933266232
22.27,0,-0.0847330304965198
22.29,0,-0.0848080676145876
22.31,0,-0.0848831046808989
22.33,0,-0.0849581416955258
22.349999999999998,0,-0.0850331786585404
22.369999999999997,0,-0.0851082155700147
22.389999999999997,0,-0.0851832524300205
22.409999999999997,0,-0.0852582892386296
22.43,0,-0.0853333259959137
22.45,0,-0.0854083627019443
22.47,0,-0.0854833993567929
22.49,0,-0.0855584359605309
22.509999999999998,0,-0.0856334725132295
22.529999999999998,0,-0.0857085090149599
22.549999999999997,0,-0.0857835454657932
22.569999999999997,0,-0.0858585818658004
22.59,0,-0.0859336182150522
22.61,0,-0.0860086545136195
22.63,0,-0.086083690761573
22.65,0,-0.0861587269589832
22.669999999999998,0,-0.0862337631059206
22.689999999999998,0,-0.0863087992024556
22.709999999999997,0,-0.0863838352486585
22.729999999999997,0,-0.0864588712445994
22.749999999999996,0,-0.0865339071903484
22.77,0,-0.0866089430859756
22.79,0,-0.0866839789315508
22.81,0,-0.0867590147271437
22.83,0,-0.0868340504728242
22.849999999999998,0,-0.0869090861686618
22.869999999999997,0,-0.0869841218147259
22.889999999999997,0,-0.087059157411086
22.909999999999997,0,-0.0871341929578114
22.93,0,-0.0872092284549714
22.95,0,-0.0872842639026349
22.97,0,-0.0873592993008711
22.99,0,-0.0874343346497489
23.009999999999998,0,-0.087509369949337
23.029999999999998,0,-0.0875844051997042
23.049999999999997,0,-0.0876594404009192
23.069999999999997,0,-0.0877344755530504
23.089999999999996,0,-0.0878095106561664
23.11,0,-0.0878845457103354
23.13,0,-0.0879595807156258
23.15,0,-0.0880346156721056
23.169999999999998,0,-0.088109650579843
23.189999999999998,0,-0.0881846854389058
23.209999999999997,0,-0.088259720249362
23.229999999999997,0,-0.0883347550112794
23.249999999999996,0,-0.0884097897247256
23.27,0,-0.0884848243897682
23.29,0,-0.0885598590064747
23.31,0,-0.0886348935749125
23.33,0,-0.0887099280951489
23.349999999999998,0,-0.0887849625672511
23.369999999999997,0,-0.0888599969912863
23.389999999999997,0,-0.0889350313673214
23.409999999999997,0,-0.0890100656954234
23.43,0,-0.0890850999756591
23.45,0,-0.0891601342080953
23.47,0,-0.0892351683927986
23.49,0,-0.0893102025298356
23.509999999999998,0,-0.0893852366192728
23.529999999999998,0,-0.0894602706611764
23.549999999999997,0,-0.0895353046556129
23.569999999999997,0,-0.0896103386026483
23.589999999999996,0,-0.0896853725023488
23.61,0,-0.0897604063547804
23.63,0,-0.089835440160009
23.65,0,-0.0899104739181004
23.669999999999998,0,-0.0899855076291203
23.689999999999998,0,-0.0900605412931344
23.709999999999997,0,-0.0901355749102082
23.729999999999997,0,-0.0902106084804071
23.749999999999996,0,-0.0902856420037966
23.77,0,-0.0903606754804419
23.79,0,-0.0904357089104082
23.81,0,-0.0905107422937605
23.83,0,-0.0905857756305639
23.849999999999998,0,-0.0906608089208833
23.869999999999997,0,-0.0907358421647834
23.889999999999997,0,-0.090810875362329
23.909999999999997,0,-0.0908859085135848
23.929999999999996,0,-0.0909609416186153
23.95,0,-0.091035974677485
23.97,0,-0.0911110076902581
23.99,0,-0.0911860406569991
24.009999999999998,0,-0.091261073577772
24.029999999999998,0,-0.091336106452641
24.049999999999997,0,-0.09141113928167
24.069999999999997,0,-0.0914861720649231
24.089999999999996,0,-0.091561204802464
24.11,0,-0.0916362374943565
24.13,0,-0.0917112701406641
24.15,0,-0.0917863027414506
24.169999999999998,0,-0.0918613352967793
24.189999999999998,0,-0.0919363678067136
24.209999999999997,0,-0.0920114002713169
24.229999999999997,0,-0.0920864326906523
24.249999999999996,0,-0.092161465064783
24.27,0,-0.092236497393772
24.29,0,-0.0923115296776822
24.31,0,-0.0923865619165765
24.33,0,-0.0924615941105177
24.349999999999998,0,-0.0925366262595684
24.369999999999997,0,-0.0926116583637913
24.389999999999997,0,-0.0926866904232488
24.409999999999997,0,-0.0927617224380034
24.429999999999996,0,-0.0928367544081173
24.45,0,-0.092911786333653
24.47,0,-0.0929868182146724
24.49,0,-0.0930618500512378
24.509999999999998,0,-0.0931368818434109
24.529999999999998,0,-0.0932119135912539
24.549999999999997,0,-0.0932869452948284
24.569999999999997,0,-0.0933619769541962
24.589999999999996,0,-0.093437008569419
24.61,0,-0.0935120401405583
24.63,0,-0.0935870716676755
24.65,0,-0.0936621031508321
24.669999999999998,0,-0.0937371345900893
24.689999999999998,0,-0.0938121659855084
24.709999999999997,0,-0.0938871973371505
24.729999999999997,0,-0.0939622286450766
24.749999999999996,0,-0.0940372599093477
24.769999999999996,0,-0.0941122911300247
24.79,0,-0.0941873223071683
24.81,0,-0.0942623534408392
24.83,0,-0.0943373845310981
24.849999999999998,0,-0.0944124155780056
24.869999999999997,0,-0.0944874465816219
24.889999999999997,0,-0.0945624775420076
24.909999999999997,0,-0.0946375084592228
24.929999999999996,0,-0.0947125393333278
24.95,0,-0.0947875701643828
24.97,0,-0.0948626009524476
24.99,0,-0.0949376316975823
25.009999999999998,0,-0.0950126623998468
25.029999999999998,0,-0.0950876930593007
25.049999999999997,0,-0.0951627236760039
25.069999999999997,0,-0.0952377542500158
25.089999999999996,0,-0.0953127847813961
25.11,0,-0.0953878152702042
25.13,0,-0.0954628457164994
25.15,0,-0.0955378761203411
25.169999999999998,0,-0.0956129064817883
25.189999999999998,0,-0.0956879368009003
25.209999999999997,0,-0.0957629670777361
25.229999999999997,0,-0.0958379973123546
25.249999999999996,0,-0.0959130275048146
25.269999999999996,0,-0.0959880576551751
25.29,0,-0.0960630877634946
25.31,0,-0.0961381178298317
25.33,0,-0.0962131478542451
25.349999999999998,0,-0.0962881778367932
25.369999999999997,0,-0.0963632077775344
25.389999999999997,0,-0.0964382376765269
25.409999999999997,0,-0.0965132675338289
25.429999999999996,0,-0.0965882973494987
25.45,0,-0.0966633271235943
25.47,0,-0.0967383568561735
25.49,0,-0.0968133865472944
25.509999999999998,0,-0.0968884161970146
25.529999999999998,0,-0.0969634458053921
25.549999999999997,0,-0.0970384753724843
25.569999999999997,0,-0.0971135048983489
25.589999999999996,0,-0.0971885343830433
25.609999999999996,0,-0.097263563826625
25.63,0,-0.0973385932291513
25.65,0,-0.0974136225906794
25.669999999999998,0,-0.0974886519112665
25.689999999999998,0,-0.0975636811909697
25.709999999999997,0,-0.0976387104298459
25.729999999999997,0,-0.0977137396279522
25.749999999999996,0,-0.0977887687853454
25.769999999999996,0,-0.0978637979020822
25.79,0,-0.0979388269782193
25.81,0,-0.0980138560138134
25.83,0,-0.0980888850089209
25.849999999999998,0,-0.0981639139635983
25.869999999999997,0,-0.0982389428779021
25.889999999999997,0,-0.0983139717518884
25.909999999999997,0,-0.0983890005856136
25.929999999999996,0,-0.0984640293791337
25.95,0,-0.0985390581325049
25.97,0,-0.098614086845783
25.99,0,-0.098689115519024
26.009999999999998,0,-0.0987641441522837
26.029999999999998,0,-0.098839172745618
26.049999999999997,0,-0.0989142012990823
26.069999999999997,0,-0.0989892298127324
26.089999999999996,0,-0.0990642582866238
26.109999999999996,0,-0.0991392867208119
26.13,0,-0.099214315115352
26.15,0,-0.0992893434702995
26.169999999999998,0,-0.0993643717857095
26.189999999999998,0,-0.0994394000616372
26.209999999999997,0,-0.0995144282981376
26.229999999999997,0,-0.0995894564952657
26.249999999999996,0,-0.0996644846530764
26.269999999999996,0,-0.0997395127716246
26.29,0,-0.0998145408509649
26.31,0,-0.0998895688911521
26.33,0,-0.0999645968922407
26.349999999999998,0,-0.100039624854285
26.369999999999997,0,-0.10011465277734
26.389999999999997,0,-0.10018968066146
26.409999999999997,0,-0.100264708506699
26.429999999999996,0,-0.100339736313111
26.45,0,-0.10041476408075
26.47,0,-0.100489791809671
26.49,0,-0.100564819499928
26.509999999999998,0,-0.100639847151574
26.529999999999998,0,-0.100714874764663
26.549999999999997,0,-0.100789902339249
26.569999999999997,0,-0.100864929875385
26.589999999999996,0,-0.100939957373126
26.609999999999996,0,-0.101014984832525
26.63,0,-0.101090012253635
26.65,0,-0.10116503963651
26.669999999999998,0,-0.101240066981203
26.689999999999998,0,-0.101315094287767
26.709999999999997,0,-0.101390121556255
26.729999999999997,0,-0.101465148786721
26.749999999999996,0,-0.101540175979217
26.769999999999996,0,-0.101615203133797
26.79,0,-0.101690230250513
26.81,0,-0.101765257329418
26.83,0,-0.101840284370565
26.849999999999998,0,-0.101915311374006
26.869999999999997,0,-0.101990338339795
26.889999999999997,0,-0.102065365267983
26.909999999999997,0,-0.102140392158623
26.929999999999996,0,-0.102215419011767
26.949999999999996,0,-0.102290445827468
26.97,0,-0.102365472605778
26.99,0,-0.102440499346749
27.009999999999998,0,-0.102515526050433
27.029999999999998,0,-0.102590552716882
27.049999999999997,0,-0.102665579346148
27.069999999999997,0,-0.102740605938282
27.089999999999996,0,-0.102815632493338
27.109999999999996,0,-0.102890659011365
27.13,0,-0.102965685492416
27.15,0,-0.103040711936543
27.169999999999998,0,-0.103115738343797
27.189999999999998,0,-0.103190764714229
27.209999999999997,0,-0.103265791047891
27.229999999999997,0,-0.103340817344834
27.249999999999996,0,-0.103415843605109
27.269999999999996,0,-0.103490869828767
27.29,0,-0.10356589601586
27.31,0,-0.103640922166438
27.33,0,-0.103715948280552
27.349999999999998,0,-0.103790974358254
27.369999999999997,0,-0.103866000399593
27.389999999999997,0,-0.103941026404621
27.409999999999997,0,-0.104016052373388
27.429999999999996,0,-0.104091078305945
27.449999999999996,0,-0.104166104202342
27.47,0,-0.10424113006263
27.49,0,-0.104316155886859
27.509999999999998,0,-0.104391181675079
27.529999999999998,0,-0.104466207427341
27.549999999999997,0,-0.104541233143695
27.569999999999997,0,-0.10461625882419
27.589999999999996,0,-0.104691284468877
27.609999999999996,0,-0.104766310077805
27.63,0,-0.104841335651025
27.65,0,-0.104916361188587
27.669999999999998,0,-0.104991386690539
27.689999999999998,0,-0.105066412156932
27.709999999999997,0,-0.105141437587816
27.729999999999997,0,-0.105216462983239
27.749999999999996,0,-0.105291488343252
27.769999999999996,0,-0.105366513667903
27.789999999999996,0,-0.105441538957242
27.81,0,-0.105516564211318
27.83,0,-0.10559158943018
27.849999999999998,0,-0.105666614613878
27.869999999999997,0,-0.105741639762461
27.889999999999997,0,-0.105816664875977
27.909999999999997,0,-0.105891689954475
27.929999999999996,0,-0.105966714998004
27.949999999999996,0,-0.106041740006613
27.97,0,-0.106116764980351
27.99,0,-0.106191789919266
28.009999999999998,0,-0.106266814823407
28.029999999999998,0,-0.106341839692822
28.049999999999997,0,-0.10641686452756
28.069999999999997,0,-0.106491889327668
28.089999999999996,0,-0.106566914093196
28.109999999999996,0,-0.106641938824192
28.13,0,-0.106716963520704
28.15,0,-0.106791988182779
28.169999999999998,0,-0.106867012810466
28.189999999999998,0,-0.106942037403812
28.209999999999997,0,-0.107017061962867
28.229999999999997,0,-0.107092086487676
28.249999999999996,0,-0.107167110978289
28.269999999999996,0,-0.107242135434753
28.289999999999996,0,-0.107317159857116
28.31,0,-0.107392184245424
28.33,0,-0.107467208599726
28.349999999999998,0,-0.107542232920069
28.369999999999997,0,-0.1076172572065
28.389999999999997,0,-0.107692281459067
28.409999999999997,0,-0.107767305677816
28.429999999999996,0,-0.107842329862796
28.449999999999996,0,-0.107917354014053
28.47,0,-0.107992378131633
28.49,0,-0.108067402215585
28.509999999999998,0,-0.108142426265955
28.529999999999998,0,-0.108217450282789
28.549999999999997,0,-0.108292474266135
28.569999999999997,0,-0.108367498216039
28.589999999999996,0,-0.108442522132548
28.609999999999996,0,-0.108517546015708
28.629999999999995,0,-0.108592569865567
28.65,0,-0.108667593682169
28.669999999999998,0,-0.108742617465562
28.689999999999998,0,-0.108817641215793
28.709999999999997,0,-0.108892664932906
28.729999999999997,0,-0.108967688616949
28.749999999999996,0,-0.109042712267968
28.769999999999996,0,-0.109117735886008
28.789999999999996,0,-0.109192759471115
28.81,0,-0.109267783023337
28.83,0,-0.109342806542717
28.849999999999998,0,-0.109417830029303
28.869999999999997,0,-0.109492853483139
28.889999999999997,0,-0.109567876904272
28.909999999999997,0,-0.109642900292748
28.929999999999996,0,-0.10971792364861
28.949999999999996,0,-0.109792946971907
28.97,0,-0.109867970262681
28.99,0,-0.10994299352098
29.009999999999998,0,-0.110018016746847
29.029999999999998,0,-0.110093039940329
29.049999999999997,0,-0.110168063101471
29.069999999999997,0,-0.110243086230317
29.089999999999996,0,-0.110318109326914
29.109999999999996,0,-0.110393132391304
29.129999999999995,0,-0.110468155423535
29.15,0,-0.110543178423649
29.169999999999998,0,-0.110618201391693
29.189999999999998,0,-0.110693224327711
29.209999999999997,0,-0.110768247231747
29.229999999999997,0,-0.110843270103847
29.249999999999996,0,-0.110918292944054
29.269999999999996,0,-0.110993315752414
29.289999999999996,0,-0.11106833852897
29.31,0,-0.111143361273766
29.33,0,-0.111218383986849
29.349999999999998,0,-0.11129340666826
29.369999999999997,0,-0.111368429318045
29.389999999999997,0,-0.111443451936248
29.409999999999997,0,-0.111518474522913
29.429999999999996,0,-0.111593497078083
29.449999999999996,0,-0.111668519601803
29.469999999999995,0,-0.111743542094116
29.49,0,-0.111818564555067
29.509999999999998,0,-0.111893586984698
29.529999999999998,0,-0.111968609383055
29.549999999999997,0,-0.112043631750179
29.569999999999997,0,-0.112118654086116
29.589999999999996,0,-0.112193676390907
29.609999999999996,0,-0.112268698664598
29.629999999999995,0,-0.11234372090723
29.65,0,-0.112418743118848
29.669999999999998,0,-0.112493765299495
29.689999999999998,0,-0.112568787449213
29.709999999999997,0,-0.112643809568046
29.729999999999997,0,-0.112718831656038
29.749999999999996,0,-0.11279385371323
29.769999999999996,0,-0.112868875739667
29.789999999999996,0,-0.11294389773539
29.81,0,-0.113018919700443
29.83,0,-0.113093941634869
29.849999999999998,0,-0.113168963538709
29.869999999999997,0,-0.113243985412008
29.889999999999997,0,-0.113319007254807
29.909999999999997,0,-0.113394029067148
29.929999999999996,0,-0.113469050849076
29.949999999999996,0,-0.113544072600631
29.969999999999995,0,-0.113619094321856
29.99,0,-0.113694116012793
30.009999999999998,0,-0.113769137673486
30.029999999999998,0,-0.113844159303975
30.049999999999997,0,-0.113919180904303
30.069999999999997,0,-0.113994202474512
30.089999999999996,0,-0.114069224014644
30.109999999999996,0,-0.114144245524741
30.129999999999995,0,-0.114219267004845
30.15,0,-0.114294288454998
30.169999999999998,0,-0.114369309875241
30.189999999999998,0,-0.114444331265616
30.209999999999997,0,-0.114519352626165
30.229999999999997,0,-0.11459437395693
30.249999999999996,0,-0.114669395257951
30.269999999999996,0,-0.11474441652927
30.289999999999996,0,-0.11481943777093
30.309999999999995,0,-0.11489445898297
30.33,0,-0.114969480165433
30.349999999999998,0,-0.11504450131836
30.369999999999997,0,-0.115119522441792
30.389999999999997,0,-0.115194543535769
30.409999999999997,0,-0.115269564600334
30.429999999999996,0,-0.115344585635526
30.449999999999996,0,-0.115419606641388
30.469999999999995,0,-0.11549462761796
30.49,0,-0.115569648565282
30.509999999999998,0,-0.115644669483396
30.529999999999998,0,-0.115719690372342
30.549999999999997,0,-0.115794711232162
30.569999999999997,0,-0.115869732062895
30.589999999999996,0,-0.115944752864581
30.609999999999996,0,-0.116019773637263
30.629999999999995,0,-0.11609479438098
30.65,0,-0.116169815095772
30.669999999999998,0,-0.11624483578168
30.689999999999998,0,-0.116319856438744
30.709999999999997,0,-0.116394877067004
30.729999999999997,0,-0.116469897666501
30.749999999999996,0,-0.116544918237274
30.769999999999996,0,-0.116619938779364
30.789999999999996,0,-0.11669495929281
30.809999999999995,0,-0.116769979777653
30.83,0,-0.116845000233933
30.849999999999998,0,-0.116920020661689
30.869999999999997,0,-0.11699504106096
30.889999999999997,0,-0.117070061431788
30.909999999999997,0,-0.117145081774211
30.929999999999996,0,-0.117220102088269
30.949999999999996,0,-0.117295122374001
30.969999999999995,0,-0.117370142631448
30.99,0,-0.117445162860648
31.009999999999998,0,-0.117520183061641
31.029999999999998,0,-0.117595203234466
31.049999999999997,0,-0.117670223379163
31.069999999999997,0,-0.11774524349577
31.089999999999996,0,-0.117820263584328
31.109999999999996,0,-0.117895283644874
31.129999999999995,0,-0.117970303677449
31.15,0,-0.11804532368209
31.169999999999998,0,-0.118120343658837
31.189999999999998,0,-0.11819536360773
31.209999999999997,0,-0.118270383528806
31.229999999999997,0,-0.118345403422105
31.249999999999996,0,-0.118420423287664
31.269999999999996,0,-0.118495443125524
31.289999999999996,0,-0.118570462935723
31.309999999999995,0,-0.118645482718298
31.33,0,-0.11872050247329
31.349999999999998,0,-0.118795522200735
31.369999999999997,0,-0.118870541900673
31.389999999999997,0,-0.118945561573142
31.409999999999997,0,-0.119020581218179
31.429999999999996,0,-0.119095600835825
31.449999999999996,0,-0.119170620426116
31.469999999999995,0,-0.119245639989091
31.49,0,-0.119320659524787
31.509999999999998,0,-0.119395679033244
31.529999999999998,0,-0.119470698514498
31.549999999999997,0,-0.119545717968588
31.569999999999997,0,-0.119620737395552
31.589999999999996,0,-0.119695756795428
31.609999999999996,0,-0.119770776168253
31.629999999999995,0,-0.119845795514064
31.649999999999995,0,-0.119920814832901
31.669999999999998,0,-0.119995834124799
31.689999999999998,0,-0.120070853389798
31.709999999999997,0,-0.120145872627934
31.729999999999997,0,-0.120220891839244
31.749999999999996,0,-0.120295911023767
31.769999999999996,0,-0.12037093018154
31.789999999999996,0,-0.120445949312599
31.809999999999995,0,-0.120520968416982
31.83,0,-0.120595987494727
31.849999999999998,0,-0.12067100654587
31.869999999999997,0,-0.120746025570449
31.889999999999997,0,-0.1208210445685
31.909999999999997,0,-0.120896063540061
31.929999999999996,0,-0.120971082485169
31.949999999999996,0,-0.12104610140386
31.969999999999995,0,-0.121121120296171
31.99,0,-0.121196139162139
32.01,0,-0.121271158001801
32.029999999999994,0,-0.121346176815193
32.04999999999999,0,-0.121421195602352
32.06999999999999,0,-0.121496214363315
32.089999999999996,0,-0.121571233098118
32.10999999999999,0,-0.121646251806798
32.129999999999995,0,-0.121721270489391
32.14999999999999,0,-0.121796289145933
32.169999999999995,0,-0.121871307776461
32.18999999999999,0,-0.121946326381011
32.209999999999994,0,-0.12202134495962
32.22999999999999,0,-0.122096363512322
32.24999999999999,0,-0.122171382039156
32.269999999999996,0,-0.122246400540156
32.28999999999999,0,-0.122321419015358
32.309999999999995,0,-0.1223964374648
32.32999999999999,0,-0.122471455888515
32.349999999999994,0,-0.122546474286542
32.36999999999999,0,-0.122621492658914
32.38999999999999,0,-0.122696511005669
32.41,0,-0.122771529326841
32.42999999999999,0,-0.122846547622466
32.449999999999996,0,-0.122921565892581
32.46999999999999,0,-0.12299658413722
32.489999999999995,0,-0.12307160235642
32.50999999999999,0,-0.123146620550215
32.529999999999994,0,-0.123221638718641
32.54999999999999,0,-0.123296656861733
32.56999999999999,0,-0.123371674979527
32.589999999999996,0,-0.123446693072058
32.60999999999999,0,-0.123521711139361
32.629999999999995,0,-0.123596729181472
32.64999999999999,0,-0.123671747198425
32.669999999999995,0,-0.123746765190256
32.68999999999999,0,-0.123821783156999
32.709999999999994,0,-0.12389680109869
32.72999999999999,0,-0.123971819015364
32.74999999999999,0,-0.124046836907055
32.769999999999996,0,-0.124121854773798
32.78999999999999,0,-0.124196872615628
32.809999999999995,0,-0.12427189043258
32.82999999999999,0,-0.124346908224689
32.849999999999994,0,-0.124421925991988
32.86999999999999,0,-0.124496943734514
32.88999999999999,0,-0.124571961452299
32.90999999999999,0,-0.124646979145379
32.92999999999999,0,-0.124721996813789
32.949999999999996,0,-0.124797014457562
32.96999999999999,0,-0.124872032076733
32.989999999999995,0,-0.124947049671337
33.00999999999999,0,-0.125022067241406
33.029999999999994,0,-0.125097084786977
33.04999999999999,0,-0.125172102308082
33.06999999999999,0,-0.125247119804757
33.089999999999996,0,-0.125322137277034
33.10999999999999,0,-0.125397154724949
33.129999999999995,0,-0.125472172148535
33.14999999999999,0,-0.125547189547825
33.169999999999995,0,-0.125622206922855
33.18999999999999,0,-0.125697224273657
33.209999999999994,0,-0.125772241600265
33.22999999999999,0,-0.125847258902714
33.24999999999999,0,-0.125922276181037
33.269999999999996,0,-0.125997293435267
33.28999999999999,0,-0.126072310665438
33.309999999999995,0,-0.126147327871584
33.32999999999999,0,-0.126222345053738
33.349999999999994,0,-0.126297362211934
33.36999999999999,0,-0.126372379346205
33.38999999999999,0,-0.126447396456584
33.40999999999999,0,-0.126522413543105
33.42999999999999,0,-0.126597430605801
33.449999999999996,0,-0.126672447644705
33.46999999999999,0,-0.12674746465985
33.489999999999995,0,-0.12682248165127
33.50999999999999,0,-0.126897498618998
33.529999999999994,0,-0.126972515563066
33.54999999999999,0,-0.127047532483508
33.56999999999999,0,-0.127122549380356
33.589999999999996,0,-0.127197566253644
33.60999999999999,0,-0.127272583103404
33.629999999999995,0,-0.127347599929669
33.64999999999999,0,-0.127422616732472
33.669999999999995,0,-0.127497633511845
33.68999999999999,0,-0.127572650267822
33.709999999999994,0,-0.127647667000435
33.72999999999999,0,-0.127722683709716
33.74999999999999,0,-0.127797700395698
33.769999999999996,0,-0.127872717058413
33.78999999999999,0,-0.127947733697895
33.809999999999995,0,-0.128022750314174
33.82999999999999,0,-0.128097766907285
33.849999999999994,0,-0.128172783477258
33.86999999999999,0,-0.128247800024127
33.88999999999999,0,-0.128322816547923
33.90999999999999,0,-0.128397833048679
33.92999999999999,0,-0.128472849526426
33.949999999999996,0,-0.128547865981197
33.96999999999999,0,-0.128622882413025
33.989999999999995,0,-0.12869789882194
34.00999999999999,0,-0.128772915207974
34.029999999999994,0,-0.128847931571161
34.04999999999999,0,-0.128922947911531
34.06999999999999,0,-0.128997964229116
34.089999999999996,0,-0.129072980523949
34.10999999999999,0,-0.129147996796061
34.129999999999995,0,-0.129223013045483
34.14999999999999,0,-0.129298029272247
34.169999999999995,0,-0.129373045476385
34.18999999999999,0,-0.129448061657928
34.209999999999994,0,-0.129523077816909
34.22999999999999,0,-0.129598093953357
34.24999999999999,0,-0.129673110067305
34.269999999999996,0,-0.129748126158785
34.28999999999999,0,-0.129823142227827
34.309999999999995,0,-0.129898158274462
34.32999999999999,0,-0.129973174298723
34.349999999999994,0,-0.130048190300639
34.36999999999999,0,-0.130123206280243
34.38999999999999,0,-0.130198222237566
34.40999999999999,0,-0.130273238172637
34.42999999999999,0,-0.13034825408549
34.449999999999996,0,-0.130423269976154
34.46999999999999,0,-0.13049828584466
34.489999999999995,0,-0.13057330169104
34.50999999999999,0,-0.130648317515324
34.529999999999994,0,-0.130723333317543
34.54999999999999,0,-0.130798349097727
34.56999999999999,0,-0.130873364855908
34.58999999999999,0,-0.130948380592117
34.60999999999999,0,-0.131023396306383
34.629999999999995,0,-0.131098411998737
34.64999999999999,0,-0.131173427669211
34.669999999999995,0,-0.131248443317834
34.68999999999999,0,-0.131323458944637
34.709999999999994,0,-0.13139847454965
34.72999999999999,0,-0.131473490132904
34.74999999999999,0,-0.131548505694429
34.769999999999996,0,-0.131623521234256
34.78999999999999,0,-0.131698536752414
34.809999999999995,0,-0.131773552248934
34.82999999999999,0,-0.131848567723846
34.849999999999994,0,-0.13192358317718
34.86999999999999,0,-0.131998598608966
34.88999999999999,0,-0.132073614019235
34.90999999999999,0,-0.132148629408016
34.92999999999999,0,-0.132223644775339
34.949999999999996,0,-0.132298660121235
34.96999999999999,0,-0.132373675445732
34.989999999999995,0,-0.132448690748862
35.00999999999999,0,-0.132523706030653
35.029999999999994,0,-0.132598721291135
35.04999999999999,0,-0.132673736530339
35.06999999999999,0,-0.132748751748293
35.08999999999999,0,-0.132823766945028
35.10999999999999,0,-0.132898782120573
35.129999999999995,0,-0.132973797274958
35.14999999999999,0,-0.133048812408212
35.169999999999995,0,-0.133123827520364
35.18999999999999,0,-0.133198842611444
35.209999999999994,0,-0.133273857681482
35.22999999999999,0,-0.133348872730506
35.24999999999999,0,-0.133423887758546
35.269999999999996,0,-0.133498902765632
35.28999999999999,0,-0.133573917751792
35.309999999999995,0,-0.133648932717055
35.32999999999999,0,-0.133723947661452
35.349999999999994,0,-0.13379896258501
35.36999999999999,0,-0.133873977487759
35.38999999999999,0,-0.133948992369729
35.40999999999999,0,-0.134024007230947
35.42999999999999,0,-0.134099022071443
35.449999999999996,0,-0.134174036891246
35.46999999999999,0,-0.134249051690385
35.489999999999995,0,-0.134324066468887
35.50999999999999,0,-0.134399081226784
35.529999999999994,0,-0.134474095964102
35.54999999999999,0,-0.13454911068087
35.56999999999999,0,-0.134624125377119
35.58999999999999,0,-0.134699140052874
35.60999999999999,0,-0.134774154708167
35.629999999999995,0,-0.134849169343024
35.64999999999999,0,-0.134924183957475
35.669999999999995,0,-0.134999198551548
35.68999999999999,0,-0.135074213125272
35.709999999999994,0,-0.135149227678674
35.72999999999999,0,-0.135224242211783
35.74999999999999,0,-0.135299256724627
35.769999999999996,0,-0.135374271217235
35.78999999999999,0,-0.135449285689635
35.809999999999995,0,-0.135524300141856
35.82999999999999,0,-0.135599314573924
35.849999999999994,0,-0.135674328985868
35.86999999999999,0,-0.135749343377717
35.88999999999999,0,-0.135824357749498
35.90999999999999,0,-0.13589937210124
35.92999999999999,0,-0.13597438643297
35.949999999999996,0,-0.136049400744716
35.96999999999999,0,-0.136124415036506
35.989999999999995,0,-0.136199429308368
36.00999999999999,0,-0.136274443560329
36.029999999999994,0,-0.136349457792418
36.04999999999999,0,-0.136424472004662
36.06999999999999,0,-0.136499486197089
36.08999999999999,0,-0.136574500369726
36.10999999999999,0,-0.136649514522602
36.129999999999995,0,-0.136724528655743
36.14999999999999,0,-0.136799542769177
36.169999999999995,0,-0.136874556862931
36.18999999999999,0,-0.136949570937034
36.209999999999994,0,-0.137024584991512
36.22999999999999,0,-0.137099599026393
36.24999999999999,0,-0.137174613041704
36.269999999999996,0,-0.137249627037472
36.28999999999999,0,-0.137324641013725
36.309999999999995,0,-0.137399654970489
36.32999999999999,0,-0.137474668907793
36.349999999999994,0,-0.137549682825663
36.36999999999999,0,-0.137624696724126
36.38999999999999,0,-0.13769971060321
36.40999999999999,0,-0.137774724462941
36.42999999999999,0,-0.137849738303346
36.449999999999996,0,-0.137924752124452
36.46999999999999,0,-0.137999765926287
36.489999999999995,0,-0.138074779708877
36.50999999999999,0,-0.138149793472248
36.529999999999994,0,-0.138224807216429
36.54999999999999,0,-0.138299820941444
36.56999999999999,0,-0.138374834647322
36.58999999999999,0,-0.138449848334089
36.60999999999999,0,-0.138524862001771
36.629999999999995,0,-0.138599875650396
36.64999999999999,0,-0.138674889279989
36.669999999999995,0,-0.138749902890577
36.68999999999999,0,-0.138824916482187
36.709999999999994,0,-0.138899930054845
36.72999999999999,0,-0.138974943608578
36.74999999999999,0,-0.139049957143412
36.76999999999999,0,-0.139124970659373
36.78999999999999,0,-0.139199984156488
36.809999999999995,0,-0.139274997634783
36.82999999999999,0,-0.139350011094284
36.849999999999994,0,-0.139425024535017
36.86999999999999,0,-0.139500037957009
36.88999999999999,0,-0.139575051360286
36.90999999999999,0,-0.139650064744873
36.92999999999999,0,-0.139725078110797
36.949999999999996,0,-0.139800091458084
36.96999999999999,0,-0.139875104786761
36.989999999999995,0,-0.139950118096851
37.00999999999999,0,-0.140025131388383
37.029999999999994,0,-0.140100144661381
37.04999999999999,0,-0.140175157915872
37.06999999999999,0,-0.140250171151881
37.08999999999999,0,-0.140325184369434
37.10999999999999,0,-0.140400197568556
37.129999999999995,0,-0.140475210749275
37.14999999999999,0,-0.140550223911614
37.169999999999995,0,-0.1406252370556
37.18999999999999,0,-0.140700250181258
37.209999999999994,0,-0.140775263288615
37.22999999999999,0,-0.140850276377694
37.24999999999999,0,-0.140925289448523
37.26999999999999,0,-0.141000302501126
37.28999999999999,0,-0.141075315535529
37.309999999999995,0,-0.141150328551756
37.32999999999999,0,-0.141225341549835
37.349999999999994,0,-0.141300354529789
37.36999999999999,0,-0.141375367491644
37.38999999999999,0,-0.141450380435426
37.40999999999999,0,-0.141525393361159
37.42999999999999,0,-0.141600406268869
37.449999999999996,0,-0.14167541915858
37.46999999999999,0,-0.141750432030318
37.489999999999995,0,-0.141825444884109
37.50999999999999,0,-0.141900457719976
37.529999999999994,0,-0.141975470537945
37.54999999999999,0,-0.142050483338042
37.56999999999999,0,-0.14212549612029
37.58999999999999,0,-0.142200508884715
37.60999999999999,0,-0.142275521631341
37.629999999999995,0,-0.142350534360194
37.64999999999999,0,-0.142425547071298
37.669999999999995,0,-0.142500559764678
37.68999999999999,0,-0.142575572440359
37.709999999999994,0,-0.142650585098365
37.72999999999999,0,-0.142725597738721
37.74999999999999,0,-0.142800610361451
37.76999999999999,0,-0.142875622966581
37.78999999999999,0,-0.142950635554135
37.809999999999995,0,-0.143025648124136
37.82999999999999,0,-0.143100660676611
37.849999999999994,0,-0.143175673211582
37.86999999999999,0,-0.143250685729075
37.88999999999999,0,-0.143325698229114
37.90999999999999,0,-0.143400710711723
37.92999999999999,0,-0.143475723176927
37.949999999999996,0,-0.14355073562475
37.96999999999999,0,-0.143625748055215
37.989999999999995,0,-0.143700760468348
38.00999999999999,0,-0.143775772864173
38.029999999999994,0,-0.143850785242712
38.04999999999999,0,-0.143925797603992
38.06999999999999,0,-0.144000809948035
38.08999999999999,0,-0.144075822274866
38.10999999999999,0,-0.144150834584509
38.129999999999995,0,-0.144225846876988
38.14999999999999,0,-0.144300859152326
38.169999999999995,0,-0.144375871410548
38.18999999999999,0,-0.144450883651677
38.209999999999994,0,-0.144525895875737
38.22999999999999,0,-0.144600908082753
38.24999999999999,0,-0.144675920272747
38.26999999999999,0,-0.144750932445744
38.28999999999999,0,-0.144825944601767
38.309999999999995,0,-0.144900956740841
38.32999999999999,0,-0.144975968862987
38.349999999999994,0,-0.145050980968231
38.36999999999999,0,-0.145125993056596
38.38999999999999,0,-0.145201005128105
38.40999999999999,0,-0.145276017182781
38.42999999999999,0,-0.145351029220649
38.44999999999999,0,-0.145426041241732
38.46999999999999,0,-0.145501053246053
38.489999999999995,0,-0.145576065233635
38.50999999999999,0,-0.145651077204502
38.529999999999994,0,-0.145726089158677
38.54999999999999,0,-0.145801101096183
38.56999999999999,0,-0.145876113017045
38.58999999999999,0,-0.145951124921283
38.60999999999999,0,-0.146026136808923
38.629999999999995,0,-0.146101148679988
38.64999999999999,0,-0.146176160534499
38.669999999999995,0,-0.146251172372481
38.68999999999999,0,-0.146326184193956
38.709999999999994,0,-0.146401195998948
38.72999999999999,0,-0.146476207787479
38.74999999999999,0,-0.146551219559572
38.76999999999999,0,-0.146626231315251
38.78999999999999,0,-0.146701243054537
38.809999999999995,0,-0.146776254777455
38.82999999999999,0,-0.146851266484027
38.849999999999994,0,-0.146926278174275
38.86999999999999,0,-0.147001289848223
38.88999999999999,0,-0.147076301505893
38.90999999999999,0,-0.147151313147307
38.92999999999999,0,-0.14722632477249
38.94999999999999,0,-0.147301336381462
38.96999999999999,0,-0.147376347974247
38.989999999999995,0,-0.147451359550867
39.00999999999999,0,-0.147526371111345
39.029999999999994,0,-0.147601382655704
39.04999999999999,0,-0.147676394183965
39.06999999999999,0,-0.147751405696152
39.08999999999999,0,-0.147826417192286
39.10999999999999,0,-0.147901428672391
39.129999999999995,0,-0.147976440136487
39.14999999999999,0,-0.148051451584599
39.169999999999995,0,-0.148126463016747
39.18999999999999,0,-0.148201474432955
39.209999999999994,0,-0.148276485833245
39.22999999999999,0,-0.148351497217638
39.24999999999999,0,-0.148426508586157
39.26999999999999,0,-0.148501519938824
39.28999999999999,0,-0.148576531275661
39.309999999999995,0,-0.14865154259669
39.32999999999999,0,-0.148726553901933
39.349999999999994,0,-0.148801565191413
39.36999999999999,0,-0.148876576465151
39.38999999999999,0,-0.148951587723169
39.40999999999999,0,-0.14902659896549
39.42999999999999,0,-0.149101610192134
39.44999999999999,0,-0.149176621403124
39.46999999999999,0,-0.149251632598482
39.489999999999995,0,-0.149326643778229
39.50999999999999,0,-0.149401654942387
39.529999999999994,0,-0.149476666090979
39.54999999999999,0,-0.149551677224025
39.56999999999999,0,-0.149626688341547
39.58999999999999,0,-0.149701699443567
39.60999999999999,0,-0.149776710530107
39.629999999999995,0,-0.149851721601189
39.64999999999999,0,-0.149926732656833
39.669999999999995,0,-0.150001743697061
39.68999999999999,0,-0.150076754721895
39.709999999999994,0,-0.150151765731356
39.72999999999999,0,-0.150226776725466
39.74999999999999,0,-0.150301787704246
39.76999999999999,0,-0.150376798667717
39.78999999999999,0,-0.150451809615902
39.809999999999995,0,-0.15052682054882
39.82999999999999,0,-0.150601831466494
39.849999999999994,0,-0.150676842368944
39.86999999999999,0,-0.150751853256193
39.88999999999999,0,-0.15082686412826
39.90999999999999,0,-0.150901874985168
39.92999999999999,0,-0.150976885826937
39.94999999999999,0,-0.151051896653588
39.96999999999999,0,-0.151126907465143
39.989999999999995,0,-0.151201918261623
40.00999999999999,0,-0.151276929043049
40.029999999999994,0,-0.151351939809441
40.04999999999999,0,-0.15142695056082
40.06999999999999,0,-0.151501961297209
40.08999999999999,0,-0.151576972018626
40.10999999999999,0,-0.151651982725094
40.12999999999999,0,-0.151726993416633
40.14999999999999,0,-0.151802004093264
40.169999999999995,0,-0.151877014755008
40.18999999999999,0,-0.151952025401886
40.209999999999994,0,-0.152027036033917
40.22999999999999,0,-0.152102046651124
40.24999999999999,0,-0.152177057253526
40.26999999999999,0,-0.152252067841144
40.28999999999999,0,-0.152327078414
40.309999999999995,0,-0.152402088972113
40.32999999999999,0,-0.152477099515503
40.349999999999994,0,-0.152552110044193
40.36999999999999,0,-0.152627120558201
40.38999999999999,0,-0.152702131057549
40.40999999999999,0,-0.152777141542257
40.42999999999999,0,-0.152852152012345
40.44999999999999,0,-0.152927162467835
40.46999999999999,0,-0.153002172908745
40.489999999999995,0,-0.153077183335096
40.50999999999999,0,-0.15315219374691
40.529999999999994,0,-0.153227204144205
40.54999999999999,0,-0.153302214527003
40.56999999999999,0,-0.153377224895323
40.58999999999999,0,-0.153452235249186
40.60999999999999,0,-0.153527245588611
40.62999999999999,0,-0.15360225591362
40.64999999999999,0,-0.153677266224232
40.669999999999995,0,-0.153752276520466
40.68999999999999,0,-0.153827286802344
40.709999999999994,0,-0.153902297069886
40.72999999999999,0,-0.15397730732311
40.74999999999999,0,-0.154052317562037
40.76999999999999,0,-0.154127327786688
40.78999999999999,0,-0.154202337997082
40.809999999999995,0,-0.154277348193238
40.82999999999999,0,-0.154352358375177
40.849999999999994,0,-0.154427368542919
40.86999999999999,0,-0.154502378696483
40.88999999999999,0,-0.154577388835889
40.90999999999999,0,-0.154652398961157
40.92999999999999,0,-0.154727409072307
40.94999999999999,0,-0.154802419169358
40.96999999999999,0,-0.154877429252329
40.989999999999995,0,-0.154952439321242
41.00999999999999,0,-0.155027449376114
41.029999999999994,0,-0.155102459416967
41.04999999999999,0,-0.155177469443818
41.06999999999999,0,-0.155252479456688
41.08999999999999,0,-0.155327489455597
41.10999999999999,0,-0.155402499440563
41.12999999999999,0,-0.155477509411607
41.14999999999999,0,-0.155552519368747
41.169999999999995,0,-0.155627529312003
41.18999999999999,0,-0.155702539241395
41.209999999999994,0,-0.155777549156941
41.22999999999999,0,-0.155852559058661
41.24999999999999,0,-0.155927568946575
41.26999999999999,0,-0.156002578820701
41.28999999999999,0,-0.156077588681059
41.309999999999995,0,-0.156152598527668
41.32999999999999,0,-0.156227608360546
41.349999999999994,0,-0.156302618179715
41.36999999999999,0,-0.156377627985191
41.38999999999999,0,-0.156452637776995
41.40999999999999,0,-0.156527647555146
41.42999999999999,0,-0.156602657319662
41.44999999999999,0,-0.156677667070563
41.46999999999999,0,-0.156752676807867
41.489999999999995,0,-0.156827686531594
41.50999999999999,0,-0.156902696241762
41.529999999999994,0,-0.156977705938391
41.54999999999999,0,-0.157052715621499
41.56999999999999,0,-0.157127725291105
41.58999999999999,0,-0.157202734947228
41.60999999999999,0,-0.157277744589887
41.62999999999999,0,-0.1573527542191
41.64999999999999,0,-0.157427763834887
41.669999999999995,0,-0.157502773437265
41.68999999999999,0,-0.157577783026255
41.709999999999994,0,-0.157652792601873
41.72999999999999,0,-0.15772780216414
41.74999999999999,0,-0.157802811713073
41.76999999999999,0,-0.157877821248691
41.78999999999999,0,-0.157952830771013
41.809999999999995,0,-0.158027840280058
41.82999999999999,0,-0.158102849775843
41.849999999999994,0,-0.158177859258388
41.86999999999999,0,-0.15825286872771
41.88999999999999,0,-0.158327878183828
41.90999999999999,0,-0.158402887626761
41.92999999999999,0,-0.158477897056528
41.94999999999999,0,-0.158552906473145
41.96999999999999,0,-0.158627915876632
41.989999999999995,0,-0.158702925267008
42.00999999999999,0,-0.158777934644289
42.029999999999994,0,-0.158852944008495
42.04999999999999,0,-0.158927953359644
42.06999999999999,0,-0.159002962697754
42.08999999999999,0,-0.159077972022843
42.10999999999999,0,-0.159152981334929
42.12999999999999,0,-0.159227990634031
42.14999999999999,0,-0.159302999920166
42.169999999999995,0,-0.159378009193353
42.18999999999999,0,-0.159453018453609
42.209999999999994,0,-0.159528027700954
42.22999999999999,0,-0.159603036935404
42.24999999999999,0,-0.159678046156978
42.26999999999999,0,-0.159753055365693
42.28999999999999,0,-0.159828064561568
42.30999999999999,0,-0.159903073744621
42.32999999999999,0,-0.159978082914868
42.349999999999994,0,-0.16005309207233
42.36999999999999,0,-0.160128101217022
42.38999999999999,0,-0.160203110348963
42.40999999999999,0,-0.160278119468171
42.42999999999999,0,-0.160353128574663
42.44999999999999,0,-0.160428137668457
42.46999999999999,0,-0.160503146749571
42.489999999999995,0,-0.160578155818022
42.50999999999999,0,-0.160653164873829
42.529999999999994,0,-0.160728173917009
42.54999999999999,0,-0.160803182947579
42.56999999999999,0,-0.160878191965557
42.58999999999999,0,-0.16095320097096
42.60999999999999,0,-0.161028209963807
42.62999999999999,0,-0.161103218944114
42.64999999999999,0,-0.161178227911899
42.669999999999995,0,-0.16125323686718
42.68999999999999,0,-0.161328245809974
42.709999999999994,0,-0.161403254740298
42.72999999999999,0,-0.16147826365817
42.74999999999999,0,-0.161553272563607
42.76999999999999,0,-0.161628281456626
42.78999999999999,0,-0.161703290337245
42.80999999999999,0,-0.161778299205482
42.82999999999999,0,-0.161853308061353
42.849999999999994,0,-0.161928316904875
42.86999999999999,0,-0.162003325736066
42.88999999999999,0,-0.162078334554943
42.90999999999999,0,-0.162153343361523
42.92999999999999,0,-0.162228352155824
42.94999999999999,0,-0.162303360937862
42.96999999999999,0,-0.162378369707655
42.989999999999995,0,-0.162453378465219
43.00999999999999,0,-0.162528387210572
43.029999999999994,0,-0.16260339594373
43.04999999999999,0,-0.162678404664712
43.06999999999999,0,-0.162753413373533
43.08999999999999,0,-0.16282842207021
43.10999999999999,0,-0.162903430754761
43.12999999999999,0,-0.162978439427203
43.14999999999999,0,-0.163053448087552
43.169999999999995,0,-0.163128456735825
43.18999999999999,0,-0.163203465372039
43.209999999999994,0,-0.163278473996211
43.22999999999999,0,-0.163353482608358
43.24999999999999,0,-0.163428491208496
43.26999999999999,0,-0.163503499796643
43.28999999999999,0,-0.163578508372814
43.30999999999999,0,-0.163653516937027
43.32999999999999,0,-0.163728525489298
43.349999999999994,0,-0.163803534029644
43.36999999999999,0,-0.163878542558082
43.38999999999999,0,-0.163953551074627
43.40999999999999,0,-0.164028559579298
43.42999999999999,0,-0.16410356807211
43.44999999999999,0,-0.164178576553079
43.46999999999999,0,-0.164253585022223
43.489999999999995,0,-0.164328593479558
43.50999999999999,0,-0.1644036019251
43.529999999999994,0,-0.164478610358866
43.54999999999999,0,-0.164553618780872
43.56999999999999,0,-0.164628627191134
43.58999999999999,0,-0.16470363558967
43.60999999999999,0,-0.164778643976495
43.62999999999999,0,-0.164853652351625
43.64999999999999,0,-0.164928660715077
43.669999999999995,0,-0.165003669066868
43.68999999999999,0,-0.165078677407013
43.709999999999994,0,-0.165153685735528
43.72999999999999,0,-0.165228694052431
43.74999999999999,0,-0.165303702357737
43.76999999999999,0,-0.165378710651462
43.78999999999999,0,-0.165453718933622
43.80999999999999,0,-0.165528727204234
43.82999999999999,0,-0.165603735463314
43.849999999999994,0,-0.165678743710877
43.86999999999999,0,-0.16575375194694
43.88999999999999,0,-0.165828760171519
43.90999999999999,0,-0.16590376838463
43.92999999999999,0,-0.165978776586289
43.94999999999999,0,-0.166053784776511
43.96999999999999,0,-0.166128792955313
43.98999999999999,0,-0.166203801122711
44.00999999999999,0,-0.166278809278721
44.029999999999994,0,-0.166353817423358
44.04999999999999,0,-0.166428825556638
44.06999999999999,0,-0.166503833678578
44.08999999999999,0,-0.166578841789192
44.10999999999999,0,-0.166653849888497
44.12999999999999,0,-0.166728857976509
44.14999999999999,0,-0.166803866053243
44.169999999999995,0,-0.166878874118715
44.18999999999999,0,-0.16695388217294
44.209999999999994,0,-0.167028890215935
44.22999999999999,0,-0.167103898247715
44.24999999999999,0,-0.167178906268296
44.26999999999999,0,-0.167253914277693
44.28999999999999,0,-0.167328922275922
44.30999999999999,0,-0.167403930262998
44.32999999999999,0,-0.167478938238938
44.349999999999994,0,-0.167553946203756
44.36999999999999,0,-0.167628954157468
44.38999999999999,0,-0.167703962100089
44.40999999999999,0,-0.167778970031636
44.42999999999999,0,-0.167853977952123
44.44999999999999,0,-0.167928985861566
44.46999999999999,0,-0.16800399375998
44.48999999999999,0,-0.168079001647381
44.50999999999999,0,-0.168154009523783
44.529999999999994,0,-0.168229017389203
44.54999999999999,0,-0.168304025243656
44.56999999999999,0,-0.168379033087157
44.58999999999999,0,-0.168454040919721
44.60999999999999,0,-0.168529048741363
44.62999999999999,0,-0.168604056552099
44.64999999999999,0,-0.168679064351944
44.669999999999995,0,-0.168754072140913
44.68999999999999,0,-0.168829079919021
44.709999999999994,0,-0.168904087686284
44.72999999999999,0,-0.168979095442716
44.74999999999999,0,-0.169054103188333
44.76999999999999,0,-0.169129110923149
44.78999999999999,0,-0.169204118647181
44.80999999999999,0,-0.169279126360442
44.82999999999999,0,-0.169354134062948
44.849999999999994,0,-0.169429141754713
44.86999999999999,0,-0.169504149435754
44.88999999999999,0,-0.169579157106084
44.90999999999999,0,-0.169654164765719
44.92999999999999,0,-0.169729172414673
44.94999999999999,0,-0.169804180052962
44.96999999999999,0,-0.169879187680601
44.98999999999999,0,-0.169954195297603
45.00999999999999,0,-0.170029202903985
45.029999999999994,0,-0.17010421049976
45.04999999999999,0,-0.170179218084944
45.06999999999999,0,-0.170254225659552
45.08999999999999,0,-0.170329233223597
45.10999999999999,0,-0.170404240777096
45.12999999999999,0,-0.170479248320062
45.14999999999999,0,-0.17055425585251
45.169999999999995,0,-0.170629263374456
45.18999999999999,0,-0.170704270885912
45.209999999999994,0,-0.170779278386895
45.22999999999999,0,-0.170854285877419
45.24999999999999,0,-0.170929293357499
45.26999999999999,0,-0.171004300827148
45.28999999999999,0,-0.171079308286382
45.30999999999999,0,-0.171154315735214
45.32999999999999,0,-0.171229323173661
45.349999999999994,0,-0.171304330601735
45.36999999999999,0,-0.171379338019452
45.38999999999999,0,-0.171454345426825
45.40999999999999,0,-0.17152935282387
45.42999999999999,0,-0.171604360210601
45.44999999999999,0,-0.171679367587032
45.46999999999999,0,-0.171754374953177
45.48999999999999,0,-0.171829382309051
45.50999999999999,0,-0.171904389654669
45.529999999999994,0,-0.171979396990044
45.54999999999999,0,-0.17205440431519
45.56999999999999,0,-0.172129411630123
45.58999999999999,0,-0.172204418934855
45.60999999999999,0,-0.172279426229403
45.62999999999999,0,-0.172354433513778
45.64999999999999,0,-0.172429440787997
45.66999999999999,0,-0.172504448052073
45.68999999999999,0,-0.17257945530602
45.709999999999994,0,-0.172654462549852
45.72999999999999,0,-0.172729469783583
45.74999999999999,0,-0.172804477007228
45.76999999999999,0,-0.172879484220801
45.78999999999999,0,-0.172954491424315
45.80999999999999,0,-0.173029498617784
45.82999999999999,0,-0.173104505801224
45.849999999999994,0,-0.173179512974647
45.86999999999999,0,-0.173254520138067
45.88999999999999,0,-0.173329527291499
45.90999999999999,0,-0.173404534434956
45.92999999999999,0,-0.173479541568453
45.94999999999999,0,-0.173554548692003
45.96999999999999,0,-0.17362955580562
45.98999999999999,0,-0.173704562909318
46.00999999999999,0,-0.17377957000311
46.029999999999994,0,-0.173854577087012
46.04999999999999,0,-0.173929584161035
46.06999999999999,0,-0.174004591225195
46.08999999999999,0,-0.174079598279505
46.10999999999999,0,-0.174154605323978
46.12999999999999,0,-0.174229612358629
46.14999999999999,0,-0.174304619383471
46.16999999999999,0,-0.174379626398517
46.18999999999999,0,-0.174454633403782
46.209999999999994,0,-0.174529640399279
46.22999999999999,0,-0.174604647385021
46.24999999999999,0,-0.174679654361023
46.26999999999999,0,-0.174754661327298
46.28999999999999,0,-0.174829668283859
46.30999999999999,0,-0.17490467523072
46.32999999999999,0,-0.174979682167894
46.349999999999994,0,-0.175054689095396
46.36999999999999,0,-0.175129696013238
46.38999999999999,0,-0.175204702921434
46.40999999999999,0,-0.175279709819997
46.42999999999999,0,-0.175354716708941
46.44999999999999,0,-0.175429723588279
46.46999999999999,0,-0.175504730458025
46.48999999999999,0,-0.175579737318192
46.50999999999999,0,-0.175654744168793
46.529999999999994,0,-0.175729751009842
46.54999999999999,0,-0.175804757841352
46.56999999999999,0,-0.175879764663336
46.58999999999999,0,-0.175954771475808
46.60999999999999,0,-0.17602977827878
46.62999999999999,0,-0.176104785072267
46.64999999999999,0,-0.176179791856281
46.66999999999999,0,-0.176254798630836
46.68999999999999,0,-0.176329805395944
46.709999999999994,0,-0.176404812151619
46.72999999999999,0,-0.176479818897874
46.74999999999999,0,-0.176554825634723
46.76999999999999,0,-0.176629832362177
46.78999999999999,0,-0.176704839080252
46.80999999999999,0,-0.176779845788958
46.82999999999999,0,-0.17685485248831
46.849999999999994,0,-0.176929859178321
46.86999999999999,0,-0.177004865859004
46.88999999999999,0,-0.177079872530371
46.90999999999999,0,-0.177154879192435
46.92999999999999,0,-0.17722988584521
46.94999999999999,0,-0.177304892488709
46.96999999999999,0,-0.177379899122944
46.98999999999999,0,-0.177454905747929
47.00999999999999,0,-0.177529912363676
47.029999999999994,0,-0.177604918970198
47.04999999999999,0,-0.177679925567508
47.06999999999999,0,-0.177754932155619
47.08999999999999,0,-0.177829938734543
47.10999999999999,0,-0.177904945304294
47.12999999999999,0,-0.177979951864885
47.14999999999999,0,-0.178054958416327
47.16999999999999,0,-0.178129964958634
47.18999999999999,0,-0.178204971491819
47.209999999999994,0,-0.178279978015894
47.22999999999999,0,-0.178354984530872
47.24999999999999,0,-0.178429991036766
47.26999999999999,0,-0.178504997533588
47.28999999999999,0,-0.178580004021352
47.30999999999999,0,-0.178655010500068
47.32999999999999,0,-0.178730016969751
47.349999999999994,0,-0.178805023430413
47.36999999999999,0,-0.178880029882066
47.38999999999999,0,-0.178955036324724
47.40999999999999,0,-0.179030042758397
47.42999999999999,0,-0.1791050491831
47.44999999999999,0,-0.179180055598844
47.46999999999999,0,-0.179255062005643
47.48999999999999,0,-0.179330068403508
47.50999999999999,0,-0.179405074792451
47.529999999999994,0,-0.179480081172487
47.54999999999999,0,-0.179555087543626
47.56999999999999,0,-0.179630093905881
47.58999999999999,0,-0.179705100259265
47.60999999999999,0,-0.17978010660379
47.62999999999999,0,-0.179855112939468
47.64999999999999,0,-0.179930119266312
47.66999999999999,0,-0.180005125584334
47.68999999999999,0,-0.180080131893546
47.709999999999994,0,-0.180155138193961
47.72999999999999,0,-0.180230144485591
47.74999999999999,0,-0.180305150768448
47.76999999999999,0,-0.180380157042544
47.78999999999999,0,-0.180455163307892
47.80999999999999,0,-0.180530169564503
47.82999999999999,0,-0.18060517581239
47.84999999999999,0,-0.180680182051566
47.86999999999999,0,-0.180755188282042
47.88999999999999,0,-0.18083019450383
47.90999999999999,0,-0.180905200716942
47.92999999999999,0,-0.180980206921392
47.94999999999999,0,-0.181055213117189
47.96999999999999,0,-0.181130219304348
47.98999999999999,0,-0.181205225482879
48.00999999999999,0,-0.181280231652796
48.029999999999994,0,-0.181355237814109
48.04999999999999,0,-0.18143024396683
48.06999999999999,0,-0.181505250110973
48.08999999999999,0,-0.181580256246548
48.10999999999999,0,-0.181655262373568
48.12999999999999,0,-0.181730268492045
48.14999999999999,0,-0.18180527460199
48.16999999999999,0,-0.181880280703416
48.18999999999999,0,-0.181955286796334
48.209999999999994,0,-0.182030292880756
48.22999999999999,0,-0.182105298956694
48.24999999999999,0,-0.18218030502416
48.26999999999999,0,-0.182255311083166
48.28999999999999,0,-0.182330317133723
48.30999999999999,0,-0.182405323175844
48.32999999999999,0,-0.182480329209539
48.34999999999999,0,-0.182555335234821
48.36999999999999,0,-0.182630341251702
48.38999999999999,0,-0.182705347260193
48.40999999999999,0,-0.182780353260306
48.42999999999999,0,-0.182855359252052
48.44999999999999,0,-0.182930365235444
48.46999999999999,0,-0.183005371210492
48.48999999999999,0,-0.183080377177209
48.50999999999999,0,-0.183155383135607
48.529999999999994,0,-0.183230389085696
48.54999999999999,0,-0.183305395027488
48.56999999999999,0,-0.183380400960995
48.58999999999999,0,-0.183455406886229
48.60999999999999,0,-0.183530412803201
48.62999999999999,0,-0.183605418711922
48.64999999999999,0,-0.183680424612404
48.66999999999999,0,-0.183755430504659
48.68999999999999,0,-0.183830436388698
48.709999999999994,0,-0.183905442264532
48.72999999999999,0,-0.183980448132173
48.74999999999999,0,-0.184055453991632
48.76999999999999,0,-0.184130459842922
48.78999999999999,0,-0.184205465686052
48.80999999999999,0,-0.184280471521034
48.82999999999999,0,-0.184355477347881
48.84999999999999,0,-0.184430483166603
48.86999999999999,0,-0.184505488977211
48.88999999999999,0,-0.184580494779717
48.90999999999999,0,-0.184655500574132
48.92999999999999,0,-0.184730506360468
48.94999999999999,0,-0.184805512138735
48.96999999999999,0,-0.184880517908945
48.98999999999999,0,-0.184955523671109
49.00999999999999,0,-0.185030529425239
49.029999999999994,0,-0.185105535171345
49.04999999999999,0,-0.185180540909439
49.06999999999999,0,-0.185255546639532
49.08999999999999,0,-0.185330552361636
49.10999999999999,0,-0.18540555807576
49.12999999999999,0,-0.185480563781917
49.14999999999999,0,-0.185555569480117
49.16999999999999,0,-0.185630575170371
49.18999999999999,0,-0.185705580852692
49.209999999999994,0,-0.185780586527089
49.22999999999999,0,-0.185855592193574
49.24999999999999,0,-0.185930597852157
49.26999999999999,0,-0.186005603502851
49.28999999999999,0,-0.186080609145665
49.30999999999999,0,-0.186155614780611
49.32999999999999,0,-0.1862306204077
49.34999999999999,0,-0.186305626026943
49.36999999999999,0,-0.18638063163835
49.38999999999999,0,-0.186455637241933
49.40999999999999,0,-0.186530642837702
49.42999999999999,0,-0.186605648425669
49.44999999999999,0,-0.186680654005844
49.46999999999999,0,-0.186755659578238
49.48999999999999,0,-0.186830665142862
49.50999999999999,0,-0.186905670699727
49.52999999999999,0,-0.186980676248843
49.54999999999999,0,-0.187055681790222
49.56999999999999,0,-0.187130687323875
49.58999999999999,0,-0.187205692849811
49.60999999999999,0,-0.187280698368042
49.62999999999999,0,-0.187355703878578
49.64999999999999,0,-0.187430709381431
49.66999999999999,0,-0.187505714876611
49.68999999999999,0,-0.187580720364128
49.709999999999994,0,-0.187655725843994
49.72999999999999,0,-0.187730731316219
49.74999999999999,0,-0.187805736780813
49.76999999999999,0,-0.187880742237788
49.78999999999999,0,-0.187955747687153
49.80999999999999,0,-0.188030753128921
49.82999999999999,0,-0.1881057585631
49.84999999999999,0,-0.188180763989702
49.86999999999999,0,-0.188255769408737
49.88999999999999,0,-0.188330774820216
49.90999999999999,0,-0.18840578022415
49.92999999999999,0,-0.188480785620548
49.94999999999999,0,-0.188555791009422
49.96999999999999,0,-0.188630796390782
49.98999999999999,0,-0.188705801764638
50.00999999999999,0,-0.188780807131
50.02999999999999,0,-0.18885581248988
50.04999999999999,0,-0.188930817841288
50.06999999999999,0,-0.189005823185234
50.08999999999999,0,-0.189080828521729
50.10999999999999,0,-0.189155833850782
50.12999999999999,0,-0.189230839172405
50.14999999999999,0,-0.189305844486607
50.16999999999999,0,-0.189380849793399
50.18999999999999,0,-0.189455855092792
50.209999999999994,0,-0.189530860384795
50.22999999999999,0,-0.18960586566942
50.24999999999999,0,-0.189680870946675
50.26999999999999,0,-0.189755876216572
50.28999999999999,0,-0.189830881479121
50.30999999999999,0,-0.189905886734332
50.32999999999999,0,-0.189980891982215
50.34999999999999,0,-0.190055897222781
50.36999999999999,0,-0.190130902456039
50.38999999999999,0,-0.190205907682
50.40999999999999,0,-0.190280912900675
50.42999999999999,0,-0.190355918112072
50.44999999999999,0,-0.190430923316203
50.46999999999999,0,-0.190505928513077
50.48999999999999,0,-0.190580933702705
50.50999999999999,0,-0.190655938885097
50.52999999999999,0,-0.190730944060262
50.54999999999999,0,-0.190805949228211
50.56999999999999,0,-0.190880954388954
50.58999999999999,0,-0.190955959542502
50.60999999999999,0,-0.191030964688863
50.62999999999999,0,-0.191105969828048
50.64999999999999,0,-0.191180974960067
50.66999999999999,0,-0.191255980084931
50.68999999999999,0,-0.191330985202648
50.709999999999994,0,-0.191405990313229
50.72999999999999,0,-0.191480995416684
50.74999999999999,0,-0.191556000513024
50.76999999999999,0,-0.191631005602256
50.78999999999999,0,-0.191706010684393
50.80999999999999,0,-0.191781015759443
50.82999999999999,0,-0.191856020827417
50.84999999999999,0,-0.191931025888324
50.86999999999999,0,-0.192006030942174
50.88999999999999,0,-0.192081035988977
50.90999999999999,0,-0.192156041028743
50.92999999999999,0,-0.192231046061482
50.94999999999999,0,-0.192306051087203
50.96999999999999,0,-0.192381056105917
50.98999999999999,0,-0.192456061117632
51.00999999999999,0,-0.19253106612236
51.02999999999999,0,-0.192606071120108
51.04999999999999,0,-0.192681076110888
51.06999999999999,0,-0.19275608109471
51.08999999999999,0,-0.192831086071581
51.10999999999999,0,-0.192906091041513
51.12999999999999,0,-0.192981096004515
51.14999999999999,0,-0.193056100960597
51.16999999999999,0,-0.193131105909769
51.18999999999999,0,-0.193206110852039
51.20999999999999,0,-0.193281115787418
51.22999999999999,0,-0.193356120715915
51.24999999999999,0,-0.19343112563754
51.26999999999999,0,-0.193506130552302
51.28999999999999,0,-0.193581135460211
51.30999999999999,0,-0.193656140361277
51.32999999999999,0,-0.193731145255509
51.34999999999999,0,-0.193806150142916
51.36999999999999,0,-0.193881155023509
51.38999999999999,0,-0.193956159897296
51.40999999999999,0,-0.194031164764287
51.42999999999999,0,-0.194106169624492
51.44999999999999,0,-0.19418117447792
51.46999999999999,0,-0.194256179324581
51.48999999999999,0,-0.194331184164483
51.50999999999999,0,-0.194406188997637
51.52999999999999,0,-0.194481193824051
51.54999999999999,0,-0.194556198643736
51.56999999999999,0,-0.1946312034567
51.58999999999999,0,-0.194706208262953
51.60999999999999,0,-0.194781213062505
51.62999999999999,0,-0.194856217855364
51.64999999999999,0,-0.19493122264154
51.66999999999999,0,-0.195006227421042
51.68999999999999,0,-0.19508123219388
51.70999999999999,0,-0.195156236960063
51.72999999999999,0,-0.1952312417196
51.74999999999999,0,-0.1953062464725
51.76999999999999,0,-0.195381251218773
51.78999999999999,0,-0.195456255958428
51.80999999999999,0,-0.195531260691474
51.82999999999999,0,-0.19560626541792
51.84999999999999,0,-0.195681270137776
51.86999999999999,0,-0.195756274851051
51.88999999999999,0,-0.195831279557753
51.90999999999999,0,-0.195906284257893
51.92999999999999,0,-0.195981288951479
51.94999999999999,0,-0.19605629363852
51.96999999999999,0,-0.196131298319026
51.98999999999999,0,-0.196206302993005
52.00999999999999,0,-0.196281307660467
52.02999999999999,0,-0.196356312321421
52.04999999999999,0,-0.196431316975876
52.06999999999999,0,-0.196506321623841
52.08999999999999,0,-0.196581326265325
52.10999999999999,0,-0.196656330900336
52.12999999999999,0,-0.196731335528885
52.14999999999999,0,-0.19680634015098
52.16999999999999,0,-0.19688134476663
52.18999999999999,0,-0.196956349375844
52.20999999999999,0,-0.197031353978631
52.22999999999999,0,-0.197106358575
52.24999999999999,0,-0.19718136316496
52.26999999999999,0,-0.19725636774852
52.28999999999999,0,-0.197331372325688
52.30999999999999,0,-0.197406376896475
52.32999999999999,0,-0.197481381460888
52.34999999999999,0,-0.197556386018936
52.36999999999999,0,-0.197631390570629
52.38999999999999,0,-0.197706395115975
52.40999999999999,0,-0.197781399654983
52.42999999999999,0,-0.197856404187662
52.44999999999999,0,-0.197931408714021
52.46999999999999,0,-0.198006413234068
52.48999999999999,0,-0.198081417747813
52.50999999999999,0,-0.198156422255263
52.52999999999999,0,-0.198231426756429
52.54999999999999,0,-0.198306431251319
52.56999999999999,0,-0.19838143573994
52.58999999999999,0,-0.198456440222303
52.60999999999999,0,-0.198531444698416
52.62999999999999,0,-0.198606449168288
52.64999999999999,0,-0.198681453631927
52.66999999999999,0,-0.198756458089342
52.68999999999999,0,-0.198831462540541
52.70999999999999,0,-0.198906466985534
52.72999999999999,0,-0.198981471424329
52.74999999999999,0,-0.199056475856934
52.76999999999999,0,-0.199131480283359
52.78999999999999,0,-0.199206484703612
52.80999999999999,0,-0.199281489117701
52.82999999999999,0,-0.199356493525636
52.84999999999999,0,-0.199431497927424
52.86999999999999,0,-0.199506502323074
52.88999999999999,0,-0.199581506712595
52.90999999999999,0,-0.199656511095996
52.92999999999999,0,-0.199731515473284
52.94999999999999,0,-0.199806519844469
52.96999999999999,0,-0.199881524209558
52.98999999999999,0,-0.199956528568561
53.00999999999999,0,-0.200031532921487
53.02999999999999,0,-0.200106537268342
53.04999999999999,0,-0.200181541609136
53.06999999999999,0,-0.200256545943878
53.08999999999999,0,-0.200331550272575
53.10999999999999,0,-0.200406554595237
53.12999999999999,0,-0.200481558911871
53.14999999999999,0,-0.200556563222486
53.16999999999999,0,-0.20063156752709
53.18999999999999,0,-0.200706571825692
53.20999999999999,0,-0.200781576118301
53.22999999999999,0,-0.200856580404924
53.24999999999999,0,-0.200931584685569
53.26999999999999,0,-0.201006588960246
53.28999999999999,0,-0.201081593228962
53.30999999999999,0,-0.201156597491726
53.32999999999999,0,-0.201231601748547
53.34999999999999,0,-0.201306605999431
53.36999999999999,0,-0.201381610244389
53.389999999999986,0,-0.201456614483427
53.40999999999999,0,-0.201531618716554
53.42999999999999,0,-0.201606622943779
53.44999999999999,0,-0.20168162716511
53.46999999999999,0,-0.201756631380554
53.48999999999999,0,-0.201831635590121
53.50999999999999,0,-0.201906639793817
53.52999999999999,0,-0.201981643991653
53.54999999999999,0,-0.202056648183634
53.56999999999999,0,-0.202131652369771
53.58999999999999,0,-0.202206656550071
53.60999999999999,0,-0.202281660724541
53.62999999999999,0,-0.202356664893191
53.64999999999999,0,-0.202431669056029
53.66999999999999,0,-0.202506673213061
53.68999999999999,0,-0.202581677364298
53.70999999999999,0,-0.202656681509745
53.72999999999999,0,-0.202731685649413
53.74999999999999,0,-0.202806689783308
53.76999999999999,0,-0.202881693911439
53.78999999999999,0,-0.202956698033814
53.80999999999999,0,-0.203031702150441
53.82999999999999,0,-0.203106706261328
53.84999999999999,0,-0.203181710366482
53.86999999999999,0,-0.203256714465913
53.889999999999986,0,-0.203331718559627
53.90999999999999,0,-0.203406722647633
53.92999999999999,0,-0.203481726729939
53.94999999999999,0,-0.203556730806552
53.96999999999999,0,-0.203631734877482
53.98999999999999,0,-0.203706738942735
54.00999999999999,0,-0.203781743002319
54.02999999999999,0,-0.203856747056243
54.04999999999999,0,-0.203931751104514
54.06999999999999,0,-0.20400675514714
54.08999999999999,0,-0.20408175918413
54.10999999999999,0,-0.20415676321549
54.12999999999999,0,-0.204231767241229
54.14999999999999,0,-0.204306771261354
54.16999999999999,0,-0.204381775275875
54.18999999999999,0,-0.204456779284797
54.20999999999999,0,-0.204531783288129
54.22999999999999,0,-0.20460678728588
54.24999999999999,0,-0.204681791278055
54.26999999999999,0,-0.204756795264665
54.28999999999999,0,-0.204831799245715
54.30999999999999,0,-0.204906803221214
54.32999999999999,0,-0.20498180719117
54.34999999999999,0,-0.205056811155591
54.36999999999999,0,-0.205131815114483
54.389999999999986,0,-0.205206819067856
54.40999999999999,0,-0.205281823015716
54.42999999999999,0,-0.205356826958071
54.44999999999999,0,-0.205431830894929
54.46999999999999,0,-0.205506834826297
54.48999999999999,0,-0.205581838752184
54.50999999999999,0,-0.205656842672596
54.52999999999999,0,-0.205731846587542
54.54999999999999,0,-0.205806850497029
54.56999999999999,0,-0.205881854401065
54.58999999999999,0,-0.205956858299657
54.60999999999999,0,-0.206031862192813
54.62999999999999,0,-0.20610686608054
54.64999999999999,0,-0.206181869962847
54.66999999999999,0,-0.20625687383974
54.68999999999999,0,-0.206331877711227
54.70999999999999,0,-0.206406881577316
54.72999999999999,0,-0.206481885438014
54.74999999999999,0,-0.206556889293329
54.76999999999999,0,-0.206631893143269
54.78999999999999,0,-0.206706896987839
54.80999999999999,0,-0.20678190082705
54.82999999999999,0,-0.206856904660906
54.84999999999999,0,-0.206931908489417
54.86999999999999,0,-0.20700691231259
54.889999999999986,0,-0.207081916130432
54.90999999999999,0,-0.20715691994295
54.92999999999999,0,-0.207231923750152
54.94999999999999,0,-0.207306927552045
54.96999999999999,0,-0.207381931348637
54.98999999999999,0,-0.207456935139935
55.00999999999999,0,-0.207531938925947
55.02999999999999,0,-0.20760694270668
55.04999999999999,0,-0.207681946482141
55.069999999999986,0,-0.207756950252337
55.08999999999999,0,-0.207831954017277
55.10999999999999,0,-0.207906957776966
55.12999999999999,0,-0.207981961531413
55.14999999999999,0,-0.208056965280626
55.16999999999999,0,-0.20813196902461
55.18999999999999,0,-0.208206972763374
55.20999999999999,0,-0.208281976496924
55.22999999999999,0,-0.208356980225269
55.24999999999999,0,-0.208431983948415
55.26999999999999,0,-0.208506987666369
55.28999999999999,0,-0.208581991379139
55.30999999999999,0,-0.208656995086732
55.32999999999999,0,-0.208731998789156
55.34999999999999,0,-0.208807002486417
55.36999999999999,0,-0.208882006178522
55.389999999999986,0,-0.208957009865479
55.40999999999999,0,-0.209032013547295
55.42999999999999,0,-0.209107017223978
55.44999999999999,0,-0.209182020895534
55.46999999999999,0,-0.20925702456197
55.48999999999999,0,-0.209332028223294
55.50999999999999,0,-0.209407031879512
55.52999999999999,0,-0.209482035530633
55.54999999999999,0,-0.209557039176662
55.569999999999986,0,-0.209632042817608
55.58999999999999,0,-0.209707046453476
55.60999999999999,0,-0.209782050084275
55.62999999999999,0,-0.209857053710011
55.64999999999999,0,-0.209932057330692
55.66999999999999,0,-0.210007060946324
55.68999999999999,0,-0.210082064556914
55.70999999999999,0,-0.21015706816247
55.72999999999999,0,-0.210232071762998
55.74999999999999,0,-0.210307075358506
55.76999999999999,0,-0.210382078949
55.78999999999999,0,-0.210457082534488
55.80999999999999,0,-0.210532086114977
55.82999999999999,0,-0.210607089690472
55.84999999999999,0,-0.210682093260983
55.86999999999999,0,-0.210757096826514
55.889999999999986,0,-0.210832100387074
55.90999999999999,0,-0.210907103942669
55.92999999999999,0,-0.210982107493307
55.94999999999999,0,-0.211057111038993
55.96999999999999,0,-0.211132114579735
55.98999999999999,0,-0.211207118115541
56.00999999999999,0,-0.211282121646416
56.02999999999999,0,-0.211357125172367
56.04999999999999,0,-0.211432128693402
56.069999999999986,0,-0.211507132209528
56.08999999999999,0,-0.21158213572075
56.10999999999999,0,-0.211657139227077
56.12999999999999,0,-0.211732142728515
56.14999999999999,0,-0.21180714622507
56.16999999999999,0,-0.21188214971675
56.18999999999999,0,-0.211957153203561
56.20999999999999,0,-0.21203215668551
56.22999999999999,0,-0.212107160162604
56.24999999999999,0,-0.21218216363485
56.26999999999999,0,-0.212257167102253
56.28999999999999,0,-0.212332170564823
56.30999999999999,0,-0.212407174022564
56.32999999999999,0,-0.212482177475483
56.34999999999999,0,-0.212557180923588
56.36999999999999,0,-0.212632184366885
56.389999999999986,0,-0.212707187805381
56.40999999999999,0,-0.212782191239082
56.42999999999999,0,-0.212857194667995
56.44999999999999,0,-0.212932198092127
56.46999999999999,0,-0.213007201511485
56.48999999999999,0,-0.213082204926075
56.50999999999999,0,-0.213157208335903
56.52999999999999,0,-0.213232211740977
56.54999999999999,0,-0.213307215141303
56.569999999999986,0,-0.213382218536888
56.58999999999999,0,-0.213457221927738
56.60999999999999,0,-0.213532225313859
56.62999999999999,0,-0.21360722869526
56.64999999999999,0,-0.213682232071945
56.66999999999999,0,-0.213757235443922
56.68999999999999,0,-0.213832238811197
56.70999999999999,0,-0.213907242173777
56.72999999999999,0,-0.213982245531668
56.74999999999999,0,-0.214057248884877
56.76999999999999,0,-0.21413225223341
56.78999999999999,0,-0.214207255577275
56.80999999999999,0,-0.214282258916476
56.82999999999999,0,-0.214357262251022
56.84999999999999,0,-0.214432265580918
56.86999999999999,0,-0.214507268906171
56.889999999999986,0,-0.214582272226787
56.90999999999999,0,-0.214657275542773
56.92999999999999,0,-0.214732278854135
56.94999999999999,0,-0.21480728216088
56.96999999999999,0,-0.214882285463014
56.98999999999999,0,-0.214957288760544
57.00999999999999,0,-0.215032292053476
57.02999999999999,0,-0.215107295341816
57.04999999999999,0,-0.215182298625571
57.069999999999986,0,-0.215257301904747
57.08999999999999,0,-0.215332305179351
57.10999999999999,0,-0.215407308449389
57.12999999999999,0,-0.215482311714867
57.14999999999999,0,-0.215557314975792
57.16999999999999,0,-0.215632318232169
57.18999999999999,0,-0.215707321484007
57.20999999999999,0,-0.21578232473131
57.22999999999999,0,-0.215857327974085
57.249999999999986,0,-0.215932331212338
57.26999999999999,0,-0.216007334446076
57.28999999999999,0,-0.216082337675305
57.30999999999999,0,-0.216157340900031
57.32999999999999,0,-0.216232344120261
57.34999999999999,0,-0.216307347336
57.36999999999999,0,-0.216382350547256
57.389999999999986,0,-0.216457353754034
57.40999999999999,0,-0.21653235695634
57.42999999999999,0,-0.216607360154181
57.44999999999999,0,-0.216682363347563
57.46999999999999,0,-0.216757366536493
57.48999999999999,0,-0.216832369720976
57.50999999999999,0,-0.216907372901018
57.52999999999999,0,-0.216982376076626
57.54999999999999,0,-0.217057379247807
57.569999999999986,0,-0.217132382414565
57.58999999999999,0,-0.217207385576908
57.60999999999999,0,-0.217282388734841
57.62999999999999,0,-0.217357391888371
57.64999999999999,0,-0.217432395037504
57.66999999999999,0,-0.217507398182246
57.68999999999999,0,-0.217582401322603
57.70999999999999,0,-0.21765740445858
57.72999999999999,0,-0.217732407590186
57.749999999999986,0,-0.217807410717424
57.76999999999999,0,-0.217882413840302
57.78999999999999,0,-0.217957416958826
57.80999999999999,0,-0.218032420073001
57.82999999999999,0,-0.218107423182834
57.84999999999999,0,-0.21818242628833
57.86999999999999,0,-0.218257429389497
57.889999999999986,0,-0.218332432486339
57.90999999999999,0,-0.218407435578863
57.92999999999999,0,-0.218482438667075
57.94999999999999,0,-0.21855744175098
57.96999999999999,0,-0.218632444830586
57.98999999999999,0,-0.218707447905897
58.00999999999999,0,-0.218782450976921
58.02999999999999,0,-0.218857454043662
58.04999999999999,0,-0.218932457106127
58.069999999999986,0,-0.219007460164321
58.08999999999999,0,-0.219082463218252
58.10999999999999,0,-0.219157466267924
58.12999999999999,0,-0.219232469313344
58.14999999999999,0,-0.219307472354517
58.16999999999999,0,-0.21938247539145
58.18999999999999,0,-0.219457478424148
58.20999999999999,0,-0.219532481452617
58.22999999999999,0,-0.219607484476864
58.249999999999986,0,-0.219682487496893
58.26999999999999,0,-0.219757490512712
58.28999999999999,0,-0.219832493524325
58.30999999999999,0,-0.219907496531739
58.32999999999999,0,-0.21998249953496
58.34999999999999,0,-0.220057502533993
58.36999999999999,0,-0.220132505528844
58.389999999999986,0,-0.22020750851952
58.40999999999999,0,-0.220282511506025
58.42999999999999,0,-0.220357514488366
58.44999999999999,0,-0.220432517466548
58.46999999999999,0,-0.220507520440578
58.48999999999999,0,-0.22058252341046
58.50999999999999,0,-0.220657526376202
58.52999999999999,0,-0.220732529337808
58.54999999999999,0,-0.220807532295285
58.569999999999986,0,-0.220882535248637
58.58999999999999,0,-0.220957538197872
58.60999999999999,0,-0.221032541142994
58.62999999999999,0,-0.22110754408401
58.64999999999999,0,-0.221182547020925
58.66999999999999,0,-0.221257549953745
58.68999999999999,0,-0.221332552882475
58.70999999999999,0,-0.221407555807122
58.72999999999999,0,-0.22148255872769
58.749999999999986,0,-0.221557561644186
58.76999999999999,0,-0.221632564556615
58.78999999999999,0,-0.221707567464984
58.80999999999999,0,-0.221782570369297
58.82999999999999,0,-0.22185757326956
58.84999999999999,0,-0.221932576165779
58.86999999999999,0,-0.22200757905796
58.889999999999986,0,-0.222082581946108
58.90999999999999,0,-0.222157584830229
58.929999999999986,0,-0.222232587710329
58.94999999999999,0,-0.222307590586412
58.96999999999999,0,-0.222382593458485
58.98999999999999,0,-0.222457596326553
59.00999999999999,0,-0.222532599190622
59.02999999999999,0,-0.222607602050698
59.04999999999999,0,-0.222682604906785
59.069999999999986,0,-0.222757607758891
59.08999999999999,0,-0.222832610607019
59.10999999999999,0,-0.222907613451176
59.12999999999999,0,-0.222982616291367
59.14999999999999,0,-0.223057619127597
59.16999999999999,0,-0.223132621959873
59.18999999999999,0,-0.2232076247882
59.20999999999999,0,-0.223282627612583
59.22999999999999,0,-0.223357630433027
59.249999999999986,0,-0.223432633249539
59.26999999999999,0,-0.223507636062124
59.28999999999999,0,-0.223582638870787
59.30999999999999,0,-0.223657641675533
59.32999999999999,0,-0.223732644476369
59.34999999999999,0,-0.223807647273299
59.36999999999999,0,-0.223882650066329
59.389999999999986,0,-0.223957652855465
59.40999999999999,0,-0.224032655640711
59.429999999999986,0,-0.224107658422074
59.44999999999999,0,-0.224182661199559
59.46999999999999,0,-0.224257663973171
59.48999999999999,0,-0.224332666742915
59.50999999999999,0,-0.224407669508797
59.52999999999999,0,-0.224482672270823
59.54999999999999,0,-0.224557675028997
59.569999999999986,0,-0.224632677783326
59.58999999999999,0,-0.224707680533813
59.60999999999999,0,-0.224782683280466
59.62999999999999,0,-0.224857686023289
59.64999999999999,0,-0.224932688762287
59.66999999999999,0,-0.225007691497466
59.68999999999999,0,-0.225082694228831
59.70999999999999,0,-0.225157696956388
59.72999999999999,0,-0.225232699680141
59.749999999999986,0,-0.225307702400096
59.76999999999999,0,-0.225382705116259
59.78999999999999,0,-0.225457707828634
59.80999999999999,0,-0.225532710537228
59.82999999999999,0,-0.225607713242044
59.84999999999999,0,-0.225682715943089
59.86999999999999,0,-0.225757718640368
59.889999999999986,0,-0.225832721333886
59.90999999999999,0,-0.225907724023648
59.929999999999986,0,-0.225982726709659
59.94999999999999,0,-0.226057729391925
59.96999999999999,0,-0.226132732070451
59.98999999999999,0,-0.226207734745242
60.00999999999999,0,-0.226282737416304
60.02999999999999,0,-0.226357740083641
60.04999999999999,0,-0.226432742747259
60.069999999999986,0,-0.226507745407162
60.08999999999999,0,-0.226582748063357
60.10999999999999,0,-0.226657750715848
60.12999999999999,0,-0.22673275336464
60.14999999999999,0,-0.226807756009739
60.16999999999999,0,-0.22688275865115
60.18999999999999,0,-0.226957761288878
60.20999999999999,0,-0.227032763922928
60.22999999999999,0,-0.227107766553304
60.249999999999986,0,-0.227182769180013
60.26999999999999,0,-0.22725777180306
60.28999999999999,0,-0.227332774422449
60.30999999999999,0,-0.227407777038185
60.32999999999999,0,-0.227482779650275
60.34999999999999,0,-0.227557782258722
60.36999999999999,0,-0.227632784863531
60.389999999999986,0,-0.227707787464709
60.40999999999999,0,-0.22778279006226
60.429999999999986,0,-0.227857792656189
60.44999999999999,0,-0.2279327952465
60.46999999999999,0,-0.2280077978332
60.48999999999999,0,-0.228082800416294
60.50999999999999,0,-0.228157802995785
60.52999999999999,0,-0.228232805571679
60.54999999999999,0,-0.228307808143982
60.569999999999986,0,-0.228382810712698
60.58999999999999,0,-0.228457813277833
60.609999999999985,0,-0.22853281583939
60.62999999999999,0,-0.228607818397376
60.64999999999999,0,-0.228682820951795
60.66999999999999,0,-0.228757823502652
60.68999999999999,0,-0.228832826049952
60.70999999999999,0,-0.228907828593701
60.72999999999999,0,-0.228982831133902
60.749999999999986,0,-0.229057833670562
60.76999999999999,0,-0.229132836203684
60.78999999999999,0,-0.229207838733274
60.80999999999999,0,-0.229282841259337
60.82999999999999,0,-0.229357843781878
60.84999999999999,0,-0.229432846300902
60.86999999999999,0,-0.229507848816412
60.889999999999986,0,-0.229582851328416
60.90999999999999,0,-0.229657853836917
60.929999999999986,0,-0.22973285634192
60.94999999999999,0,-0.22980785884343
60.96999999999999,0,-0.229882861341451
60.98999999999999,0,-0.22995786383599
61.00999999999999,0,-0.230032866327051
61.02999999999999,0,-0.230107868814638
61.04999999999999,0,-0.230182871298756
61.069999999999986,0,-0.230257873779411
61.08999999999999,0,-0.230332876256606
61.109999999999985,0,-0.230407878730348
61.12999999999999,0,-0.23048288120064
61.14999999999999,0,-0.230557883667487
61.16999999999999,0,-0.230632886130895
61.18999999999999,0,-0.230707888590868
61.20999999999999,0,-0.230782891047411
61.22999999999999,0,-0.230857893500529
61.249999999999986,0,-0.230932895950226
61.26999999999999,0,-0.231007898396507
61.28999999999999,0,-0.231082900839377
61.30999999999999,0,-0.231157903278841
61.32999999999999,0,-0.231232905714903
61.34999999999999,0,-0.231307908147568
61.36999999999999,0,-0.231382910576842
61.389999999999986,0,-0.231457913002728
61.40999999999999,0,-0.231532915425232
61.429999999999986,0,-0.231607917844357
61.44999999999999,0,-0.23168292026011
61.46999999999999,0,-0.231757922672494
61.48999999999999,0,-0.231832925081514
61.50999999999999,0,-0.231907927487175
61.52999999999999,0,-0.231982929889482
61.54999999999999,0,-0.232057932288439
61.569999999999986,0,-0.232132934684051
61.58999999999999,0,-0.232207937076323
61.609999999999985,0,-0.232282939465259
61.62999999999999,0,-0.232357941850863
61.64999999999999,0,-0.232432944233142
61.66999999999999,0,-0.232507946612098
61.68999999999999,0,-0.232582948987738
61.70999999999999,0,-0.232657951360065
61.72999999999999,0,-0.232732953729084
61.749999999999986,0,-0.2328079560948
61.76999999999999,0,-0.232882958457217
61.78999999999999,0,-0.232957960816339
61.80999999999999,0,-0.233032963172173
61.82999999999999,0,-0.233107965524721
61.84999999999999,0,-0.23318296787399
61.86999999999999,0,-0.233257970219982
61.889999999999986,0,-0.233332972562703
61.90999999999999,0,-0.233407974902158
61.929999999999986,0,-0.23348297723835
61.94999999999999,0,-0.233557979571285
61.96999999999999,0,-0.233632981900967
61.98999999999999,0,-0.233707984227401
62.00999999999999,0,-0.23378298655059
62.02999999999999,0,-0.23385798887054
62.04999999999999,0,-0.233932991187256
62.069999999999986,0,-0.234007993500741
62.08999999999999,0,-0.234082995811
62.109999999999985,0,-0.234157998118037
62.12999999999999,0,-0.234233000421858
62.14999999999999,0,-0.234308002722467
62.16999999999999,0,-0.234383005019867
62.18999999999999,0,-0.234458007314064
62.20999999999999,0,-0.234533009605062
62.22999999999999,0,-0.234608011892866
62.249999999999986,0,-0.234683014177479
62.26999999999999,0,-0.234758016458907
62.28999999999999,0,-0.234833018737154
62.30999999999999,0,-0.234908021012224
62.32999999999999,0,-0.234983023284122
62.34999999999999,0,-0.235058025552852
62.36999999999999,0,-0.235133027818418
62.389999999999986,0,-0.235208030080825
62.40999999999999,0,-0.235283032340078
62.429999999999986,0,-0.23535803459618
62.44999999999999,0,-0.235433036849137
62.46999999999999,0,-0.235508039098952
62.48999999999999,0,-0.23558304134563
62.50999999999999,0,-0.235658043589175
62.52999999999999,0,-0.235733045829592
62.54999999999999,0,-0.235808048066885
62.569999999999986,0,-0.235883050301059
62.58999999999999,0,-0.235958052532117
62.609999999999985,0,-0.236033054760064
62.62999999999999,0,-0.236108056984905
62.64999999999999,0,-0.236183059206643
62.66999999999999,0,-0.236258061425283
62.68999999999999,0,-0.23633306364083
62.70999999999999,0,-0.236408065853287
62.72999999999999,0,-0.23648306806266
62.749999999999986,0,-0.236558070268951
62.76999999999999,0,-0.236633072472167
62.789999999999985,0,-0.23670807467231
62.80999999999999,0,-0.236783076869385
62.82999999999999,0,-0.236858079063397
62.84999999999999,0,-0.23693308125435
62.86999999999999,0,-0.237008083442247
62.889999999999986,0,-0.237083085627094
62.90999999999999,0,-0.237158087808895
62.929999999999986,0,-0.237233089987653
62.94999999999999,0,-0.237308092163373
62.96999999999999,0,-0.237383094336059
62.98999999999999,0,-0.237458096505716
63.00999999999999,0,-0.237533098672347
63.02999999999999,0,-0.237608100835957
63.04999999999999,0,-0.237683102996551
63.069999999999986,0,-0.237758105154132
63.08999999999999,0,-0.237833107308704
63.109999999999985,0,-0.237908109460272
63.12999999999999,0,-0.23798311160884
63.14999999999999,0,-0.238058113754412
63.16999999999999,0,-0.238133115896992
63.18999999999999,0,-0.238208118036585
63.20999999999999,0,-0.238283120173194
63.22999999999999,0,-0.238358122306824
63.249999999999986,0,-0.238433124437479
63.26999999999999,0,-0.238508126565163
63.289999999999985,0,-0.23858312868988
63.30999999999999,0,-0.238658130811635
63.32999999999999,0,-0.238733132930431
63.34999999999999,0,-0.238808135046273
63.36999999999999,0,-0.238883137159164
63.389999999999986,0,-0.238958139269109
63.40999999999999,0,-0.239033141376113
63.429999999999986,0,-0.239108143480178
63.44999999999999,0,-0.239183145581309
63.46999999999999,0,-0.239258147679511
63.48999999999999,0,-0.239333149774787
63.50999999999999,0,-0.239408151867141
63.52999999999999,0,-0.239483153956578
63.54999999999999,0,-0.239558156043101
63.569999999999986,0,-0.239633158126715
63.58999999999999,0,-0.239708160207424
63.609999999999985,0,-0.239783162285231
63.62999999999999,0,-0.239858164360141
63.64999999999999,0,-0.239933166432158
63.66999999999999,0,-0.240008168501286
63.68999999999999,0,-0.240083170567528
63.70999999999999,0,-0.24015817263089
63.72999999999999,0,-0.240233174691374
63.749999999999986,0,-0.240308176748985
63.76999999999999,0,-0.240383178803727
63.789999999999985,0,-0.240458180855604
63.80999999999999,0,-0.24053318290462
63.82999999999999,0,-0.240608184950779
63.84999999999999,0,-0.240683186994085
63.86999999999999,0,-0.240758189034542
63.889999999999986,0,-0.240833191072153
63.90999999999999,0,-0.240908193106923
63.929999999999986,0,-0.240983195138856
63.94999999999999,0,-0.241058197167956
63.96999999999999,0,-0.241133199194227
63.98999999999999,0,-0.241208201217672
64.00999999999999,0,-0.241283203238295
64.03,0,-0.241358205256101
64.05,0,-0.241433207271094
64.07,0,-0.241508209283277
64.08999999999999,0,-0.241583211292654
64.11,0,-0.241658213299229
64.13,0,-0.241733215303006
64.14999999999999,0,-0.24180821730399
64.17,0,-0.241883219302183
64.19,0,-0.24195822129759
64.21,0,-0.242033223290215
64.22999999999999,0,-0.242108225280061
64.25,0,-0.242183227267133
64.27,0,-0.242258229251433
64.28999999999999,0,-0.242333231232967
64.31,0,-0.242408233211738
64.33,0,-0.24248323518775
64.35,0,-0.242558237161007
64.36999999999999,0,-0.242633239131512
64.39,0,-0.242708241099269
64.41,0,-0.242783243064283
64.42999999999999,0,-0.242858245026557
64.44999999999999,0,-0.242933246986094
64.47,0,-0.2430082489429
64.49,0,-0.243083250896976
64.50999999999999,0,-0.243158252848328
64.53,0,-0.243233254796959
64.55,0,-0.243308256742873
64.57,0,-0.243383258686074
64.58999999999999,0,-0.243458260626565
64.61,0,-0.24353326256435
64.63,0,-0.243608264499433
64.64999999999999,0,-0.243683266431818
64.67,0,-0.243758268361509
64.69,0,-0.243833270288509
64.71,0,-0.243908272212822
64.72999999999999,0,-0.243983274134452
64.75,0,-0.244058276053402
64.77,0,-0.244133277969676
64.78999999999999,0,-0.244208279883279
64.81,0,-0.244283281794213
64.83,0,-0.244358283702483
64.85,0,-0.244433285608091
64.86999999999999,0,-0.244508287511043
64.89,0,-0.244583289411341
64.91,0,-0.24465829130899
64.92999999999999,0,-0.244733293203992
64.94999999999999,0,-0.244808295096352
64.97,0,-0.244883296986074
64.99,0,-0.24495829887316
65.00999999999999,0,-0.245033300757615
65.03,0,-0.245108302639443
65.05,0,-0.245183304518646
65.07,0,-0.24525830639523
65.08999999999999,0,-0.245333308269196
65.11,0,-0.24540831014055
65.13,0,-0.245483312009294
65.14999999999999,0,-0.245558313875432
65.17,0,-0.245633315738969
65.19,0,-0.245708317599907
65.21,0,-0.24578331945825
65.22999999999999,0,-0.245858321314001
65.25,0,-0.245933323167166
65.27,0,-0.246008325017746
65.28999999999999,0,-0.246083326865746
65.30999999999999,0,-0.246158328711168
65.33,0,-0.246233330554018
65.35,0,-0.246308332394298
65.36999999999999,0,-0.246383334232012
65.39,0,-0.246458336067164
65.41,0,-0.246533337899757
65.42999999999999,0,-0.246608339729794
65.44999999999999,0,-0.24668334155728
65.47,0,-0.246758343382217
65.49,0,-0.24683334520461
65.50999999999999,0,-0.246908347024462
65.53,0,-0.246983348841776
65.55,0,-0.247058350656556
65.57,0,-0.247133352468806
65.58999999999999,0,-0.247208354278528
65.61,0,-0.247283356085728
65.63,0,-0.247358357890407
65.64999999999999,0,-0.24743335969257
65.67,0,-0.24750836149222
65.69,0,-0.247583363289361
65.71,0,-0.247658365083995
65.72999999999999,0,-0.247733366876128
65.75,0,-0.247808368665761
65.77,0,-0.247883370452899
65.78999999999999,0,-0.247958372237545
65.80999999999999,0,-0.248033374019703
65.83,0,-0.248108375799376
65.85,0,-0.248183377576567
65.86999999999999,0,-0.24825837935128
65.89,0,-0.248333381123518
65.91,0,-0.248408382893286
65.92999999999999,0,-0.248483384660585
65.94999999999999,0,-0.24855838642542
65.97,0,-0.248633388187795
65.99,0,-0.248708389947712
66.00999999999999,0,-0.248783391705175
66.03,0,-0.248858393460187
66.05,0,-0.248933395212752
66.07,0,-0.249008396962874
66.08999999999999,0,-0.249083398710555
66.11,0,-0.2491584004558
66.13,0,-0.24923340219861
66.14999999999999,0,-0.249308403938991
66.17,0,-0.249383405676945
66.19,0,-0.249458407412475
66.21,0,-0.249533409145586
66.22999999999999,0,-0.24960841087628
66.25,0,-0.249683412604561
66.27,0,-0.249758414330432
66.28999999999999,0,-0.249833416053896
66.30999999999999,0,-0.249908417774957
66.33,0,-0.249983419493618
66.35,0,-0.250058421209883
66.36999999999999,0,-0.250133422923755
66.39,0,-0.250208424635237
66.41,0,-0.250283426344333
66.42999999999999,0,-0.250358428051045
66.44999999999999,0,-0.250433429755378
66.47,0,-0.250508431457334
66.49,0,-0.250583433156917
66.50999999999999,0,-0.25065843485413
66.53,0,-0.250733436548977
66.55,0,-0.25080843824146
66.57,0,-0.250883439931583
66.58999999999999,0,-0.25095844161935
66.61,0,-0.251033443304763
66.63,0,-0.251108444987827
66.64999999999999,0,-0.251183446668543
66.67,0,-0.251258448346916
66.69,0,-0.251333450022948
66.71,0,-0.251408451696644
66.72999999999999,0,-0.251483453368006
66.75,0,-0.251558455037037
66.77,0,-0.251633456703741
66.78999999999999,0,-0.251708458368121
66.80999999999999,0,-0.25178346003018
66.83,0,-0.251858461689922
66.85,0,-0.251933463347349
66.86999999999999,0,-0.252008465002466
66.89,0,-0.252083466655274
66.91,0,-0.252158468305778
66.92999999999999,0,-0.252233469953981
66.94999999999999,0,-0.252308471599885
66.97,0,-0.252383473243494
66.99,0,-0.252458474884811
67.00999999999999,0,-0.25253347652384
67.03,0,-0.252608478160583
67.05,0,-0.252683479795045
67.07,0,-0.252758481427227
67.08999999999999,0,-0.252833483057133
67.11,0,-0.252908484684766
67.13,0,-0.25298348631013
67.14999999999999,0,-0.253058487933228
67.17,0,-0.253133489554062
67.19,0,-0.253208491172637
67.21,0,-0.253283492788954
67.22999999999999,0,-0.253358494403018
67.25,0,-0.253433496014831
67.27,0,-0.253508497624396
67.28999999999999,0,-0.253583499231718
67.30999999999999,0,-0.253658500836798
67.33,0,-0.25373350243964
67.35,0,-0.253808504040246
67.36999999999999,0,-0.253883505638622
67.39,0,-0.253958507234768
67.41,0,-0.254033508828689
67.42999999999999,0,-0.254108510420387
67.44999999999999,0,-0.254183512009866
67.47,0,-0.254258513597128
67.49,0,-0.254333515182178
67.50999999999999,0,-0.254408516765017
67.53,0,-0.254483518345649
67.55,0,-0.254558519924077
67.57,0,-0.254633521500304
67.58999999999999,0,-0.254708523074333
67.61,0,-0.254783524646168
67.63,0,-0.25485852621581
67.64999999999999,0,-0.254933527783264
67.67,0,-0.255008529348533
67.69,0,-0.255083530911619
67.71,0,-0.255158532472525
67.72999999999999,0,-0.255233534031255
67.75,0,-0.255308535587811
67.77,0,-0.255383537142197
67.78999999999999,0,-0.255458538694416
67.80999999999999,0,-0.25553354024447
67.83,0,-0.255608541792363
67.85,0,-0.255683543338097
67.86999999999999,0,-0.255758544881677
67.89,0,-0.255833546423104
67.91,0,-0.255908547962381
67.92999999999999,0,-0.255983549499512
67.94999999999999,0,-0.2560585510345
67.97,0,-0.256133552567348
67.99,0,-0.256208554098058
68.00999999999999,0,-0.256283555626633
68.03,0,-0.256358557153078
68.05,0,-0.256433558677394
68.07,0,-0.256508560199584
68.08999999999999,0,-0.256583561719652
68.11,0,-0.2566585632376
68.13,0,-0.256733564753432
68.14999999999999,0,-0.25680856626715
68.17,0,-0.256883567778758
68.19,0,-0.256958569288257
68.21,0,-0.257033570795652
68.22999999999999,0,-0.257108572300945
68.25,0,-0.257183573804139
68.27,0,-0.257258575305237
68.28999999999999,0,-0.257333576804242
68.30999999999999,0,-0.257408578301157
68.33,0,-0.257483579795985
68.35,0,-0.257558581288728
68.36999999999999,0,-0.25763358277939
68.39,0,-0.257708584267973
68.41,0,-0.25778358575448
68.42999999999999,0,-0.257858587238915
68.44999999999999,0,-0.25793358872128
68.47,0,-0.258008590201578
68.49,0,-0.258083591679812
68.50999999999999,0,-0.258158593155984
68.53,0,-0.258233594630099
68.55,0,-0.258308596102158
68.57,0,-0.258383597572164
68.58999999999999,0,-0.25845859904012
68.61,0,-0.25853360050603
68.63,0,-0.258608601969896
68.64999999999999,0,-0.25868360343172
68.67,0,-0.258758604891506
68.69,0,-0.258833606349257
68.71,0,-0.258908607804975
68.72999999999999,0,-0.258983609258663
68.75,0,-0.259058610710324
68.77,0,-0.259133612159961
68.78999999999999,0,-0.259208613607576
68.80999999999999,0,-0.259283615053174
68.83,0,-0.259358616496755
68.85,0,-0.259433617938323
68.86999999999999,0,-0.259508619377882
68.89,0,-0.259583620815433
68.91,0,-0.25965862225098
68.92999999999999,0,-0.259733623684525
68.94999999999999,0,-0.259808625116071
68.97,0,-0.259883626545621
68.99,0,-0.259958627973177
69.00999999999999,0,-0.260033629398743
69.03,0,-0.260108630822322
69.05,0,-0.260183632243915
69.07,0,-0.260258633663526
69.08999999999999,0,-0.260333635081157
69.11,0,-0.260408636496812
69.13,0,-0.260483637910493
69.14999999999999,0,-0.260558639322203
69.16999999999999,0,-0.260633640731944
69.19,0,-0.26070864213972
69.21,0,-0.260783643545532
69.22999999999999,0,-0.260858644949385
69.25,0,-0.26093364635128
69.27,0,-0.26100864775122
69.28999999999999,0,-0.261083649149208
69.30999999999999,0,-0.261158650545246
69.33,0,-0.261233651939338
69.35,0,-0.261308653331487
69.36999999999999,0,-0.261383654721694
69.39,0,-0.261458656109962
69.41,0,-0.261533657496295
69.42999999999999,0,-0.261608658880695
69.44999999999999,0,-0.261683660263164
69.47,0,-0.261758661643706
69.49,0,-0.261833663022323
69.50999999999999,0,-0.261908664399017
69.53,0,-0.261983665773792
69.55,0,-0.26205866714665
69.57,0,-0.262133668517593
69.58999999999999,0,-0.262208669886625
69.61,0,-0.262283671253748
69.63,0,-0.262358672618965
69.64999999999999,0,-0.262433673982278
69.66999999999999,0,-0.26250867534369
69.69,0,-0.262583676703204
69.71,0,-0.262658678060822
69.72999999999999,0,-0.262733679416547
69.75,0,-0.262808680770381
69.77,0,-0.262883682122328
69.78999999999999,0,-0.26295868347239
69.80999999999999,0,-0.263033684820569
69.83,0,-0.263108686166869
69.85,0,-0.263183687511291
69.86999999999999,0,-0.263258688853838
69.89,0,-0.263333690194514
69.91,0,-0.26340869153332
69.92999999999999,0,-0.26348369287026
69.94999999999999,0,-0.263558694205335
69.97,0,-0.263633695538548
69.99,0,-0.263708696869903
70.00999999999999,0,-0.263783698199401
70.03,0,-0.263858699527045
70.05,0,-0.263933700852838
70.07,0,-0.264008702176783
70.08999999999999,0,-0.264083703498881
70.11,0,-0.264158704819136
70.13,0,-0.26423370613755
70.14999999999999,0,-0.264308707454125
70.16999999999999,0,-0.264383708768865
70.19,0,-0.264458710081772
70.21,0,-0.264533711392847
70.22999999999999,0,-0.264608712702095
70.25,0,-0.264683714009517
70.27,0,-0.264758715315116
70.28999999999999,0,-0.264833716618895
70.30999999999999,0,-0.264908717920855
70.33,0,-0.264983719221001
70.35,0,-0.265058720519333
70.36999999999999,0,-0.265133721815855
70.39,0,-0.265208723110569
70.41,0,-0.265283724403478
70.42999999999999,0,-0.265358725694584
70.44999999999999,0,-0.26543372698389
70.47,0,-0.265508728271397
70.49,0,-0.26558372955711
70.50999999999999,0,-0.26565873084103
70.53,0,-0.26573373212316
70.55,0,-0.265808733403501
70.57,0,-0.265883734682058
70.58999999999999,0,-0.265958735958832
70.61,0,-0.266033737233825
70.63,0,-0.266108738507041
70.64999999999999,0,-0.266183739778481
70.66999999999999,0,-0.266258741048149
70.69,0,-0.266333742316046
70.71,0,-0.266408743582175
70.72999999999999,0,-0.266483744846539
70.75,0,-0.266558746109139
70.77,0,-0.266633747369979
70.78999999999999,0,-0.266708748629061
70.80999999999999,0,-0.266783749886388
70.83,0,-0.266858751141961
70.85,0,-0.266933752395784
70.86999999999999,0,-0.267008753647858
70.89,0,-0.267083754898186
70.91,0,-0.267158756146771
70.92999999999999,0,-0.267233757393615
70.94999999999999,0,-0.26730875863872
70.97,0,-0.267383759882089
70.99,0,-0.267458761123725
71.00999999999999,0,-0.267533762363629
71.03,0,-0.267608763601804
71.05,0,-0.267683764838253
71.07,0,-0.267758766072978
71.08999999999999,0,-0.267833767305981
71.11,0,-0.267908768537265
71.13,0,-0.267983769766832
71.14999999999999,0,-0.268058770994684
71.16999999999999,0,-0.268133772220824
71.19,0,-0.268208773445255
71.21,0,-0.268283774667978
71.22999999999999,0,-0.268358775888997
71.25,0,-0.268433777108312
71.27,0,-0.268508778325928
71.28999999999999,0,-0.268583779541846
71.30999999999999,0,-0.268658780756068
71.33,0,-0.268733781968598
71.35,0,-0.268808783179436
71.36999999999999,0,-0.268883784388586
71.39,0,-0.268958785596051
71.41,0,-0.269033786801831
71.42999999999999,0,-0.26910878800593
71.44999999999999,0,-0.269183789208351
71.47,0,-0.269258790409094
71.49,0,-0.269333791608164
71.50999999999999,0,-0.269408792805561
71.53,0,-0.269483794001289
71.55,0,-0.269558795195349
71.57,0,-0.269633796387745
71.58999999999999,0,-0.269708797578478
71.61,0,-0.26978379876755
71.63,0,-0.269858799954965
71.64999999999999,0,-0.269933801140723
71.66999999999999,0,-0.270008802324829
71.69,0,-0.270083803507283
71.71,0,-0.270158804688089
71.72999999999999,0,-0.270233805867248
71.75,0,-0.270308807044763
71.77,0,-0.270383808220636
71.78999999999999,0,-0.270458809394869
71.80999999999999,0,-0.270533810567465
71.83,0,-0.270608811738426
71.85,0,-0.270683812907754
71.86999999999999,0,-0.270758814075452
71.89,0,-0.270833815241522
71.91,0,-0.270908816405965
71.92999999999999,0,-0.270983817568785
71.94999999999999,0,-0.271058818729984
71.97,0,-0.271133819889563
71.99,0,-0.271208821047526
72.00999999999999,0,-0.271283822203874
72.03,0,-0.271358823358609
72.05,0,-0.271433824511734
72.07,0,-0.271508825663252
72.08999999999999,0,-0.271583826813164
72.11,0,-0.271658827961472
72.13,0,-0.271733829108179
72.14999999999999,0,-0.271808830253288
72.16999999999999,0,-0.271883831396799
72.19,0,-0.271958832538716
72.21,0,-0.272033833679041
72.22999999999999,0,-0.272108834817776
72.25,0,-0.272183835954923
72.27,0,-0.272258837090484
72.28999999999999,0,-0.272333838224462
72.30999999999999,0,-0.272408839356859
72.33,0,-0.272483840487677
72.35,0,-0.272558841616918
72.36999999999999,0,-0.272633842744584
72.39,0,-0.272708843870678
72.41,0,-0.272783844995202
72.42999999999999,0,-0.272858846118158
72.44999999999999,0,-0.272933847239548
72.47,0,-0.273008848359374
72.49,0,-0.273083849477639
72.50999999999999,0,-0.273158850594344
72.53,0,-0.273233851709493
72.55,0,-0.273308852823086
72.57,0,-0.273383853935127
72.58999999999999,0,-0.273458855045617
72.61,0,-0.273533856154559
72.63,0,-0.273608857261955
72.64999999999999,0,-0.273683858367806
72.66999999999999,0,-0.273758859472115
72.69,0,-0.273833860574885
72.71,0,-0.273908861676117
72.72999999999999,0,-0.273983862775813
72.75,0,-0.274058863873976
72.77,0,-0.274133864970608
72.78999999999999,0,-0.27420886606571
72.80999999999999,0,-0.274283867159286
72.83,0,-0.274358868251337
72.85,0,-0.274433869341865
72.86999999999999,0,-0.274508870430872
72.89,0,-0.274583871518361
72.91,0,-0.274658872604334
72.92999999999999,0,-0.274733873688792
72.94999999999999,0,-0.274808874771738
72.97,0,-0.274883875853174
72.99,0,-0.274958876933102
73.00999999999999,0,-0.275033878011525
73.02999999999999,0,-0.275108879088443
73.05,0,-0.27518388016386
73.07,0,-0.275258881237778
73.08999999999999,0,-0.275333882310198
73.11,0,-0.275408883381123
73.13,0,-0.275483884450554
73.14999999999999,0,-0.275558885518494
73.16999999999999,0,-0.275633886584945
73.19,0,-0.275708887649909
73.21,0,-0.275783888713388
73.22999999999999,0,-0.275858889775385
73.25,0,-0.2759338908359
73.27,0,-0.276008891894937
73.28999999999999,0,-0.276083892952497
73.30999999999999,0,-0.276158894008582
73.33,0,-0.276233895063195
73.35,0,-0.276308896116337
73.36999999999999,0,-0.276383897168011
73.39,0,-0.276458898218218
73.41,0,-0.276533899266961
73.42999999999999,0,-0.276608900314241
73.44999999999999,0,-0.276683901360062
73.47,0,-0.276758902404424
73.49,0,-0.27683390344733
73.50999999999999,0,-0.276908904488781
73.52999999999999,0,-0.27698390552878
73.55,0,-0.27705890656733
73.57,0,-0.277133907604431
73.58999999999999,0,-0.277208908640086
73.61,0,-0.277283909674297
73.63,0,-0.277358910707066
73.64999999999999,0,-0.277433911738394
73.66999999999999,0,-0.277508912768285
73.69,0,-0.27758391379674
73.71,0,-0.27765891482376
73.72999999999999,0,-0.277733915849349
73.75,0,-0.277808916873507
73.77,0,-0.277883917896238
73.78999999999999,0,-0.277958918917542
73.80999999999999,0,-0.278033919937422
73.83,0,-0.278108920955881
73.85,0,-0.278183921972919
73.86999999999999,0,-0.278258922988539
73.89,0,-0.278333924002743
73.91,0,-0.278408925015532
73.92999999999999,0,-0.278483926026909
73.94999999999999,0,-0.278558927036877
73.97,0,-0.278633928045436
73.99,0,-0.278708929052588
74.00999999999999,0,-0.278783930058336
74.02999999999999,0,-0.278858931062682
74.05,0,-0.278933932065628
74.07,0,-0.279008933067174
74.08999999999999,0,-0.279083934067325
74.11,0,-0.279158935066081
74.13,0,-0.279233936063444
74.14999999999999,0,-0.279308937059416
74.16999999999999,0,-0.279383938054
74.19,0,-0.279458939047197
74.21,0,-0.279533940039009
74.22999999999999,0,-0.279608941029438
74.25,0,-0.279683942018486
74.27,0,-0.279758943006155
74.28999999999999,0,-0.279833943992446
74.30999999999999,0,-0.279908944977363
74.33,0,-0.279983945960906
74.35,0,-0.280058946943078
74.36999999999999,0,-0.28013394792388
74.39,0,-0.280208948903314
74.41,0,-0.280283949881383
74.42999999999999,0,-0.280358950858088
74.44999999999999,0,-0.280433951833431
74.47,0,-0.280508952807414
74.49,0,-0.28058395378004
74.50999999999999,0,-0.280658954751308
74.52999999999999,0,-0.280733955721223
74.55,0,-0.280808956689785
74.57,0,-0.280883957656997
74.58999999999999,0,-0.28095895862286
74.61,0,-0.281033959587376
74.63,0,-0.281108960550547
74.64999999999999,0,-0.281183961512375
74.66999999999999,0,-0.281258962472862
74.69,0,-0.28133396343201
74.71,0,-0.28140896438982
74.72999999999999,0,-0.281483965346295
74.75,0,-0.281558966301436
74.77,0,-0.281633967255246
74.78999999999999,0,-0.281708968207725
74.80999999999999,0,-0.281783969158876
74.83,0,-0.281858970108701
74.85,0,-0.281933971057202
74.86999999999999,0,-0.28200897200438
74.89,0,-0.282083972950237
74.91,0,-0.282158973894776
74.92999999999999,0,-0.282233974837997
74.94999999999999,0,-0.282308975779903
74.97,0,-0.282383976720496
74.99,0,-0.282458977659777
75.00999999999999,0,-0.282533978597749
75.02999999999999,0,-0.282608979534412
75.05,0,-0.28268398046977
75.07,0,-0.282758981403823
75.08999999999999,0,-0.282833982336574
75.11,0,-0.282908983268025
75.13,0,-0.282983984198176
75.14999999999999,0,-0.283058985127031
75.16999999999999,0,-0.28313398605459
75.19,0,-0.283208986980856
75.21,0,-0.28328398790583
75.22999999999999,0,-0.283358988829515
75.25,0,-0.283433989751912
75.27,0,-0.283508990673022
75.28999999999999,0,-0.283583991592849
75.30999999999999,0,-0.283658992511392
75.33,0,-0.283733993428655
75.35,0,-0.283808994344639
75.36999999999999,0,-0.283883995259345
75.39,0,-0.283958996172776
75.41,0,-0.284033997084934
75.42999999999999,0,-0.284108997995819
75.44999999999999,0,-0.284183998905435
75.47,0,-0.284258999813782
75.49,0,-0.284334000720862
75.50999999999999,0,-0.284409001626678
75.52999999999999,0,-0.284484002531231
75.55,0,-0.284559003434522
75.57,0,-0.284634004336554
75.58999999999999,0,-0.284709005237328
75.61,0,-0.284784006136846
75.63,0,-0.28485900703511
75.64999999999999,0,-0.284934007932121
75.66999999999999,0,-0.285009008827882
75.69,0,-0.285084009722393
75.71,0,-0.285159010615657
75.72999999999999,0,-0.285234011507676
75.75,0,-0.285309012398451
75.77,0,-0.285384013287984
75.78999999999999,0,-0.285459014176276
75.80999999999999,0,-0.28553401506333
75.83,0,-0.285609015949147
75.85,0,-0.285684016833729
75.86999999999999,0,-0.285759017717077
75.89,0,-0.285834018599194
75.91,0,-0.28590901948008
75.92999999999999,0,-0.285984020359738
75.94999999999999,0,-0.28605902123817
75.97,0,-0.286134022115377
75.99,0,-0.286209022991361
76.00999999999999,0,-0.286284023866123
76.02999999999999,0,-0.286359024739666
76.05,0,-0.28643402561199
76.07,0,-0.286509026483098
76.08999999999999,0,-0.286584027352992
76.11,0,-0.286659028221672
76.13,0,-0.286734029089141
76.14999999999999,0,-0.286809029955401
76.16999999999999,0,-0.286884030820453
76.19,0,-0.286959031684298
76.21,0,-0.28703403254694
76.22999999999999,0,-0.287109033408378
76.25,0,-0.287184034268615
76.27,0,-0.287259035127652
76.28999999999999,0,-0.287334035985492
76.30999999999999,0,-0.287409036842136
76.33,0,-0.287484037697585
76.35,0,-0.287559038551841
76.36999999999999,0,-0.287634039404906
76.38999999999999,0,-0.287709040256782
76.41,0,-0.287784041107469
76.42999999999999,0,-0.287859041956971
76.44999999999999,0,-0.287934042805288
76.47,0,-0.288009043652422
76.49,0,-0.288084044498375
76.50999999999999,0,-0.288159045343149
76.52999999999999,0,-0.288234046186744
76.55,0,-0.288309047029163
76.57,0,-0.288384047870408
76.58999999999999,0,-0.288459048710479
76.61,0,-0.28853404954938
76.63,0,-0.28860905038711
76.64999999999999,0,-0.288684051223672
76.66999999999999,0,-0.288759052059068
76.69,0,-0.288834052893299
76.71,0,-0.288909053726367
76.72999999999999,0,-0.288984054558273
76.75,0,-0.289059055389019
76.77,0,-0.289134056218607
76.78999999999999,0,-0.289209057047038
76.80999999999999,0,-0.289284057874314
76.83,0,-0.289359058700436
76.85,0,-0.289434059525406
76.86999999999999,0,-0.289509060349226
76.88999999999999,0,-0.289584061171898
76.91,0,-0.289659061993422
76.92999999999999,0,-0.289734062813801
76.94999999999999,0,-0.289809063633036
76.97,0,-0.289884064451128
76.99,0,-0.28995906526808
77.00999999999999,0,-0.290034066083893
77.02999999999999,0,-0.290109066898568
77.05,0,-0.290184067712107
77.07,0,-0.290259068524512
77.08999999999999,0,-0.290334069335783
77.11,0,-0.290409070145924
77.13,0,-0.290484070954935
77.14999999999999,0,-0.290559071762818
77.16999999999999,0,-0.290634072569575
77.19,0,-0.290709073375206
77.21,0,-0.290784074179715
77.22999999999999,0,-0.290859074983101
77.25,0,-0.290934075785367
77.27,0,-0.291009076586515
77.28999999999999,0,-0.291084077386545
77.30999999999999,0,-0.29115907818546
77.33,0,-0.291234078983261
77.35,0,-0.29130907977995
77.36999999999999,0,-0.291384080575528
77.38999999999999,0,-0.291459081369996
77.41,0,-0.291534082163356
77.42999999999999,0,-0.291609082955611
77.44999999999999,0,-0.29168408374676
77.47,0,-0.291759084536807
77.49,0,-0.291834085325751
77.50999999999999,0,-0.291909086113596
77.52999999999999,0,-0.291984086900342
77.55,0,-0.292059087685991
77.57,0,-0.292134088470545
77.58999999999999,0,-0.292209089254005
77.61,0,-0.292284090036372
77.63,0,-0.292359090817648
77.64999999999999,0,-0.292434091597835
77.66999999999999,0,-0.292509092376934
77.69,0,-0.292584093154947
77.71,0,-0.292659093931875
77.72999999999999,0,-0.292734094707719
77.75,0,-0.292809095482482
77.77,0,-0.292884096256164
77.78999999999999,0,-0.292959097028768
77.80999999999999,0,-0.293034097800294
77.83,0,-0.293109098570745
77.85,0,-0.293184099340121
77.86999999999999,0,-0.293259100108424
77.88999999999999,0,-0.293334100875657
77.91,0,-0.293409101641819
77.92999999999999,0,-0.293484102406913
77.94999999999999,0,-0.29355910317094
77.97,0,-0.293634103933902
77.99,0,-0.2937091046958
78.00999999999999,0,-0.293784105456635
78.02999999999999,0,-0.29385910621641
78.05,0,-0.293934106975125
78.07,0,-0.294009107732783
78.08999999999999,0,-0.294084108489383
78.11,0,-0.294159109244929
78.13,0,-0.294234109999422
78.14999999999999,0,-0.294309110752862
78.16999999999999,0,-0.294384111505252
78.19,0,-0.294459112256593
78.21,0,-0.294534113006886
78.22999999999999,0,-0.294609113756132
78.25,0,-0.294684114504334
78.27,0,-0.294759115251493
78.28999999999999,0,-0.29483411599761
78.30999999999999,0,-0.294909116742687
78.33,0,-0.294984117486724
78.35,0,-0.295059118229725
78.36999999999999,0,-0.295134118971689
78.38999999999999,0,-0.295209119712618
78.41,0,-0.295284120452515
78.42999999999999,0,-0.29535912119138
78.44999999999999,0,-0.295434121929214
78.47,0,-0.29550912266602
78.49,0,-0.295584123401798
78.50999999999999,0,-0.295659124136551
78.52999999999999,0,-0.295734124870279
78.55,0,-0.295809125602983
78.57,0,-0.295884126334666
78.58999999999999,0,-0.295959127065329
78.61,0,-0.296034127794973
78.63,0,-0.2961091285236
78.64999999999999,0,-0.296184129251211
78.66999999999999,0,-0.296259129977807
78.69,0,-0.29633413070339
78.71,0,-0.296409131427961
78.72999999999999,0,-0.296484132151522
78.75,0,-0.296559132874074
78.77,0,-0.296634133595618
78.78999999999999,0,-0.296709134316157
78.80999999999999,0,-0.29678413503569
78.83,0,-0.296859135754221
78.85,0,-0.296934136471749
78.86999999999999,0,-0.297009137188277
78.88999999999999,0,-0.297084137903806
78.91,0,-0.297159138618337
78.92999999999999,0,-0.297234139331872
78.94999999999999,0,-0.297309140044412
78.97,0,-0.297384140755958
78.99,0,-0.297459141466512
79.00999999999999,0,-0.297534142176076
79.02999999999999,0,-0.29760914288465
79.05,0,-0.297684143592236
79.07,0,-0.297759144298835
79.08999999999999,0,-0.297834145004449
79.11,0,-0.297909145709079
79.13,0,-0.297984146412727
79.14999999999999,0,-0.298059147115393
79.16999999999999,0,-0.29813414781708
79.19,0,-0.298209148517788
79.21,0,-0.29828414921752
79.22999999999999,0,-0.298359149916275
79.25,0,-0.298434150614057
79.27,0,-0.298509151310865
79.28999999999999,0,-0.298584152006701
79.30999999999999,0,-0.298659152701568
79.33,0,-0.298734153395465
79.35,0,-0.298809154088395
79.36999999999999,0,-0.298884154780359
79.38999999999999,0,-0.298959155471358
79.41,0,-0.299034156161393
79.42999999999999,0,-0.299109156850466
79.44999999999999,0,-0.299184157538579
79.47,0,-0.299259158225732
79.49,0,-0.299334158911926
79.50999999999999,0,-0.299409159597164
79.52999999999999,0,-0.299484160281447
79.55,0,-0.299559160964775
79.57,0,-0.299634161647151
79.58999999999999,0,-0.299709162328575
79.61,0,-0.299784163009048
79.63,0,-0.299859163688573
79.64999999999999,0,-0.299934164367151
79.66999999999999,0,-0.300009165044782
79.69,0,-0.300084165721469
79.71,0,-0.300159166397211
79.72999999999999,0,-0.300234167072012
79.75,0,-0.300309167745872
79.77,0,-0.300384168418792
79.78999999999999,0,-0.300459169090774
79.80999999999999,0,-0.300534169761818
79.83,0,-0.300609170431928
79.85,0,-0.300684171101102
79.86999999999999,0,-0.300759171769344
79.88999999999999,0,-0.300834172436654
79.91,0,-0.300909173103033
79.92999999999999,0,-0.300984173768483
79.94999999999999,0,-0.301059174433006
79.97,0,-0.301134175096601
79.99,0,-0.301209175759272
80.00999999999999,0,-0.301284176421018
80.02999999999999,0,-0.301359177081842
80.05,0,-0.301434177741744
80.07,0,-0.301509178400726
80.08999999999999,0,-0.301584179058789
80.11,0,-0.301659179715935
80.13,0,-0.301734180372164
80.14999999999999,0,-0.301809181027479
80.16999999999999,0,-0.301884181681879
80.19,0,-0.301959182335367
80.21,0,-0.302034182987944
80.22999999999999,0,-0.302109183639611
80.24999999999999,0,-0.302184184290369
80.27,0,-0.30225918494022
80.28999999999999,0,-0.302334185589165
80.30999999999999,0,-0.302409186237204
80.33,0,-0.302484186884341
80.35,0,-0.302559187530575
80.36999999999999,0,-0.302634188175907
80.38999999999999,0,-0.30270918882034
80.41,0,-0.302784189463875
80.42999999999999,0,-0.302859190106512
80.44999999999999,0,-0.302934190748253
80.47,0,-0.303009191389099
80.49,0,-0.303084192029051
80.50999999999999,0,-0.303159192668111
80.52999999999999,0,-0.303234193306281
80.55,0,-0.30330919394356
80.57,0,-0.30338419457995
80.58999999999999,0,-0.303459195215454
80.61,0,-0.303534195850071
80.63,0,-0.303609196483803
80.64999999999999,0,-0.303684197116652
80.66999999999999,0,-0.303759197748618
80.69,0,-0.303834198379703
80.71,0,-0.303909199009908
80.72999999999999,0,-0.303984199639234
80.74999999999999,0,-0.304059200267683
80.77,0,-0.304134200895255
80.78999999999999,0,-0.304209201521953
80.80999999999999,0,-0.304284202147776
80.83,0,-0.304359202772727
80.85,0,-0.304434203396807
80.86999999999999,0,-0.304509204020016
80.88999999999999,0,-0.304584204642356
80.91,0,-0.304659205263829
80.92999999999999,0,-0.304734205884435
80.94999999999999,0,-0.304809206504175
80.97,0,-0.304884207123052
80.99,0,-0.304959207741065
81.00999999999999,0,-0.305034208358217
81.02999999999999,0,-0.305109208974508
81.05,0,-0.30518420958994
81.07,0,-0.305259210204514
81.08999999999999,0,-0.305334210818231
81.11,0,-0.305409211431092
81.13,0,-0.305484212043098
81.14999999999999,0,-0.305559212654251
81.16999999999999,0,-0.305634213264552
81.19,0,-0.305709213874002
81.21,0,-0.305784214482602
81.22999999999999,0,-0.305859215090354
81.24999999999999,0,-0.305934215697258
81.27,0,-0.306009216303316
81.28999999999999,0,-0.306084216908528
81.30999999999999,0,-0.306159217512897
81.33,0,-0.306234218116423
81.35,0,-0.306309218719108
81.36999999999999,0,-0.306384219320952
81.38999999999999,0,-0.306459219921957
81.41,0,-0.306534220522124
81.42999999999999,0,-0.306609221121455
81.44999999999999,0,-0.306684221719949
81.47,0,-0.306759222317609
81.49,0,-0.306834222914436
81.50999999999999,0,-0.30690922351043
81.52999999999999,0,-0.306984224105593
81.55,0,-0.307059224699927
81.57,0,-0.307134225293431
81.58999999999999,0,-0.307209225886109
81.61,0,-0.307284226477959
81.63,0,-0.307359227068985
81.64999999999999,0,-0.307434227659186
81.66999999999999,0,-0.307509228248565
81.69,0,-0.307584228837121
81.71,0,-0.307659229424857
81.72999999999999,0,-0.307734230011773
81.74999999999999,0,-0.307809230597871
81.77,0,-0.307884231183152
81.78999999999999,0,-0.307959231767617
81.80999999999999,0,-0.308034232351267
81.83,0,-0.308109232934103
81.85,0,-0.308184233516126
81.86999999999999,0,-0.308259234097337
81.88999999999999,0,-0.308334234677739
81.91,0,-0.30840923525733
81.92999999999999,0,-0.308484235836114
81.94999999999999,0,-0.308559236414091
81.97,0,-0.308634236991262
81.99,0,-0.308709237567628
82.00999999999999,0,-0.30878423814319
82.02999999999999,0,-0.30885923871795
82.05,0,-0.308934239291908
82.07,0,-0.309009239865066
82.08999999999999,0,-0.309084240437425
82.11,0,-0.309159241008986
82.13,0,-0.309234241579749
82.14999999999999,0,-0.309309242149717
82.16999999999999,0,-0.30938424271889
82.19,0,-0.30945924328727
82.21,0,-0.309534243854857
82.22999999999999,0,-0.309609244421653
82.24999999999999,0,-0.309684244987658
82.27,0,-0.309759245552874
82.28999999999999,0,-0.309834246117302
82.30999999999999,0,-0.309909246680943
82.33,0,-0.309984247243798
82.35,0,-0.310059247805868
82.36999999999999,0,-0.310134248367154
82.38999999999999,0,-0.310209248927658
82.41,0,-0.31028424948738
82.42999999999999,0,-0.310359250046322
82.44999999999999,0,-0.310434250604484
82.47,0,-0.310509251161868
82.49,0,-0.310584251718475
82.50999999999999,0,-0.310659252274305
82.52999999999999,0,-0.310734252829361
82.55,0,-0.310809253383643
82.57,0,-0.310884253937152
82.58999999999999,0,-0.310959254489889
82.61,0,-0.311034255041855
82.63,0,-0.311109255593052
82.64999999999999,0,-0.31118425614348
82.66999999999999,0,-0.31125925669314
82.69,0,-0.311334257242035
82.71,0,-0.311409257790163
82.72999999999999,0,-0.311484258337528
82.74999999999999,0,-0.311559258884129
82.77,0,-0.311634259429968
82.78999999999999,0,-0.311709259975046
82.80999999999999,0,-0.311784260519364
82.83,0,-0.311859261062923
82.85,0,-0.311934261605724
82.86999999999999,0,-0.312009262147768
82.88999999999999,0,-0.312084262689057
82.91,0,-0.31215926322959
82.92999999999999,0,-0.31223426376937
82.94999999999999,0,-0.312309264308398
82.97,0,-0.312384264846673
82.99,0,-0.312459265384198
83.00999999999999,0,-0.312534265920974
83.02999999999999,0,-0.312609266457001
83.05,0,-0.312684266992281
83.07,0,-0.312759267526814
83.08999999999999,0,-0.312834268060602
83.11,0,-0.312909268593646
83.13,0,-0.312984269125946
83.14999999999999,0,-0.313059269657504
83.16999999999999,0,-0.313134270188321
83.19,0,-0.313209270718398
83.21,0,-0.313284271247736
83.22999999999999,0,-0.313359271776335
83.24999999999999,0,-0.313434272304198
83.27,0,-0.313509272831324
83.28999999999999,0,-0.313584273357716
83.30999999999999,0,-0.313659273883373
83.33,0,-0.313734274408298
83.35,0,-0.31380927493249
83.36999999999999,0,-0.313884275455952
83.38999999999999,0,-0.313959275978684
83.41,0,-0.314034276500686
83.42999999999999,0,-0.314109277021961
83.44999999999999,0,-0.31418427754251
83.47,0,-0.314259278062332
83.49,0,-0.314334278581429
83.50999999999999,0,-0.314409279099803
83.52999999999999,0,-0.314484279617454
83.55,0,-0.314559280134383
83.57,0,-0.314634280650591
83.58999999999999,0,-0.31470928116608
83.61,0,-0.314784281680849
83.63,0,-0.314859282194901
83.64999999999999,0,-0.314934282708236
83.66999999999999,0,-0.315009283220856
83.69,0,-0.31508428373276
83.71,0,-0.315159284243951
83.72999999999999,0,-0.315234284754429
83.74999999999999,0,-0.315309285264195
83.77,0,-0.315384285773251
83.78999999999999,0,-0.315459286281596
83.80999999999999,0,-0.315534286789233
83.83,0,-0.315609287296162
83.85,0,-0.315684287802384
83.86999999999999,0,-0.3157592883079
83.88999999999999,0,-0.315834288812711
83.91,0,-0.315909289316819
83.92999999999999,0,-0.315984289820223
83.94999999999999,0,-0.316059290322926
83.97,0,-0.316134290824928
83.99,0,-0.316209291326229
84.00999999999999,0,-0.316284291826832
84.02999999999999,0,-0.316359292326736
84.05,0,-0.316434292825944
84.07,0,-0.316509293324455
84.08999999999999,0,-0.316584293822272
84.10999999999999,0,-0.316659294319394
84.13,0,-0.316734294815823
84.14999999999999,0,-0.31680929531156
84.16999999999999,0,-0.316884295806605
84.19,0,-0.316959296300961
84.21,0,-0.317034296794627
84.22999999999999,0,-0.317109297287604
84.24999999999999,0,-0.317184297779894
84.27,0,-0.317259298271498
84.28999999999999,0,-0.317334298762417
84.30999999999999,0,-0.31740929925265
84.33,0,-0.317484299742201
84.35,0,-0.317559300231068
84.36999999999999,0,-0.317634300719254
84.38999999999999,0,-0.317709301206759
84.41,0,-0.317784301693585
84.42999999999999,0,-0.317859302179731
84.44999999999999,0,-0.3179343026652
84.47,0,-0.318009303149992
84.49,0,-0.318084303634108
84.50999999999999,0,-0.318159304117549
84.52999999999999,0,-0.318234304600315
84.55,0,-0.318309305082409
84.57,0,-0.31838430556383
84.58999999999999,0,-0.31845930604458
84.60999999999999,0,-0.31853430652466
84.63,0,-0.31860930700407
84.64999999999999,0,-0.318684307482812
84.66999999999999,0,-0.318759307960886
84.69,0,-0.318834308438294
84.71,0,-0.318909308915036
84.72999999999999,0,-0.318984309391113
84.74999999999999,0,-0.319059309866527
84.77,0,-0.319134310341277
84.78999999999999,0,-0.319209310815366
84.80999999999999,0,-0.319284311288793
84.83,0,-0.31935931176156
84.85,0,-0.319434312233669
84.86999999999999,0,-0.319509312705118
84.88999999999999,0,-0.319584313175911
84.91,0,-0.319659313646047
84.92999999999999,0,-0.319734314115527
84.94999999999999,0,-0.319809314584353
84.97,0,-0.319884315052525
84.99,0,-0.319959315520044
85.00999999999999,0,-0.320034315986912
85.02999999999999,0,-0.320109316453128
85.05,0,-0.320184316918694
85.07,0,-0.320259317383611
85.08999999999999,0,-0.32033431784788
85.10999999999999,0,-0.320409318311502
85.13,0,-0.320484318774477
85.14999999999999,0,-0.320559319236806
85.16999999999999,0,-0.320634319698491
85.19,0,-0.320709320159532
85.21,0,-0.32078432061993
85.22999999999999,0,-0.320859321079686
85.24999999999999,0,-0.320934321538801
85.27,0,-0.321009321997276
85.28999999999999,0,-0.321084322455112
85.30999999999999,0,-0.321159322912309
85.33,0,-0.321234323368869
85.35,0,-0.321309323824792
85.36999999999999,0,-0.32138432428008
85.38999999999999,0,-0.321459324734732
85.41,0,-0.321534325188751
85.42999999999999,0,-0.321609325642136
85.44999999999999,0,-0.32168432609489
85.47,0,-0.321759326547012
85.49,0,-0.321834326998503
85.50999999999999,0,-0.321909327449365
85.52999999999999,0,-0.321984327899599
85.55,0,-0.322059328349204
85.57,0,-0.322134328798183
85.58999999999999,0,-0.322209329246536
85.60999999999999,0,-0.322284329694263
85.63,0,-0.322359330141366
85.64999999999999,0,-0.322434330587846
85.66999999999999,0,-0.322509331033703
85.69,0,-0.322584331478939
85.71,0,-0.322659331923553
85.72999999999999,0,-0.322734332367548
85.74999999999999,0,-0.322809332810924
85.77,0,-0.322884333253681
85.78999999999999,0,-0.322959333695821
85.80999999999999,0,-0.323034334137345
85.83,0,-0.323109334578252
85.85,0,-0.323184335018545
85.86999999999999,0,-0.323259335458225
85.88999999999999,0,-0.323334335897291
85.91,0,-0.323409336335744
85.92999999999999,0,-0.323484336773587
85.94999999999999,0,-0.323559337210819
85.97,0,-0.323634337647441
85.99,0,-0.323709338083455
86.00999999999999,0,-0.32378433851886
86.02999999999999,0,-0.323859338953658
86.05,0,-0.32393433938785
86.07,0,-0.324009339821437
86.08999999999999,0,-0.324084340254419
86.10999999999999,0,-0.324159340686798
86.13,0,-0.324234341118573
86.14999999999999,0,-0.324309341549746
86.16999999999999,0,-0.324384341980319
86.19,0,-0.32445934241029
86.21,0,-0.324534342839663
86.22999999999999,0,-0.324609343268436
86.24999999999999,0,-0.324684343696612
86.27,0,-0.32475934412419
86.28999999999999,0,-0.324834344551173
86.30999999999999,0,-0.32490934497756
86.33,0,-0.324984345403352
86.35,0,-0.325059345828551
86.36999999999999,0,-0.325134346253157
86.38999999999999,0,-0.325209346677171
86.41,0,-0.325284347100594
86.42999999999999,0,-0.325359347523426
86.44999999999999,0,-0.325434347945668
86.47,0,-0.325509348367322
86.49,0,-0.325584348788388
86.50999999999999,0,-0.325659349208867
86.52999999999999,0,-0.325734349628759
86.55,0,-0.325809350048066
86.57,0,-0.325884350466789
86.58999999999999,0,-0.325959350884927
86.60999999999999,0,-0.326034351302483
86.63,0,-0.326109351719456
86.64999999999999,0,-0.326184352135848
86.66999999999999,0,-0.326259352551659
86.69,0,-0.32633435296689
86.71,0,-0.326409353381542
86.72999999999999,0,-0.326484353795617
86.74999999999999,0,-0.326559354209113
86.77,0,-0.326634354622034
86.78999999999999,0,-0.326709355034378
86.80999999999999,0,-0.326784355446148
86.83,0,-0.326859355857343
86.85,0,-0.326934356267965
86.86999999999999,0,-0.327009356678015
86.88999999999999,0,-0.327084357087492
86.91,0,-0.327159357496399
86.92999999999999,0,-0.327234357904735
86.94999999999999,0,-0.327309358312503
86.97,0,-0.327384358719701
86.99,0,-0.327459359126332
87.00999999999999,0,-0.327534359532396
87.02999999999999,0,-0.327609359937893
87.05,0,-0.327684360342826
87.07,0,-0.327759360747193
87.08999999999999,0,-0.327834361150997
87.10999999999999,0,-0.327909361554237
87.13,0,-0.327984361956916
87.14999999999999,0,-0.328059362359033
87.16999999999999,0,-0.328134362760589
87.19,0,-0.328209363161585
87.21,0,-0.328284363562022
87.22999999999999,0,-0.328359363961901
87.24999999999999,0,-0.328434364361222
87.27,0,-0.328509364759987
87.28999999999999,0,-0.328584365158195
87.30999999999999,0,-0.328659365555848
87.33,0,-0.328734365952947
87.35,0,-0.328809366349492
87.36999999999999,0,-0.328884366745484
87.38999999999999,0,-0.328959367140924
87.41,0,-0.329034367535812
87.42999999999999,0,-0.32910936793015
87.44999999999999,0,-0.329184368323938
87.47,0,-0.329259368717177
87.49,0,-0.329334369109867
87.50999999999999,0,-0.32940936950201
87.52999999999999,0,-0.329484369893607
87.55,0,-0.329559370284657
87.57,0,-0.329634370675162
87.58999999999999,0,-0.329709371065122
87.60999999999999,0,-0.329784371454539
87.63,0,-0.329859371843412
87.64999999999999,0,-0.329934372231744
87.66999999999999,0,-0.330009372619534
87.69,0,-0.330084373006783
87.71,0,-0.330159373393492
87.72999999999999,0,-0.330234373779662
87.74999999999999,0,-0.330309374165294
87.77,0,-0.330384374550388
87.78999999999999,0,-0.330459374934944
87.80999999999999,0,-0.330534375318965
87.83,0,-0.33060937570245
87.85,0,-0.330684376085401
87.86999999999999,0,-0.330759376467817
87.88999999999999,0,-0.3308343768497
87.91,0,-0.330909377231051
87.92999999999999,0,-0.33098437761187
87.94999999999999,0,-0.331059377992158
87.96999999999998,0,-0.331134378371916
87.99,0,-0.331209378751144
88.00999999999999,0,-0.331284379129844
88.02999999999999,0,-0.331359379508015
88.05,0,-0.331434379885659
88.07,0,-0.331509380262777
88.08999999999999,0,-0.331584380639368
88.10999999999999,0,-0.331659381015435
88.13,0,-0.331734381390977
88.14999999999999,0,-0.331809381765996
88.16999999999999,0,-0.331884382140491
88.19,0,-0.331959382514465
88.21,0,-0.332034382887917
88.22999999999999,0,-0.332109383260848
88.24999999999999,0,-0.332184383633259
88.27,0,-0.332259384005151
88.28999999999999,0,-0.332334384376524
88.30999999999999,0,-0.33240938474738
88.33,0,-0.332484385117718
88.35,0,-0.33255938548754
88.36999999999999,0,-0.332634385856847
88.38999999999999,0,-0.332709386225638
88.41,0,-0.332784386593915
88.42999999999999,0,-0.332859386961679
88.44999999999999,0,-0.33293438732893
88.46999999999998,0,-0.333009387695669
88.49,0,-0.333084388061896
88.50999999999999,0,-0.333159388427613
88.52999999999999,0,-0.33323438879282
88.55,0,-0.333309389157517
88.57,0,-0.333384389521706
88.58999999999999,0,-0.333459389885387
88.60999999999999,0,-0.333534390248562
88.63,0,-0.333609390611229
88.64999999999999,0,-0.333684390973391
88.66999999999999,0,-0.333759391335048
88.69,0,-0.333834391696201
88.71,0,-0.33390939205685
88.72999999999999,0,-0.333984392416997
88.74999999999999,0,-0.334059392776641
88.77,0,-0.334134393135783
88.78999999999999,0,-0.334209393494425
88.80999999999999,0,-0.334284393852567
88.83,0,-0.334359394210209
88.85,0,-0.334434394567353
88.86999999999999,0,-0.334509394923999
88.88999999999999,0,-0.334584395280147
88.91,0,-0.334659395635799
88.92999999999999,0,-0.334734395990955
88.94999999999999,0,-0.334809396345615
88.96999999999998,0,-0.334884396699782
88.99,0,-0.334959397053454
89.00999999999999,0,-0.335034397406633
89.02999999999999,0,-0.33510939775932
89.05,0,-0.335184398111515
89.07,0,-0.335259398463218
89.08999999999999,0,-0.335334398814432
89.10999999999999,0,-0.335409399165155
89.13,0,-0.33548439951539
89.14999999999999,0,-0.335559399865136
89.16999999999999,0,-0.335634400214395
89.19,0,-0.335709400563167
89.21,0,-0.335784400911452
89.22999999999999,0,-0.335859401259251
89.24999999999999,0,-0.335934401606566
89.27,0,-0.336009401953397
89.28999999999999,0,-0.336084402299743
89.30999999999999,0,-0.336159402645607
89.33,0,-0.336234402990989
89.35,0,-0.336309403335889
89.36999999999999,0,-0.336384403680308
89.38999999999999,0,-0.336459404024247
89.41,0,-0.336534404367706
89.42999999999999,0,-0.336609404710686
89.44999999999999,0,-0.336684405053188
89.46999999999998,0,-0.336759405395213
89.49,0,-0.33683440573676
89.50999999999999,0,-0.336909406077832
89.52999999999999,0,-0.336984406418427
89.55,0,-0.337059406758548
89.57,0,-0.337134407098195
89.58999999999999,0,-0.337209407437368
89.60999999999999,0,-0.337284407776068
89.63,0,-0.337359408114296
89.64999999999999,0,-0.337434408452052
89.66999999999999,0,-0.337509408789337
89.69,0,-0.337584409126152
89.71,0,-0.337659409462497
89.72999999999999,0,-0.337734409798374
89.74999999999999,0,-0.337809410133782
89.77,0,-0.337884410468722
89.78999999999999,0,-0.337959410803195
89.80999999999999,0,-0.338034411137202
89.83,0,-0.338109411470743
89.85,0,-0.338184411803819
89.86999999999999,0,-0.338259412136431
89.88999999999999,0,-0.338334412468578
89.91,0,-0.338409412800263
89.92999999999999,0,-0.338484413131485
89.94999999999999,0,-0.338559413462246
89.96999999999998,0,-0.338634413792545
89.99,0,-0.338709414122383
90.00999999999999,0,-0.338784414451762
90.02999999999999,0,-0.338859414780681
90.05,0,-0.338934415109142
90.07,0,-0.339009415437145
90.08999999999999,0,-0.33908441576469
90.10999999999999,0,-0.339159416091779
90.13,0,-0.339234416418411
90.14999999999999,0,-0.339309416744588
90.16999999999999,0,-0.339384417070311
90.19,0,-0.339459417395579
90.21,0,-0.339534417720393
90.22999999999999,0,-0.339609418044755
90.24999999999999,0,-0.339684418368664
90.27,0,-0.339759418692122
90.28999999999999,0,-0.339834419015129
90.30999999999999,0,-0.339909419337685
90.33,0,-0.339984419659792
90.35,0,-0.340059419981449
90.36999999999999,0,-0.340134420302658
90.38999999999999,0,-0.340209420623419
90.41,0,-0.340284420943733
90.42999999999999,0,-0.3403594212636
90.44999999999999,0,-0.340434421583021
90.46999999999998,0,-0.340509421901997
90.49,0,-0.340584422220528
90.50999999999999,0,-0.340659422538614
90.52999999999999,0,-0.340734422856258
90.55,0,-0.340809423173458
90.57,0,-0.340884423490216
90.58999999999999,0,-0.340959423806532
90.60999999999999,0,-0.341034424122408
90.63,0,-0.341109424437843
90.64999999999999,0,-0.341184424752838
90.66999999999999,0,-0.341259425067393
90.69,0,-0.341334425381511
90.71,0,-0.34140942569519
90.72999999999999,0,-0.341484426008432
90.74999999999999,0,-0.341559426321237
90.77,0,-0.341634426633605
90.78999999999999,0,-0.341709426945539
90.80999999999999,0,-0.341784427257037
90.83,0,-0.341859427568101
90.85,0,-0.341934427878731
90.86999999999999,0,-0.342009428188928
90.88999999999999,0,-0.342084428498693
90.91,0,-0.342159428808026
90.92999999999999,0,-0.342234429116927
90.94999999999999,0,-0.342309429425398
90.96999999999998,0,-0.342384429733438
90.99,0,-0.342459430041049
91.00999999999999,0,-0.342534430348231
91.02999999999999,0,-0.342609430654985
91.05,0,-0.342684430961311
91.07,0,-0.34275943126721
91.08999999999999,0,-0.342834431572682
91.10999999999999,0,-0.342909431877728
91.13,0,-0.342984432182349
91.14999999999999,0,-0.343059432486546
91.16999999999999,0,-0.343134432790318
91.19,0,-0.343209433093666
91.21,0,-0.343284433396592
91.22999999999999,0,-0.343359433699095
91.24999999999999,0,-0.343434434001176
91.27,0,-0.343509434302836
91.28999999999999,0,-0.343584434604076
91.30999999999999,0,-0.343659434904895
91.32999999999998,0,-0.343734435205295
91.35,0,-0.343809435505276
91.36999999999999,0,-0.343884435804839
91.38999999999999,0,-0.343959436103984
91.41,0,-0.344034436402713
91.42999999999999,0,-0.344109436701024
91.44999999999999,0,-0.34418443699892
91.46999999999998,0,-0.3442594372964
91.49,0,-0.344334437593465
91.50999999999999,0,-0.344409437890116
91.52999999999999,0,-0.344484438186354
91.55,0,-0.344559438482178
91.57,0,-0.34463443877759
91.58999999999999,0,-0.34470943907259
91.60999999999999,0,-0.344784439367179
91.63,0,-0.344859439661357
91.64999999999999,0,-0.344934439955124
91.66999999999999,0,-0.345009440248482
91.69,0,-0.345084440541431
91.71,0,-0.345159440833972
91.72999999999999,0,-0.345234441126105
91.74999999999999,0,-0.34530944141783
91.77,0,-0.345384441709149
91.78999999999999,0,-0.345459442000061
91.80999999999999,0,-0.345534442290567
91.82999999999998,0,-0.345609442580669
91.85,0,-0.345684442870366
91.86999999999999,0,-0.345759443159659
91.88999999999999,0,-0.345834443448549
91.91,0,-0.345909443737036
91.92999999999999,0,-0.345984444025121
91.94999999999999,0,-0.346059444312804
91.96999999999998,0,-0.346134444600086
91.99,0,-0.346209444886967
92.00999999999999,0,-0.346284445173448
92.02999999999999,0,-0.34635944545953
92.05,0,-0.346434445745213
92.07,0,-0.346509446030497
92.08999999999999,0,-0.346584446315384
92.10999999999999,0,-0.346659446599874
92.13,0,-0.346734446883966
92.14999999999999,0,-0.346809447167663
92.16999999999999,0,-0.346884447450964
92.19,0,-0.34695944773387
92.21,0,-0.347034448016382
92.22999999999999,0,-0.347109448298499
92.24999999999999,0,-0.347184448580224
92.27,0,-0.347259448861555
92.28999999999999,0,-0.347334449142494
92.30999999999999,0,-0.347409449423042
92.32999999999998,0,-0.347484449703198
92.35,0,-0.347559449982964
92.36999999999999,0,-0.347634450262339
92.38999999999999,0,-0.347709450541325
92.41,0,-0.347784450819922
92.42999999999999,0,-0.347859451098131
92.44999999999999,0,-0.347934451375951
92.46999999999998,0,-0.348009451653384
92.49,0,-0.348084451930431
92.50999999999999,0,-0.348159452207091
92.52999999999999,0,-0.348234452483365
92.55,0,-0.348309452759254
92.57,0,-0.348384453034758
92.58999999999999,0,-0.348459453309878
92.60999999999999,0,-0.348534453584615
92.63,0,-0.348609453858968
92.64999999999999,0,-0.348684454132939
92.66999999999999,0,-0.348759454406528
92.69,0,-0.348834454679736
92.71,0,-0.348909454952562
92.72999999999999,0,-0.348984455225008
92.74999999999999,0,-0.349059455497074
92.77,0,-0.349134455768761
92.78999999999999,0,-0.349209456040069
92.80999999999999,0,-0.349284456310999
92.82999999999998,0,-0.34935945658155
92.85,0,-0.349434456851725
92.86999999999999,0,-0.349509457121523
92.88999999999999,0,-0.349584457390945
92.91,0,-0.349659457659991
92.92999999999999,0,-0.349734457928661
92.94999999999999,0,-0.349809458196958
92.96999999999998,0,-0.34988445846488
92.99,0,-0.349959458732428
93.00999999999999,0,-0.350034458999604
93.02999999999999,0,-0.350109459266407
93.05,0,-0.350184459532838
93.07,0,-0.350259459798897
93.08999999999999,0,-0.350334460064585
93.10999999999999,0,-0.350409460329903
93.13,0,-0.350484460594851
93.14999999999999,0,-0.35055946085943
93.16999999999999,0,-0.35063446112364
93.19,0,-0.350709461387481
93.21,0,-0.350784461650954
93.22999999999999,0,-0.35085946191406
93.24999999999999,0,-0.350934462176799
93.27,0,-0.351009462439172
93.28999999999999,0,-0.351084462701179
93.30999999999999,0,-0.35115946296282
93.32999999999998,0,-0.351234463224097
93.35,0,-0.351309463485009
93.36999999999999,0,-0.351384463745558
93.38999999999999,0,-0.351459464005743
93.41,0,-0.351534464265566
93.42999999999999,0,-0.351609464525026
93.44999999999999,0,-0.351684464784124
93.46999999999998,0,-0.351759465042862
93.49,0,-0.351834465301238
93.50999999999999,0,-0.351909465559254
93.52999999999999,0,-0.35198446581691
93.55,0,-0.352059466074207
93.57,0,-0.352134466331146
93.58999999999999,0,-0.352209466587726
93.60999999999999,0,-0.352284466843948
93.63,0,-0.352359467099813
93.64999999999999,0,-0.352434467355321
93.66999999999999,0,-0.352509467610473
93.69,0,-0.352584467865269
93.71,0,-0.35265946811971
93.72999999999999,0,-0.352734468373796
93.74999999999999,0,-0.352809468627528
93.77,0,-0.352884468880906
93.78999999999999,0,-0.35295946913393
93.80999999999999,0,-0.353034469386602
93.82999999999998,0,-0.353109469638922
93.85,0,-0.35318446989089
93.86999999999999,0,-0.353259470142506
93.88999999999999,0,-0.353334470393772
93.91,0,-0.353409470644687
93.92999999999999,0,-0.353484470895252
93.94999999999999,0,-0.353559471145468
93.96999999999998,0,-0.353634471395335
93.99,0,-0.353709471644854
94.00999999999999,0,-0.353784471894024
94.02999999999999,0,-0.353859472142848
94.05,0,-0.353934472391324
94.07,0,-0.354009472639454
94.08999999999999,0,-0.354084472887238
94.10999999999999,0,-0.354159473134676
94.13,0,-0.354234473381769
94.14999999999999,0,-0.354309473628518
94.16999999999999,0,-0.354384473874923
94.19,0,-0.354459474120984
94.21,0,-0.354534474366702
94.22999999999999,0,-0.354609474612077
94.24999999999999,0,-0.354684474857111
94.27,0,-0.354759475101802
94.28999999999999,0,-0.354834475346153
94.30999999999999,0,-0.354909475590162
94.32999999999998,0,-0.354984475833832
94.35,0,-0.355059476077162
94.36999999999999,0,-0.355134476320152
94.38999999999999,0,-0.355209476562803
94.41,0,-0.355284476805117
94.42999999999999,0,-0.355359477047092
94.44999999999999,0,-0.35543447728873
94.46999999999998,0,-0.355509477530031
94.49,0,-0.355584477770996
94.50999999999999,0,-0.355659478011624
94.52999999999999,0,-0.355734478251917
94.55,0,-0.355809478491875
94.57,0,-0.355884478731499
94.58999999999999,0,-0.355959478970788
94.60999999999999,0,-0.356034479209743
94.63,0,-0.356109479448366
94.64999999999999,0,-0.356184479686655
94.66999999999999,0,-0.356259479924613
94.69,0,-0.356334480162238
94.71,0,-0.356409480399533
94.72999999999999,0,-0.356484480636496
94.74999999999999,0,-0.356559480873129
94.77,0,-0.356634481109432
94.78999999999999,0,-0.356709481345406
94.80999999999999,0,-0.35678448158105
94.82999999999998,0,-0.356859481816366
94.85,0,-0.356934482051354
94.86999999999999,0,-0.357009482286014
94.88999999999999,0,-0.357084482520347
94.91,0,-0.357159482754353
94.92999999999999,0,-0.357234482988033
94.94999999999999,0,-0.357309483221387
94.96999999999998,0,-0.357384483454416
94.99,0,-0.357459483687119
95.00999999999999,0,-0.357534483919499
95.02999999999999,0,-0.357609484151554
95.05,0,-0.357684484383286
95.07,0,-0.357759484614694
95.08999999999999,0,-0.35783448484578
95.10999999999999,0,-0.357909485076544
95.13,0,-0.357984485306985
95.14999999999999,0,-0.358059485537106
95.16999999999999,0,-0.358134485766906
95.18999999999998,0,-0.358209485996385
95.21,0,-0.358284486225544
95.22999999999999,0,-0.358359486454384
95.24999999999999,0,-0.358434486682905
95.27,0,-0.358509486911107
95.28999999999999,0,-0.35858448713899
95.30999999999999,0,-0.358659487366556
95.32999999999998,0,-0.358734487593805
95.35,0,-0.358809487820737
95.36999999999999,0,-0.358884488047352
95.38999999999999,0,-0.358959488273652
95.41,0,-0.359034488499636
95.42999999999999,0,-0.359109488725305
95.44999999999999,0,-0.359184488950659
95.46999999999998,0,-0.359259489175699
95.49,0,-0.359334489400425
95.50999999999999,0,-0.359409489624838
95.52999999999999,0,-0.359484489848937
95.55,0,-0.359559490072725
95.57,0,-0.3596344902962
95.58999999999999,0,-0.359709490519364
95.60999999999999,0,-0.359784490742216
95.63,0,-0.359859490964758
95.64999999999999,0,-0.35993449118699
95.66999999999999,0,-0.360009491408911
95.68999999999998,0,-0.360084491630523
95.71,0,-0.360159491851827
95.72999999999999,0,-0.360234492072821
95.74999999999999,0,-0.360309492293508
95.77,0,-0.360384492513886
95.78999999999999,0,-0.360459492733958
95.80999999999999,0,-0.360534492953722
95.82999999999998,0,-0.36060949317318
95.85,0,-0.360684493392333
95.86999999999999,0,-0.360759493611179
95.88999999999999,0,-0.36083449382972
95.91,0,-0.360909494047957
95.92999999999999,0,-0.36098449426589
95.94999999999999,0,-0.361059494483518
95.96999999999998,0,-0.361134494700843
95.99,0,-0.361209494917865
96.00999999999999,0,-0.361284495134584
96.02999999999999,0,-0.361359495351002
96.05,0,-0.361434495567117
96.07,0,-0.361509495782931
96.08999999999999,0,-0.361584495998444
96.10999999999999,0,-0.361659496213657
96.13,0,-0.361734496428569
96.14999999999999,0,-0.361809496643182
96.16999999999999,0,-0.361884496857496
96.18999999999998,0,-0.361959497071511
96.21,0,-0.362034497285227
96.22999999999999,0,-0.362109497498645
96.24999999999999,0,-0.362184497711766
96.27,0,-0.36225949792459
96.28999999999999,0,-0.362334498137117
96.30999999999999,0,-0.362409498349347
96.32999999999998,0,-0.362484498561282
96.35,0,-0.362559498772921
96.36999999999999,0,-0.362634498984265
96.38999999999999,0,-0.362709499195314
96.41,0,-0.362784499406069
96.42999999999999,0,-0.36285949961653
96.44999999999999,0,-0.362934499826698
96.46999999999998,0,-0.363009500036573
96.49,0,-0.363084500246155
96.50999999999999,0,-0.363159500455444
96.52999999999999,0,-0.363234500664442
96.55,0,-0.363309500873149
96.57,0,-0.363384501081564
96.58999999999999,0,-0.363459501289689
96.60999999999999,0,-0.363534501497524
96.63,0,-0.363609501705069
96.64999999999999,0,-0.363684501912324
96.66999999999999,0,-0.363759502119291
96.68999999999998,0,-0.363834502325968
96.71,0,-0.363909502532358
96.72999999999999,0,-0.36398450273846
96.74999999999999,0,-0.364059502944275
96.77,0,-0.364134503149802
96.78999999999999,0,-0.364209503355043
96.80999999999999,0,-0.364284503559998
96.82999999999998,0,-0.364359503764667
96.85,0,-0.364434503969051
96.86999999999999,0,-0.364509504173149
96.88999999999999,0,-0.364584504376963
96.91,0,-0.364659504580493
96.92999999999999,0,-0.364734504783739
96.94999999999999,0,-0.364809504986702
96.96999999999998,0,-0.364884505189381
96.99,0,-0.364959505391778
97.00999999999999,0,-0.365034505593893
97.02999999999999,0,-0.365109505795726
97.05,0,-0.365184505997278
97.07,0,-0.365259506198548
97.08999999999999,0,-0.365334506399538
97.10999999999999,0,-0.365409506600248
97.13,0,-0.365484506800677
97.14999999999999,0,-0.365559507000828
97.16999999999999,0,-0.365634507200699
97.18999999999998,0,-0.365709507400291
97.21,0,-0.365784507599606
97.22999999999999,0,-0.365859507798642
97.24999999999999,0,-0.365934507997401
97.27,0,-0.366009508195882
97.28999999999999,0,-0.366084508394087
97.30999999999999,0,-0.366159508592015
97.32999999999998,0,-0.366234508789668
97.35,0,-0.366309508987045
97.36999999999999,0,-0.366384509184146
97.38999999999999,0,-0.366459509380973
97.41,0,-0.366534509577526
97.42999999999999,0,-0.366609509773804
97.44999999999999,0,-0.366684509969808
97.46999999999998,0,-0.36675951016554
97.49,0,-0.366834510360998
97.50999999999999,0,-0.366909510556184
97.52999999999999,0,-0.366984510751098
97.55,0,-0.36705951094574
97.57,0,-0.36713451114011
97.58999999999999,0,-0.36720951133421
97.60999999999999,0,-0.367284511528038
97.63,0,-0.367359511721597
97.64999999999999,0,-0.367434511914886
97.66999999999999,0,-0.367509512107905
97.68999999999998,0,-0.367584512300655
97.71,0,-0.367659512493136
97.72999999999999,0,-0.367734512685349
97.74999999999999,0,-0.367809512877294
97.77,0,-0.367884513068971
97.78999999999999,0,-0.367959513260381
97.80999999999999,0,-0.368034513451524
97.82999999999998,0,-0.3681095136424
97.85,0,-0.368184513833011
97.86999999999999,0,-0.368259514023355
97.88999999999999,0,-0.368334514213434
97.91,0,-0.368409514403248
97.92999999999999,0,-0.368484514592798
97.94999999999999,0,-0.368559514782083
97.96999999999998,0,-0.368634514971104
97.99,0,-0.368709515159862
98.00999999999999,0,-0.368784515348356
98.02999999999999,0,-0.368859515536588
98.05,0,-0.368934515724557
98.07,0,-0.369009515912264
98.08999999999999,0,-0.369084516099709
98.10999999999999,0,-0.369159516286893
98.13,0,-0.369234516473816
98.14999999999999,0,-0.369309516660478
98.16999999999999,0,-0.36938451684688
98.18999999999998,0,-0.369459517033022
98.21,0,-0.369534517218905
98.22999999999999,0,-0.369609517404528
98.24999999999999,0,-0.369684517589893
98.27,0,-0.369759517774999
98.28999999999999,0,-0.369834517959847
98.30999999999999,0,-0.369909518144437
98.32999999999998,0,-0.36998451832877
98.35,0,-0.370059518512846
98.36999999999999,0,-0.370134518696665
98.38999999999999,0,-0.370209518880228
98.41,0,-0.370284519063534
98.42999999999999,0,-0.370359519246586
98.44999999999999,0,-0.370434519429382
98.46999999999998,0,-0.370509519611923
98.49,0,-0.370584519794209
98.50999999999999,0,-0.370659519976242
98.52999999999999,0,-0.37073452015802
98.55,0,-0.370809520339545
98.57,0,-0.370884520520817
98.58999999999999,0,-0.370959520701837
98.60999999999999,0,-0.371034520882603
98.63,0,-0.371109521063118
98.64999999999999,0,-0.371184521243381
98.66999999999999,0,-0.371259521423393
98.68999999999998,0,-0.371334521603154
98.71,0,-0.371409521782664
98.72999999999999,0,-0.371484521961924
98.74999999999999,0,-0.371559522140933
98.77,0,-0.371634522319694
98.78999999999999,0,-0.371709522498204
98.80999999999999,0,-0.371784522676466
98.82999999999998,0,-0.37185952285448
98.85,0,-0.371934523032245
98.86999999999999,0,-0.372009523209763
98.88999999999999,0,-0.372084523387032
98.91,0,-0.372159523564055
98.92999999999999,0,-0.372234523740831
98.94999999999999,0,-0.37230952391736
98.96999999999998,0,-0.372384524093643
98.99,0,-0.372459524269681
99.00999999999999,0,-0.372534524445473
99.02999999999999,0,-0.372609524621019
99.04999999999998,0,-0.372684524796321
99.07,0,-0.372759524971379
99.08999999999999,0,-0.372834525146193
99.10999999999999,0,-0.372909525320762
99.13,0,-0.372984525495089
99.14999999999999,0,-0.373059525669172
99.16999999999999,0,-0.373134525843012
99.18999999999998,0,-0.37320952601661
99.21,0,-0.373284526189966
99.22999999999999,0,-0.373359526363081
99.24999999999999,0,-0.373434526535954
99.27,0,-0.373509526708586
99.28999999999999,0,-0.373584526880977
99.30999999999999,0,-0.373659527053128
99.32999999999998,0,-0.373734527225038
99.35,0,-0.373809527396709
99.36999999999999,0,-0.373884527568141
99.38999999999999,0,-0.373959527739334
99.41,0,-0.374034527910288
99.42999999999999,0,-0.374109528081003
99.44999999999999,0,-0.374184528251481
99.46999999999998,0,-0.37425952842172
99.49,0,-0.374334528591723
99.50999999999999,0,-0.374409528761488
99.52999999999999,0,-0.374484528931017
99.54999999999998,0,-0.374559529100309
99.57,0,-0.374634529269365
99.58999999999999,0,-0.374709529438186
99.60999999999999,0,-0.374784529606771
99.63,0,-0.374859529775121
99.64999999999999,0,-0.374934529943236
99.66999999999999,0,-0.375009530111117
99.68999999999998,0,-0.375084530278764
99.71,0,-0.375159530446177
99.72999999999999,0,-0.375234530613356
99.74999999999999,0,-0.375309530780303
99.77,0,-0.375384530947016
99.78999999999999,0,-0.375459531113498
99.80999999999999,0,-0.375534531279747
99.82999999999998,0,-0.375609531445764
99.85,0,-0.37568453161155
99.86999999999999,0,-0.375759531777104
99.88999999999999,0,-0.375834531942428
99.91,0,-0.375909532107521
99.92999999999999,0,-0.375984532272384
99.94999999999999,0,-0.376059532437017
99.96999999999998,0,-0.376134532601421
99.99,0,-0.376209532765595
