t*,z*,uz
0.01,0,-0.000844788579081543
0.03,0,-0.000931282614670965
0.049999999999999996,0,-0.000990581410547917
0.06999999999999999,0,-0.00103748703470396
0.08999999999999998,0,-0.0010757032298805
0.10999999999999997,0,-0.00110703628427116
0.12999999999999998,0,-0.00113276143611808
0.15,0,-0.00115389038627091
0.16999999999999998,0,-0.00117124766820168
0.18999999999999997,0,-0.00118550911043269
0.20999999999999996,0,-0.00119722930934982
0.22999999999999998,0,-0.00120686348699083
0.24999999999999997,0,-0.00121478531601468
0.26999999999999996,0,-0.0012213015317933
0.29,0,-0.00122666392365856
0.30999999999999994,0,-0.00123107917757273
0.32999999999999996,0,-0.00123471695557259
0.35,0,-0.001237716527916
0.36999999999999994,0,-0.00124019221720076
0.38999999999999996,0,-0.0012422378672711
0.4099999999999999,0,-0.00124393051160307
0.42999999999999994,0,-0.00124533338456734
0.44999999999999996,0,-0.00124649839328066
0.4699999999999999,0,-0.00124746814667139
0.48999999999999994,0,-0.0012482776210759
0.5099999999999999,0,-0.00124895552747455
0.5299999999999999,0,-0.001249525433813
0.5499999999999999,0,-0.00125000668628053
0.57,0,-0.00125041516555876
0.59,0,-0.00125076390760242
0.6099999999999999,0,-0.00125106361321897
0.6299999999999999,0,-0.00125132306636648
0.6499999999999999,0,-0.00125154947752136
0.6699999999999999,0,-0.00125174876553813
0.69,0,-0.00125192578901931
0.7099999999999999,0,-0.00125208453623972
0.7299999999999999,0,-0.00125222828104939
0.7499999999999999,0,-0.00125235971084939
0.7699999999999999,0,-0.00125248103164322
0.7899999999999999,0,-0.0012525940542701
0.8099999999999998,0,-0.00125270026519133
0.8299999999999998,0,-0.00125280088459648
0.8499999999999999,0,-0.001252896914101
0.8699999999999999,0,-0.00125298917589967
0.8899999999999999,0,-0.00125307834490648
0.9099999999999999,0,-0.0012531649751372
0.9299999999999998,0,-0.00125324952136605
0.9499999999999998,0,-0.00125333235690295
0.9699999999999999,0,-0.00125341378818636
0.9899999999999999,0,-0.001253494066762
1.0099999999999998,0,-0.00125357339911589
1.0299999999999998,0,-0.00125365195474595
1.0499999999999998,0,-0.00125372987278772
1.0699999999999998,0,-0.00125380726745321
1.0899999999999999,0,-0.00125388423249547
1.1099999999999999,0,-0.00125396084487348
1.13,0,-0.00125403716776043
1.15,0,-0.00125411325301323
1.17,0,-0.00125418914319959
1.1899999999999997,0,-0.00125426487326201
1.2099999999999997,0,-0.0012543404718837
1.2299999999999998,0,-0.00125441596260981
1.2499999999999998,0,-0.00125449136476781
1.2699999999999998,0,-0.00125456669422302
1.2899999999999998,0,-0.00125464196399879
1.3099999999999998,0,-0.00125471718478557
1.3299999999999998,0,-0.00125479236535882
1.3499999999999999,0,-0.00125486751292205
1.3699999999999999,0,-0.00125494263338839
1.39,0,-0.00125501773161173
1.4099999999999997,0,-0.00125509281157649
1.4299999999999997,0,-0.00125516787655336
1.4499999999999997,0,-0.00125524292922714
1.4699999999999998,0,-0.0012553179718017
1.4899999999999998,0,-0.00125539300608612
1.5099999999999998,0,-0.00125546803356543
1.5299999999999998,0,-0.00125554305545864
1.5499999999999998,0,-0.00125561807276639
1.5699999999999998,0,-0.00125569308631009
1.5899999999999999,0,-0.00125576809676399
1.6099999999999997,0,-0.00125584310468158
1.6299999999999997,0,-0.00125591811051719
1.6499999999999997,0,-0.00125599311464376
1.6699999999999997,0,-0.00125606811736744
1.6899999999999997,0,-0.00125614311893954
1.7099999999999997,0,-0.00125621811956634
1.7299999999999998,0,-0.00125629311941717
1.7499999999999998,0,-0.00125636811863103
1.7699999999999998,0,-0.00125644311732202
1.7899999999999998,0,-0.00125651811558382
1.8099999999999998,0,-0.0012565931134933
1.8299999999999996,0,-0.00125666811111357
1.8499999999999996,0,-0.00125674310849644
1.8699999999999997,0,-0.00125681810568444
1.8899999999999997,0,-0.00125689310271247
1.9099999999999997,0,-0.0012569680996092
1.9299999999999997,0,-0.00125704309639814
1.9499999999999997,0,-0.0012571180930986
1.9699999999999998,0,-0.00125719308972644
1.9899999999999998,0,-0.00125726808629466
2.01,0,-0.00125734308281394
2.0299999999999994,0,-0.00125741807929306
2.0499999999999994,0,-0.0012574930757392
2.0699999999999994,0,-0.00125756807215827
2.0899999999999994,0,-0.00125764306855513
2.1099999999999994,0,-0.00125771806493376
2.1299999999999994,0,-0.00125779306129741
2.1499999999999995,0,-0.00125786805764878
2.1699999999999995,0,-0.00125794305399007
2.1899999999999995,0,-0.00125801805032307
2.2099999999999995,0,-0.00125809304664929
2.2299999999999995,0,-0.00125816804296993
2.2499999999999996,0,-0.00125824303928599
2.2699999999999996,0,-0.0012583180355983
2.2899999999999996,0,-0.00125839303190752
2.3099999999999996,0,-0.00125846802821422
2.3299999999999996,0,-0.00125854302451884
2.3499999999999996,0,-0.00125861802082176
2.369999999999999,0,-0.00125869301712329
2.3899999999999992,0,-0.00125876801342367
2.4099999999999993,0,-0.00125884300972311
2.4299999999999993,0,-0.00125891800602178
2.4499999999999993,0,-0.00125899300231982
2.4699999999999993,0,-0.00125906799861734
2.4899999999999993,0,-0.00125914299491443
2.5099999999999993,0,-0.00125921799121118
2.5299999999999994,0,-0.00125929298750765
2.5499999999999994,0,-0.00125936798380389
2.5699999999999994,0,-0.00125944298009993
2.5899999999999994,0,-0.00125951797639582
2.6099999999999994,0,-0.00125959297269159
2.6299999999999994,0,-0.00125966796898725
2.6499999999999995,0,-0.00125974296528283
2.6699999999999995,0,-0.00125981796157834
2.6899999999999995,0,-0.0012598929578738
2.7099999999999995,0,-0.00125996795416921
2.7299999999999995,0,-0.00126004295046459
2.7499999999999996,0,-0.00126011794675994
2.7699999999999996,0,-0.00126019294305527
2.789999999999999,0,-0.00126026793935058
2.809999999999999,0,-0.00126034293564588
2.829999999999999,0,-0.00126041793194117
2.849999999999999,0,-0.00126049292823645
2.869999999999999,0,-0.00126056792453173
2.8899999999999992,0,-0.001260642920827
2.9099999999999993,0,-0.00126071791712227
2.9299999999999993,0,-0.00126079291341755
2.9499999999999993,0,-0.00126086790971282
2.9699999999999993,0,-0.00126094290600809
2.9899999999999993,0,-0.00126101790230337
3.0099999999999993,0,-0.00126109289859865
3.0299999999999994,0,-0.00126116789489393
3.0499999999999994,0,-0.00126124289118921
3.0699999999999994,0,-0.0012613178874845
3.0899999999999994,0,-0.0012613928837798
3.1099999999999994,0,-0.00126146788007509
3.1299999999999994,0,-0.00126154287637039
3.1499999999999995,0,-0.0012616178726657
3.1699999999999995,0,-0.00126169286896101
3.1899999999999995,0,-0.00126176786525633
3.209999999999999,0,-0.00126184286155165
3.229999999999999,0,-0.00126191785784697
3.249999999999999,0,-0.0012619928541423
3.269999999999999,0,-0.00126206785043764
3.289999999999999,0,-0.00126214284673298
3.309999999999999,0,-0.00126221784302832
3.329999999999999,0,-0.00126229283932367
3.349999999999999,0,-0.00126236783561903
3.369999999999999,0,-0.00126244283191439
3.3899999999999992,0,-0.00126251782820975
3.4099999999999993,0,-0.00126259282450512
3.4299999999999993,0,-0.0012626678208005
3.4499999999999993,0,-0.00126274281709588
3.4699999999999993,0,-0.00126281781339127
3.4899999999999993,0,-0.00126289280968666
3.5099999999999993,0,-0.00126296780598205
3.5299999999999994,0,-0.00126304280227746
3.5499999999999994,0,-0.00126311779857286
3.5699999999999994,0,-0.00126319279486827
3.5899999999999994,0,-0.00126326779116369
3.6099999999999994,0,-0.00126334278745911
3.6299999999999994,0,-0.00126341778375454
3.649999999999999,0,-0.00126349278004997
3.669999999999999,0,-0.00126356777634541
3.689999999999999,0,-0.00126364277264085
3.709999999999999,0,-0.0012637177689363
3.729999999999999,0,-0.00126379276523175
3.749999999999999,0,-0.00126386776152721
3.769999999999999,0,-0.00126394275782268
3.789999999999999,0,-0.00126401775411815
3.809999999999999,0,-0.00126409275041362
3.829999999999999,0,-0.0012641677467091
3.849999999999999,0,-0.00126424274300458
3.869999999999999,0,-0.00126431773930007
3.8899999999999992,0,-0.00126439273559557
3.9099999999999993,0,-0.00126446773189107
3.9299999999999993,0,-0.00126454272818657
3.9499999999999993,0,-0.00126461772448208
3.9699999999999993,0,-0.0012646927207776
3.9899999999999993,0,-0.00126476771707312
4.01,0,-0.00126484271336864
4.029999999999999,0,-0.00126491770966417
4.049999999999999,0,-0.00126499270595971
4.069999999999999,0,-0.00126506770225525
4.089999999999999,0,-0.00126514269855079
4.109999999999999,0,-0.00126521769484635
4.129999999999999,0,-0.0012652926911419
4.1499999999999995,0,-0.00126536768743746
4.169999999999999,0,-0.00126544268373303
4.1899999999999995,0,-0.0012655176800286
4.209999999999999,0,-0.00126559267632418
4.2299999999999995,0,-0.00126566767261976
4.249999999999999,0,-0.00126574266891535
4.27,0,-0.00126581766521094
4.289999999999999,0,-0.00126589266150654
4.309999999999999,0,-0.00126596765780214
4.329999999999999,0,-0.00126604265409775
4.349999999999999,0,-0.00126611765039336
4.369999999999999,0,-0.00126619264668898
4.389999999999999,0,-0.00126626764298461
4.409999999999999,0,-0.00126634263928024
4.429999999999999,0,-0.00126641763557587
4.449999999999999,0,-0.00126649263187151
4.469999999999999,0,-0.00126656762816715
4.489999999999999,0,-0.0012666426244628
4.509999999999999,0,-0.00126671762075846
4.529999999999999,0,-0.00126679261705412
4.549999999999999,0,-0.00126686761334978
4.569999999999999,0,-0.00126694260964545
4.589999999999999,0,-0.00126701760594113
4.609999999999999,0,-0.00126709260223681
4.629999999999999,0,-0.00126716759853249
4.6499999999999995,0,-0.00126724259482819
4.669999999999999,0,-0.00126731759112388
4.6899999999999995,0,-0.00126739258741958
4.709999999999999,0,-0.00126746758371529
4.729999999999999,0,-0.001267542580011
4.749999999999999,0,-0.00126761757630672
4.769999999999999,0,-0.00126769257260244
4.789999999999999,0,-0.00126776756889817
4.809999999999999,0,-0.0012678425651939
4.829999999999999,0,-0.00126791756148964
4.849999999999999,0,-0.00126799255778538
4.869999999999999,0,-0.00126806755408113
4.889999999999999,0,-0.00126814255037688
4.909999999999999,0,-0.00126821754667264
4.929999999999999,0,-0.0012682925429684
4.949999999999999,0,-0.00126836753926417
4.969999999999999,0,-0.00126844253555994
4.989999999999999,0,-0.00126851753185572
5.009999999999999,0,-0.0012685925281515
5.029999999999999,0,-0.00126866752444729
5.049999999999999,0,-0.00126874252074309
5.069999999999999,0,-0.00126881751703889
5.089999999999999,0,-0.00126889251333469
5.109999999999999,0,-0.0012689675096305
5.129999999999999,0,-0.00126904250592632
5.149999999999999,0,-0.00126911750222214
5.169999999999999,0,-0.00126919249851796
5.189999999999999,0,-0.00126926749481379
5.209999999999999,0,-0.00126934249110963
5.229999999999999,0,-0.00126941748740547
5.249999999999999,0,-0.00126949248370131
5.269999999999999,0,-0.00126956747999717
5.289999999999999,0,-0.00126964247629302
5.309999999999999,0,-0.00126971747258888
5.329999999999999,0,-0.00126979246888475
5.349999999999999,0,-0.00126986746518062
5.369999999999999,0,-0.0012699424614765
5.389999999999999,0,-0.00127001745777238
5.409999999999999,0,-0.00127009245406827
5.429999999999999,0,-0.00127016745036416
5.449999999999999,0,-0.00127024244666006
5.469999999999999,0,-0.00127031744295596
5.489999999999999,0,-0.00127039243925187
5.509999999999999,0,-0.00127046743554778
5.529999999999999,0,-0.0012705424318437
5.549999999999999,0,-0.00127061742813962
5.5699999999999985,0,-0.00127069242443555
5.589999999999999,0,-0.00127076742073149
5.6099999999999985,0,-0.00127084241702743
5.629999999999999,0,-0.00127091741332337
5.649999999999999,0,-0.00127099240961932
5.669999999999999,0,-0.00127106740591527
5.689999999999999,0,-0.00127114240221123
5.709999999999999,0,-0.0012712173985072
5.729999999999999,0,-0.00127129239480317
5.749999999999999,0,-0.00127136739109914
5.769999999999999,0,-0.00127144238739512
5.789999999999999,0,-0.00127151738369111
5.809999999999999,0,-0.0012715923799871
5.829999999999999,0,-0.00127166737628309
5.849999999999999,0,-0.0012717423725791
5.869999999999999,0,-0.0012718173688751
5.889999999999999,0,-0.00127189236517111
5.909999999999999,0,-0.00127196736146713
5.929999999999999,0,-0.00127204235776315
5.949999999999999,0,-0.00127211735405918
5.969999999999999,0,-0.00127219235035521
5.989999999999998,0,-0.00127226734665125
6.009999999999999,0,-0.00127234234294729
6.0299999999999985,0,-0.00127241733924334
6.049999999999999,0,-0.00127249233553939
6.0699999999999985,0,-0.00127256733183545
6.089999999999999,0,-0.00127264232813151
6.1099999999999985,0,-0.00127271732442758
6.129999999999999,0,-0.00127279232072365
6.149999999999999,0,-0.00127286731701973
6.169999999999999,0,-0.00127294231331581
6.189999999999999,0,-0.0012730173096119
6.209999999999999,0,-0.001273092305908
6.229999999999999,0,-0.0012731673022041
6.249999999999999,0,-0.0012732422985002
6.269999999999999,0,-0.00127331729479631
6.289999999999999,0,-0.00127339229109243
6.309999999999999,0,-0.00127346728738854
6.329999999999999,0,-0.00127354228368467
6.349999999999999,0,-0.0012736172799808
6.369999999999999,0,-0.00127369227627694
6.389999999999999,0,-0.00127376727257308
6.409999999999998,0,-0.00127384226886922
6.429999999999999,0,-0.00127391726516537
6.449999999999998,0,-0.00127399226146153
6.469999999999999,0,-0.00127406725775769
6.489999999999998,0,-0.00127414225405386
6.509999999999999,0,-0.00127421725035003
6.5299999999999985,0,-0.0012742922466462
6.549999999999999,0,-0.00127436724294239
6.5699999999999985,0,-0.00127444223923857
6.589999999999999,0,-0.00127451723553477
6.6099999999999985,0,-0.00127459223183096
6.629999999999999,0,-0.00127466722812717
6.649999999999999,0,-0.00127474222442337
6.669999999999999,0,-0.00127481722071959
6.689999999999999,0,-0.0012748922170158
6.709999999999999,0,-0.00127496721331203
6.729999999999999,0,-0.00127504220960826
6.749999999999999,0,-0.00127511720590449
6.769999999999999,0,-0.00127519220220073
6.789999999999999,0,-0.00127526719849697
6.809999999999999,0,-0.00127534219479322
6.829999999999999,0,-0.00127541719108948
6.849999999999999,0,-0.00127549218738573
6.869999999999998,0,-0.001275567183682
6.889999999999999,0,-0.00127564217997827
6.909999999999998,0,-0.00127571717627454
6.929999999999999,0,-0.00127579217257082
6.949999999999998,0,-0.00127586716886711
6.969999999999999,0,-0.0012759421651634
6.989999999999998,0,-0.00127601716145969
7.009999999999999,0,-0.001276092157756
7.0299999999999985,0,-0.0012761671540523
7.049999999999999,0,-0.00127624215034861
7.0699999999999985,0,-0.00127631714664493
7.089999999999999,0,-0.00127639214294125
7.1099999999999985,0,-0.00127646713923758
7.129999999999999,0,-0.00127654213553391
7.149999999999999,0,-0.00127661713183025
7.169999999999999,0,-0.00127669212812659
7.189999999999999,0,-0.00127676712442293
7.209999999999999,0,-0.00127684212071929
7.229999999999999,0,-0.00127691711701564
7.249999999999999,0,-0.00127699211331201
7.269999999999999,0,-0.00127706710960838
7.289999999999998,0,-0.00127714210590475
7.309999999999999,0,-0.00127721710220113
7.329999999999998,0,-0.00127729209849751
7.349999999999999,0,-0.0012773670947939
7.369999999999998,0,-0.00127744209109029
7.389999999999999,0,-0.00127751708738669
7.409999999999998,0,-0.0012775920836831
7.429999999999999,0,-0.0012776670799795
7.449999999999998,0,-0.00127774207627592
7.469999999999999,0,-0.00127781707257234
7.489999999999998,0,-0.00127789206886876
7.509999999999999,0,-0.00127796706516519
7.5299999999999985,0,-0.00127804206146163
7.549999999999999,0,-0.00127811705775807
7.5699999999999985,0,-0.00127819205405451
7.589999999999999,0,-0.00127826705035097
7.6099999999999985,0,-0.00127834204664742
7.629999999999999,0,-0.00127841704294388
7.649999999999999,0,-0.00127849203924035
7.669999999999999,0,-0.00127856703553682
7.689999999999999,0,-0.0012786420318333
7.709999999999998,0,-0.00127871702812978
7.729999999999999,0,-0.00127879202442626
7.749999999999998,0,-0.00127886702072276
7.769999999999999,0,-0.00127894201701925
7.789999999999998,0,-0.00127901701331576
7.809999999999999,0,-0.00127909200961226
7.829999999999998,0,-0.00127916700590878
7.849999999999999,0,-0.00127924200220529
7.869999999999998,0,-0.00127931699850182
7.889999999999999,0,-0.00127939199479834
7.909999999999998,0,-0.00127946699109488
7.929999999999999,0,-0.00127954198739142
7.949999999999998,0,-0.00127961698368796
7.969999999999999,0,-0.00127969197998451
7.989999999999998,0,-0.00127976697628106
8.01,0,-0.00127984197257762
8.03,0,-0.00127991696887419
8.049999999999999,0,-0.00127999196517076
8.069999999999999,0,-0.00128006696146733
8.089999999999998,0,-0.00128014195776391
8.11,0,-0.00128021695406049
8.129999999999999,0,-0.00128029195035708
8.149999999999999,0,-0.00128036694665368
8.169999999999998,0,-0.00128044194295028
8.189999999999998,0,-0.00128051693924689
8.209999999999999,0,-0.0012805919355435
8.229999999999999,0,-0.00128066693184011
8.249999999999998,0,-0.00128074192813673
8.269999999999998,0,-0.00128081692443336
8.29,0,-0.00128089192072999
8.309999999999999,0,-0.00128096691702663
8.329999999999998,0,-0.00128104191332327
8.349999999999998,0,-0.00128111690961992
8.37,0,-0.00128119190591657
8.389999999999999,0,-0.00128126690221323
8.409999999999998,0,-0.00128134189850989
8.429999999999998,0,-0.00128141689480656
8.45,0,-0.00128149189110323
8.469999999999999,0,-0.00128156688739991
8.489999999999998,0,-0.00128164188369659
8.509999999999998,0,-0.00128171687999328
8.53,0,-0.00128179187628997
8.549999999999999,0,-0.00128186687258667
8.569999999999999,0,-0.00128194186888338
8.589999999999998,0,-0.00128201686518008
8.609999999999998,0,-0.0012820918614768
8.629999999999999,0,-0.00128216685777352
8.649999999999999,0,-0.00128224185407024
8.669999999999998,0,-0.00128231685036697
8.689999999999998,0,-0.00128239184666371
8.709999999999999,0,-0.00128246684296045
8.729999999999999,0,-0.00128254183925719
8.749999999999998,0,-0.00128261683555394
8.769999999999998,0,-0.0012826918318507
8.79,0,-0.00128276682814746
8.809999999999999,0,-0.00128284182444422
8.829999999999998,0,-0.00128291682074099
8.849999999999998,0,-0.00128299181703777
8.87,0,-0.00128306681333455
8.889999999999999,0,-0.00128314180963134
8.909999999999998,0,-0.00128321680592813
8.929999999999998,0,-0.00128329180222493
8.95,0,-0.00128336679852173
8.969999999999999,0,-0.00128344179481854
8.989999999999998,0,-0.00128351679111535
9.009999999999998,0,-0.00128359178741217
9.029999999999998,0,-0.00128366678370899
9.049999999999999,0,-0.00128374178000582
9.069999999999999,0,-0.00128381677630265
9.089999999999998,0,-0.00128389177259949
9.109999999999998,0,-0.00128396676889633
9.129999999999999,0,-0.00128404176519318
9.149999999999999,0,-0.00128411676149003
9.169999999999998,0,-0.00128419175778689
9.189999999999998,0,-0.00128426675408376
9.209999999999999,0,-0.00128434175038063
9.229999999999999,0,-0.0012844167466775
9.249999999999998,0,-0.00128449174297438
9.269999999999998,0,-0.00128456673927126
9.29,0,-0.00128464173556815
9.309999999999999,0,-0.00128471673186505
9.329999999999998,0,-0.00128479172816195
9.349999999999998,0,-0.00128486672445885
9.37,0,-0.00128494172075576
9.389999999999999,0,-0.00128501671705268
9.409999999999998,0,-0.0012850917133496
9.429999999999998,0,-0.00128516670964653
9.449999999999998,0,-0.00128524170594346
9.469999999999999,0,-0.00128531670224039
9.489999999999998,0,-0.00128539169853734
9.509999999999998,0,-0.00128546669483428
9.529999999999998,0,-0.00128554169113123
9.549999999999999,0,-0.00128561668742819
9.569999999999999,0,-0.00128569168372515
9.589999999999998,0,-0.00128576668002212
9.609999999999998,0,-0.00128584167631909
9.629999999999999,0,-0.00128591667261607
9.649999999999999,0,-0.00128599166891305
9.669999999999998,0,-0.00128606666521004
9.689999999999998,0,-0.00128614166150704
9.709999999999999,0,-0.00128621665780403
9.729999999999999,0,-0.00128629165410104
9.749999999999998,0,-0.00128636665039805
9.769999999999998,0,-0.00128644164669506
9.79,0,-0.00128651664299208
9.809999999999999,0,-0.0012865916392891
9.829999999999998,0,-0.00128666663558613
9.849999999999998,0,-0.00128674163188317
9.869999999999997,0,-0.00128681662818021
9.889999999999999,0,-0.00128689162447725
9.909999999999998,0,-0.0012869666207743
9.929999999999998,0,-0.00128704161707136
9.949999999999998,0,-0.00128711661336842
9.969999999999999,0,-0.00128719160966548
9.989999999999998,0,-0.00128726660596255
10.009999999999998,0,-0.00128734160225963
10.029999999999998,0,-0.00128741659855671
10.049999999999999,0,-0.0012874915948538
10.069999999999999,0,-0.00128756659115089
10.089999999999998,0,-0.00128764158744798
10.109999999999998,0,-0.00128771658374509
10.129999999999999,0,-0.00128779158004219
10.149999999999999,0,-0.0012878665763393
10.169999999999998,0,-0.00128794157263642
10.189999999999998,0,-0.00128801656893354
10.209999999999999,0,-0.00128809156523067
10.229999999999999,0,-0.0012881665615278
10.249999999999998,0,-0.00128824155782494
10.269999999999998,0,-0.00128831655412209
10.289999999999997,0,-0.00128839155041923
10.309999999999999,0,-0.00128846654671639
10.329999999999998,0,-0.00128854154301355
10.349999999999998,0,-0.00128861653931071
10.369999999999997,0,-0.00128869153560788
10.389999999999999,0,-0.00128876653190505
10.409999999999998,0,-0.00128884152820223
10.429999999999998,0,-0.00128891652449942
10.449999999999998,0,-0.00128899152079661
10.469999999999999,0,-0.0012890665170938
10.489999999999998,0,-0.001289141513391
10.509999999999998,0,-0.0012892165096882
10.529999999999998,0,-0.00128929150598541
10.549999999999999,0,-0.00128936650228263
10.569999999999999,0,-0.00128944149857985
10.589999999999998,0,-0.00128951649487708
10.609999999999998,0,-0.00128959149117431
10.629999999999999,0,-0.00128966648747154
10.649999999999999,0,-0.00128974148376878
10.669999999999998,0,-0.00128981648006603
10.689999999999998,0,-0.00128989147636328
10.709999999999997,0,-0.00128996647266054
10.729999999999999,0,-0.0012900414689578
10.749999999999998,0,-0.00129011646525507
10.769999999999998,0,-0.00129019146155234
10.789999999999997,0,-0.00129026645784962
10.809999999999999,0,-0.0012903414541469
10.829999999999998,0,-0.00129041645044419
10.849999999999998,0,-0.00129049144674148
10.869999999999997,0,-0.00129056644303878
10.889999999999999,0,-0.00129064143933608
10.909999999999998,0,-0.00129071643563339
10.929999999999998,0,-0.0012907914319307
10.949999999999998,0,-0.00129086642822802
10.969999999999999,0,-0.00129094142452535
10.989999999999998,0,-0.00129101642082268
11.009999999999998,0,-0.00129109141712001
11.029999999999998,0,-0.00129116641341735
11.049999999999999,0,-0.00129124140971469
11.069999999999999,0,-0.00129131640601204
11.089999999999998,0,-0.0012913914023094
11.109999999999998,0,-0.00129146639860676
11.129999999999997,0,-0.00129154139490412
11.149999999999999,0,-0.00129161639120149
11.169999999999998,0,-0.00129169138749887
11.189999999999998,0,-0.00129176638379625
11.209999999999997,0,-0.00129184138009364
11.229999999999999,0,-0.00129191637639103
11.249999999999998,0,-0.00129199137268842
11.269999999999998,0,-0.00129206636898582
11.289999999999997,0,-0.00129214136528323
11.309999999999999,0,-0.00129221636158064
11.329999999999998,0,-0.00129229135787806
11.349999999999998,0,-0.00129236635417548
11.369999999999997,0,-0.00129244135047291
11.389999999999999,0,-0.00129251634677034
11.409999999999998,0,-0.00129259134306778
11.429999999999998,0,-0.00129266633936522
11.449999999999998,0,-0.00129274133566267
11.469999999999999,0,-0.00129281633196012
11.489999999999998,0,-0.00129289132825758
11.509999999999998,0,-0.00129296632455504
11.529999999999998,0,-0.00129304132085251
11.549999999999997,0,-0.00129311631714999
11.569999999999999,0,-0.00129319131344746
11.589999999999998,0,-0.00129326630974495
11.609999999999998,0,-0.00129334130604244
11.629999999999997,0,-0.00129341630233993
11.649999999999999,0,-0.00129349129863743
11.669999999999998,0,-0.00129356629493494
11.689999999999998,0,-0.00129364129123245
11.709999999999997,0,-0.00129371628752996
11.729999999999999,0,-0.00129379128382748
11.749999999999998,0,-0.00129386628012501
11.769999999999998,0,-0.00129394127642254
11.789999999999997,0,-0.00129401627272007
11.809999999999999,0,-0.00129409126901761
11.829999999999998,0,-0.00129416626531516
11.849999999999998,0,-0.00129424126161271
11.869999999999997,0,-0.00129431625791027
11.889999999999999,0,-0.00129439125420783
11.909999999999998,0,-0.00129446625050539
11.929999999999998,0,-0.00129454124680297
11.949999999999998,0,-0.00129461624310054
11.969999999999997,0,-0.00129469123939813
11.989999999999998,0,-0.00129476623569571
12.009999999999998,0,-0.00129484123199331
12.029999999999998,0,-0.0012949162282909
12.049999999999997,0,-0.00129499122458851
12.069999999999999,0,-0.00129506622088611
12.089999999999998,0,-0.00129514121718373
12.109999999999998,0,-0.00129521621348135
12.129999999999997,0,-0.00129529120977897
12.149999999999999,0,-0.0012953662060766
12.169999999999998,0,-0.00129544120237423
12.189999999999998,0,-0.00129551619867187
12.209999999999997,0,-0.00129559119496951
12.229999999999999,0,-0.00129566619126716
12.249999999999998,0,-0.00129574118756482
12.269999999999998,0,-0.00129581618386248
12.289999999999997,0,-0.00129589118016014
12.309999999999999,0,-0.00129596617645781
12.329999999999998,0,-0.00129604117275549
12.349999999999998,0,-0.00129611616905317
12.369999999999997,0,-0.00129619116535085
12.389999999999997,0,-0.00129626616164854
12.409999999999998,0,-0.00129634115794624
12.429999999999998,0,-0.00129641615424394
12.449999999999998,0,-0.00129649115054165
12.469999999999997,0,-0.00129656614683936
12.489999999999998,0,-0.00129664114313708
12.509999999999998,0,-0.0012967161394348
12.529999999999998,0,-0.00129679113573252
12.549999999999997,0,-0.00129686613203026
12.569999999999999,0,-0.00129694112832799
12.589999999999998,0,-0.00129701612462574
12.609999999999998,0,-0.00129709112092348
12.629999999999997,0,-0.00129716611722124
12.649999999999999,0,-0.00129724111351899
12.669999999999998,0,-0.00129731610981676
12.689999999999998,0,-0.00129739110611452
12.709999999999997,0,-0.0012974661024123
12.729999999999999,0,-0.00129754109871008
12.749999999999998,0,-0.00129761609500786
12.769999999999998,0,-0.00129769109130565
12.789999999999997,0,-0.00129776608760344
12.809999999999997,0,-0.00129784108390124
12.829999999999998,0,-0.00129791608019905
12.849999999999998,0,-0.00129799107649686
12.869999999999997,0,-0.00129806607279467
12.889999999999997,0,-0.00129814106909249
12.909999999999998,0,-0.00129821606539031
12.929999999999998,0,-0.00129829106168815
12.949999999999998,0,-0.00129836605798598
12.969999999999997,0,-0.00129844105428382
12.989999999999998,0,-0.00129851605058167
13.009999999999998,0,-0.00129859104687952
13.029999999999998,0,-0.00129866604317737
13.049999999999997,0,-0.00129874103947523
13.069999999999999,0,-0.0012988160357731
13.089999999999998,0,-0.00129889103207097
13.109999999999998,0,-0.00129896602836885
13.129999999999997,0,-0.00129904102466673
13.149999999999999,0,-0.00129911602096462
13.169999999999998,0,-0.00129919101726251
13.189999999999998,0,-0.00129926601356041
13.209999999999997,0,-0.00129934100985831
13.229999999999999,0,-0.00129941600615622
13.249999999999998,0,-0.00129949100245413
13.269999999999998,0,-0.00129956599875205
13.289999999999997,0,-0.00129964099504997
13.309999999999997,0,-0.0012997159913479
13.329999999999998,0,-0.00129979098764583
13.349999999999998,0,-0.00129986598394377
13.369999999999997,0,-0.00129994098024171
13.389999999999997,0,-0.00130001597653966
13.409999999999998,0,-0.00130009097283762
13.429999999999998,0,-0.00130016596913558
13.449999999999998,0,-0.00130024096543354
13.469999999999997,0,-0.00130031596173151
13.489999999999998,0,-0.00130039095802949
13.509999999999998,0,-0.00130046595432747
13.529999999999998,0,-0.00130054095062545
13.549999999999997,0,-0.00130061594692344
13.569999999999999,0,-0.00130069094322144
13.589999999999998,0,-0.00130076593951944
13.609999999999998,0,-0.00130084093581744
13.629999999999997,0,-0.00130091593211545
13.649999999999999,0,-0.00130099092841347
13.669999999999998,0,-0.00130106592471149
13.689999999999998,0,-0.00130114092100952
13.709999999999997,0,-0.00130121591730755
13.729999999999997,0,-0.00130129091360559
13.749999999999998,0,-0.00130136590990363
13.769999999999998,0,-0.00130144090620168
13.789999999999997,0,-0.00130151590249973
13.809999999999997,0,-0.00130159089879779
13.829999999999998,0,-0.00130166589509585
13.849999999999998,0,-0.00130174089139392
13.869999999999997,0,-0.00130181588769199
13.889999999999997,0,-0.00130189088399007
13.909999999999998,0,-0.00130196588028815
13.929999999999998,0,-0.00130204087658624
13.949999999999998,0,-0.00130211587288433
13.969999999999997,0,-0.00130219086918243
13.989999999999998,0,-0.00130226586548053
14.009999999999998,0,-0.00130234086177864
14.029999999999998,0,-0.00130241585807676
14.049999999999997,0,-0.00130249085437488
14.069999999999999,0,-0.001302565850673
14.089999999999998,0,-0.00130264084697113
14.109999999999998,0,-0.00130271584326927
14.129999999999997,0,-0.00130279083956741
14.149999999999997,0,-0.00130286583586555
14.169999999999998,0,-0.0013029408321637
14.189999999999998,0,-0.00130301582846186
14.209999999999997,0,-0.00130309082476002
14.229999999999997,0,-0.00130316582105818
14.249999999999998,0,-0.00130324081735636
14.269999999999998,0,-0.00130331581365453
14.289999999999997,0,-0.00130339080995271
14.309999999999997,0,-0.0013034658062509
14.329999999999998,0,-0.00130354080254909
14.349999999999998,0,-0.00130361579884729
14.369999999999997,0,-0.00130369079514549
14.389999999999997,0,-0.0013037657914437
14.409999999999998,0,-0.00130384078774191
14.429999999999998,0,-0.00130391578404013
14.449999999999998,0,-0.00130399078033835
14.469999999999997,0,-0.00130406577663658
14.489999999999998,0,-0.00130414077293481
14.509999999999998,0,-0.00130421576923305
14.529999999999998,0,-0.00130429076553129
14.549999999999997,0,-0.00130436576182954
14.569999999999997,0,-0.00130444075812779
14.589999999999998,0,-0.00130451575442605
14.609999999999998,0,-0.00130459075072432
14.629999999999997,0,-0.00130466574702259
14.649999999999997,0,-0.00130474074332086
14.669999999999998,0,-0.00130481573961914
14.689999999999998,0,-0.00130489073591743
14.709999999999997,0,-0.00130496573221572
14.729999999999997,0,-0.00130504072851401
14.749999999999998,0,-0.00130511572481231
14.769999999999998,0,-0.00130519072111062
14.789999999999997,0,-0.00130526571740893
14.809999999999997,0,-0.00130534071370724
14.829999999999998,0,-0.00130541571000556
14.849999999999998,0,-0.00130549070630389
14.869999999999997,0,-0.00130556570260222
14.889999999999997,0,-0.00130564069890056
14.909999999999998,0,-0.0013057156951989
14.929999999999998,0,-0.00130579069149724
14.949999999999998,0,-0.0013058656877956
14.969999999999997,0,-0.00130594068409395
14.989999999999997,0,-0.00130601568039232
15.009999999999998,0,-0.00130609067669068
15.029999999999998,0,-0.00130616567298906
15.049999999999997,0,-0.00130624066928743
15.069999999999997,0,-0.00130631566558582
15.089999999999998,0,-0.0013063906618842
15.109999999999998,0,-0.0013064656581826
15.129999999999997,0,-0.001306540654481
15.149999999999997,0,-0.0013066156507794
15.169999999999998,0,-0.00130669064707781
15.189999999999998,0,-0.00130676564337622
15.209999999999997,0,-0.00130684063967464
15.229999999999997,0,-0.00130691563597306
15.249999999999998,0,-0.00130699063227149
15.269999999999998,0,-0.00130706562856993
15.289999999999997,0,-0.00130714062486837
15.309999999999997,0,-0.00130721562116681
15.329999999999998,0,-0.00130729061746526
15.349999999999998,0,-0.00130736561376372
15.369999999999997,0,-0.00130744061006218
15.389999999999997,0,-0.00130751560636064
15.409999999999997,0,-0.00130759060265911
15.429999999999998,0,-0.00130766559895759
15.449999999999998,0,-0.00130774059525607
15.469999999999997,0,-0.00130781559155456
15.489999999999997,0,-0.00130789058785305
15.509999999999998,0,-0.00130796558415155
15.529999999999998,0,-0.00130804058045005
15.549999999999997,0,-0.00130811557674855
15.569999999999997,0,-0.00130819057304707
15.589999999999998,0,-0.00130826556934558
15.609999999999998,0,-0.00130834056564411
15.629999999999997,0,-0.00130841556194263
15.649999999999997,0,-0.00130849055824117
15.669999999999998,0,-0.0013085655545397
15.689999999999998,0,-0.00130864055083825
15.709999999999997,0,-0.00130871554713679
15.729999999999997,0,-0.00130879054343535
15.749999999999998,0,-0.00130886553973391
15.769999999999998,0,-0.00130894053603247
15.789999999999997,0,-0.00130901553233104
15.809999999999997,0,-0.00130909052862961
15.829999999999997,0,-0.00130916552492819
15.849999999999998,0,-0.00130924052122678
15.869999999999997,0,-0.00130931551752536
15.889999999999997,0,-0.00130939051382396
15.909999999999997,0,-0.00130946551012256
15.929999999999998,0,-0.00130954050642116
15.949999999999998,0,-0.00130961550271977
15.969999999999997,0,-0.00130969049901839
15.989999999999997,0,-0.00130976549531701
16.009999999999998,0,-0.00130984049161564
16.029999999999998,0,-0.00130991548791427
16.05,0,-0.0013099904842129
16.07,0,-0.00131006548051154
16.09,0,-0.00131014047681019
16.11,0,-0.00131021547310884
16.13,0,-0.0013102904694075
16.15,0,-0.00131036546570616
16.169999999999998,0,-0.00131044046200483
16.189999999999998,0,-0.0013105154583035
16.21,0,-0.00131059045460218
16.23,0,-0.00131066545090086
16.25,0,-0.00131074044719955
16.27,0,-0.00131081544349824
16.29,0,-0.00131089043979694
16.31,0,-0.00131096543609564
16.33,0,-0.00131104043239435
16.349999999999998,0,-0.00131111542869306
16.369999999999997,0,-0.00131119042499178
16.39,0,-0.0013112654212905
16.41,0,-0.00131134041758923
16.43,0,-0.00131141541388797
16.45,0,-0.00131149041018671
16.47,0,-0.00131156540648545
16.49,0,-0.0013116404027842
16.509999999999998,0,-0.00131171539908295
16.529999999999998,0,-0.00131179039538171
16.55,0,-0.00131186539168048
16.57,0,-0.00131194038797925
16.59,0,-0.00131201538427802
16.61,0,-0.0013120903805768
16.63,0,-0.00131216537687559
16.65,0,-0.00131224037317438
16.669999999999998,0,-0.00131231536947318
16.689999999999998,0,-0.00131239036577198
16.709999999999997,0,-0.00131246536207078
16.73,0,-0.0013125403583696
16.75,0,-0.00131261535466841
16.77,0,-0.00131269035096723
16.79,0,-0.00131276534726606
16.81,0,-0.00131284034356489
16.83,0,-0.00131291533986373
16.849999999999998,0,-0.00131299033616257
16.869999999999997,0,-0.00131306533246142
16.89,0,-0.00131314032876027
16.91,0,-0.00131321532505913
16.93,0,-0.001313290321358
16.95,0,-0.00131336531765686
16.97,0,-0.00131344031395574
16.99,0,-0.00131351531025462
17.009999999999998,0,-0.0013135903065535
17.029999999999998,0,-0.00131366530285239
17.05,0,-0.00131374029915128
17.07,0,-0.00131381529545018
17.09,0,-0.00131389029174909
17.11,0,-0.001313965288048
17.13,0,-0.00131404028434691
17.15,0,-0.00131411528064583
17.169999999999998,0,-0.00131419027694476
17.189999999999998,0,-0.00131426527324369
17.209999999999997,0,-0.00131434026954262
17.23,0,-0.00131441526584156
17.25,0,-0.00131449026214051
17.27,0,-0.00131456525843946
17.29,0,-0.00131464025473842
17.31,0,-0.00131471525103738
17.33,0,-0.00131479024733634
17.349999999999998,0,-0.00131486524363531
17.369999999999997,0,-0.00131494023993429
17.39,0,-0.00131501523623327
17.41,0,-0.00131509023253226
17.43,0,-0.00131516522883125
17.45,0,-0.00131524022513025
17.47,0,-0.00131531522142925
17.49,0,-0.00131539021772826
17.509999999999998,0,-0.00131546521402727
17.529999999999998,0,-0.00131554021032629
17.549999999999997,0,-0.00131561520662531
17.57,0,-0.00131569020292434
17.59,0,-0.00131576519922338
17.61,0,-0.00131584019552242
17.63,0,-0.00131591519182146
17.65,0,-0.00131599018812051
17.669999999999998,0,-0.00131606518441956
17.689999999999998,0,-0.00131614018071862
17.709999999999997,0,-0.00131621517701769
17.73,0,-0.00131629017331676
17.75,0,-0.00131636516961583
17.77,0,-0.00131644016591491
17.79,0,-0.001316515162214
17.81,0,-0.00131659015851309
17.83,0,-0.00131666515481218
17.849999999999998,0,-0.00131674015111128
17.869999999999997,0,-0.00131681514741039
17.89,0,-0.0013168901437095
17.91,0,-0.00131696514000862
17.93,0,-0.00131704013630774
17.95,0,-0.00131711513260686
17.97,0,-0.001317190128906
17.99,0,-0.00131726512520513
18.009999999999998,0,-0.00131734012150427
18.029999999999998,0,-0.00131741511780342
18.049999999999997,0,-0.00131749011410257
18.07,0,-0.00131756511040173
18.09,0,-0.00131764010670089
18.11,0,-0.00131771510300006
18.13,0,-0.00131779009929924
18.15,0,-0.00131786509559841
18.169999999999998,0,-0.0013179400918976
18.189999999999998,0,-0.00131801508819679
18.209999999999997,0,-0.00131809008449598
18.23,0,-0.00131816508079518
18.25,0,-0.00131824007709438
18.27,0,-0.00131831507339359
18.29,0,-0.00131839006969281
18.31,0,-0.00131846506599202
18.33,0,-0.00131854006229125
18.349999999999998,0,-0.00131861505859048
18.369999999999997,0,-0.00131869005488971
18.389999999999997,0,-0.00131876505118895
18.41,0,-0.0013188400474882
18.43,0,-0.00131891504378745
18.45,0,-0.00131899004008671
18.47,0,-0.00131906503638597
18.49,0,-0.00131914003268523
18.509999999999998,0,-0.0013192150289845
18.529999999999998,0,-0.00131929002528378
18.549999999999997,0,-0.00131936502158306
18.57,0,-0.00131944001788235
18.59,0,-0.00131951501418164
18.61,0,-0.00131959001048094
18.63,0,-0.00131966500678024
18.65,0,-0.00131974000307955
18.669999999999998,0,-0.00131981499937886
18.689999999999998,0,-0.00131988999567818
18.709999999999997,0,-0.0013199649919775
18.73,0,-0.00132003998827683
18.75,0,-0.00132011498457616
18.77,0,-0.0013201899808755
18.79,0,-0.00132026497717484
18.81,0,-0.00132033997347419
18.83,0,-0.00132041496977354
18.849999999999998,0,-0.0013204899660729
18.869999999999997,0,-0.00132056496237227
18.889999999999997,0,-0.00132063995867164
18.91,0,-0.00132071495497101
18.93,0,-0.00132078995127039
18.95,0,-0.00132086494756977
18.97,0,-0.00132093994386916
18.99,0,-0.00132101494016856
19.009999999999998,0,-0.00132108993646796
19.029999999999998,0,-0.00132116493276736
19.049999999999997,0,-0.00132123992906678
19.07,0,-0.00132131492536619
19.09,0,-0.00132138992166561
19.11,0,-0.00132146491796504
19.13,0,-0.00132153991426447
19.15,0,-0.00132161491056391
19.169999999999998,0,-0.00132168990686335
19.189999999999998,0,-0.00132176490316279
19.209999999999997,0,-0.00132183989946225
19.229999999999997,0,-0.0013219148957617
19.25,0,-0.00132198989206116
19.27,0,-0.00132206488836063
19.29,0,-0.0013221398846601
19.31,0,-0.00132221488095958
19.33,0,-0.00132228987725907
19.349999999999998,0,-0.00132236487355855
19.369999999999997,0,-0.00132243986985805
19.389999999999997,0,-0.00132251486615754
19.41,0,-0.00132258986245705
19.43,0,-0.00132266485875656
19.45,0,-0.00132273985505607
19.47,0,-0.00132281485135559
19.49,0,-0.00132288984765511
19.509999999999998,0,-0.00132296484395464
19.529999999999998,0,-0.00132303984025418
19.549999999999997,0,-0.00132311483655372
19.57,0,-0.00132318983285326
19.59,0,-0.00132326482915281
19.61,0,-0.00132333982545237
19.63,0,-0.00132341482175193
19.65,0,-0.00132348981805149
19.669999999999998,0,-0.00132356481435106
19.689999999999998,0,-0.00132363981065064
19.709999999999997,0,-0.00132371480695022
19.729999999999997,0,-0.00132378980324981
19.75,0,-0.0013238647995494
19.77,0,-0.00132393979584899
19.79,0,-0.0013240147921486
19.81,0,-0.0013240897884482
19.83,0,-0.00132416478474781
19.849999999999998,0,-0.00132423978104743
19.869999999999997,0,-0.00132431477734705
19.889999999999997,0,-0.00132438977364668
19.91,0,-0.00132446476994631
19.93,0,-0.00132453976624595
19.95,0,-0.00132461476254559
19.97,0,-0.00132468975884524
19.99,0,-0.0013247647551449
20.009999999999998,0,-0.00132483975144455
20.029999999999998,0,-0.00132491474774422
20.049999999999997,0,-0.00132498974404389
20.069999999999997,0,-0.00132506474034356
20.09,0,-0.00132513973664324
20.11,0,-0.00132521473294292
20.13,0,-0.00132528972924261
20.15,0,-0.00132536472554231
20.169999999999998,0,-0.00132543972184201
20.189999999999998,0,-0.00132551471814171
20.209999999999997,0,-0.00132558971444142
20.229999999999997,0,-0.00132566471074114
20.25,0,-0.00132573970704086
20.27,0,-0.00132581470334058
20.29,0,-0.00132588969964031
20.31,0,-0.00132596469594005
20.33,0,-0.00132603969223979
20.349999999999998,0,-0.00132611468853954
20.369999999999997,0,-0.00132618968483929
20.389999999999997,0,-0.00132626468113904
20.41,0,-0.00132633967743881
20.43,0,-0.00132641467373857
20.45,0,-0.00132648967003834
20.47,0,-0.00132656466633812
20.49,0,-0.0013266396626379
20.509999999999998,0,-0.00132671465893769
20.529999999999998,0,-0.00132678965523748
20.549999999999997,0,-0.00132686465153728
20.569999999999997,0,-0.00132693964783708
20.59,0,-0.00132701464413689
20.61,0,-0.00132708964043671
20.63,0,-0.00132716463673652
20.65,0,-0.00132723963303635
20.669999999999998,0,-0.00132731462933618
20.689999999999998,0,-0.00132738962563601
20.709999999999997,0,-0.00132746462193585
20.729999999999997,0,-0.00132753961823569
20.75,0,-0.00132761461453554
20.77,0,-0.0013276896108354
20.79,0,-0.00132776460713526
20.81,0,-0.00132783960343512
20.83,0,-0.00132791459973499
20.849999999999998,0,-0.00132798959603487
20.869999999999997,0,-0.00132806459233475
20.889999999999997,0,-0.00132813958863463
20.91,0,-0.00132821458493452
20.93,0,-0.00132828958123442
20.95,0,-0.00132836457753432
20.97,0,-0.00132843957383423
20.99,0,-0.00132851457013414
21.009999999999998,0,-0.00132858956643406
21.029999999999998,0,-0.00132866456273398
21.049999999999997,0,-0.0013287395590339
21.069999999999997,0,-0.00132881455533384
21.09,0,-0.00132888955163377
21.11,0,-0.00132896454793372
21.13,0,-0.00132903954423366
21.15,0,-0.00132911454053362
21.169999999999998,0,-0.00132918953683357
21.189999999999998,0,-0.00132926453313354
21.209999999999997,0,-0.00132933952943351
21.229999999999997,0,-0.00132941452573348
21.25,0,-0.00132948952203346
21.27,0,-0.00132956451833344
21.29,0,-0.00132963951463343
21.31,0,-0.00132971451093342
21.33,0,-0.00132978950723342
21.349999999999998,0,-0.00132986450353343
21.369999999999997,0,-0.00132993949983344
21.389999999999997,0,-0.00133001449613345
21.409999999999997,0,-0.00133008949243347
21.43,0,-0.0013301644887335
21.45,0,-0.00133023948503353
21.47,0,-0.00133031448133356
21.49,0,-0.0013303894776336
21.509999999999998,0,-0.00133046447393365
21.529999999999998,0,-0.0013305394702337
21.549999999999997,0,-0.00133061446653375
21.569999999999997,0,-0.00133068946283381
21.59,0,-0.00133076445913388
21.61,0,-0.00133083945543395
21.63,0,-0.00133091445173403
21.65,0,-0.00133098944803411
21.669999999999998,0,-0.0013310644443342
21.689999999999998,0,-0.00133113944063429
21.709999999999997,0,-0.00133121443693439
21.729999999999997,0,-0.00133128943323449
21.75,0,-0.0013313644295346
21.77,0,-0.00133143942583471
21.79,0,-0.00133151442213483
21.81,0,-0.00133158941843495
21.83,0,-0.00133166441473508
21.849999999999998,0,-0.00133173941103521
21.869999999999997,0,-0.00133181440733535
21.889999999999997,0,-0.00133188940363549
21.909999999999997,0,-0.00133196439993564
21.93,0,-0.0013320393962358
21.95,0,-0.00133211439253596
21.97,0,-0.00133218938883612
21.99,0,-0.00133226438513629
22.009999999999998,0,-0.00133233938143647
22.029999999999998,0,-0.00133241437773665
22.049999999999997,0,-0.00133248937403683
22.069999999999997,0,-0.00133256437033702
22.09,0,-0.00133263936663722
22.11,0,-0.00133271436293742
22.13,0,-0.00133278935923762
22.15,0,-0.00133286435553783
22.169999999999998,0,-0.00133293935183805
22.189999999999998,0,-0.00133301434813827
22.209999999999997,0,-0.0013330893444385
22.229999999999997,0,-0.00133316434073873
22.249999999999996,0,-0.00133323933703896
22.27,0,-0.00133331433333921
22.29,0,-0.00133338932963945
22.31,0,-0.0013334643259397
22.33,0,-0.00133353932223996
22.349999999999998,0,-0.00133361431854022
22.369999999999997,0,-0.00133368931484049
22.389999999999997,0,-0.00133376431114076
22.409999999999997,0,-0.00133383930744104
22.43,0,-0.00133391430374133
22.45,0,-0.00133398930004161
22.47,0,-0.00133406429634191
22.49,0,-0.00133413929264221
22.509999999999998,0,-0.00133421428894251
22.529999999999998,0,-0.00133428928524282
22.549999999999997,0,-0.00133436428154313
22.569999999999997,0,-0.00133443927784345
22.59,0,-0.00133451427414378
22.61,0,-0.00133458927044411
22.63,0,-0.00133466426674444
22.65,0,-0.00133473926304478
22.669999999999998,0,-0.00133481425934513
22.689999999999998,0,-0.00133488925564548
22.709999999999997,0,-0.00133496425194583
22.729999999999997,0,-0.00133503924824619
22.749999999999996,0,-0.00133511424454656
22.77,0,-0.00133518924084693
22.79,0,-0.0013352642371473
22.81,0,-0.00133533923344769
22.83,0,-0.00133541422974807
22.849999999999998,0,-0.00133548922604846
22.869999999999997,0,-0.00133556422234886
22.889999999999997,0,-0.00133563921864926
22.909999999999997,0,-0.00133571421494967
22.93,0,-0.00133578921125008
22.95,0,-0.0013358642075505
22.97,0,-0.00133593920385092
22.99,0,-0.00133601420015135
23.009999999999998,0,-0.00133608919645178
23.029999999999998,0,-0.00133616419275222
23.049999999999997,0,-0.00133623918905266
23.069999999999997,0,-0.00133631418535311
23.089999999999996,0,-0.00133638918165356
23.11,0,-0.00133646417795402
23.13,0,-0.00133653917425449
23.15,0,-0.00133661417055496
23.169999999999998,0,-0.00133668916685543
23.189999999999998,0,-0.00133676416315591
23.209999999999997,0,-0.00133683915945639
23.229999999999997,0,-0.00133691415575688
23.249999999999996,0,-0.00133698915205738
23.27,0,-0.00133706414835788
23.29,0,-0.00133713914465838
23.31,0,-0.00133721414095889
23.33,0,-0.00133728913725941
23.349999999999998,0,-0.00133736413355993
23.369999999999997,0,-0.00133743912986045
23.389999999999997,0,-0.00133751412616098
23.409999999999997,0,-0.00133758912246152
23.43,0,-0.00133766411876206
23.45,0,-0.00133773911506261
23.47,0,-0.00133781411136316
23.49,0,-0.00133788910766372
23.509999999999998,0,-0.00133796410396428
23.529999999999998,0,-0.00133803910026485
23.549999999999997,0,-0.00133811409656542
23.569999999999997,0,-0.001338189092866
23.589999999999996,0,-0.00133826408916658
23.61,0,-0.00133833908546717
23.63,0,-0.00133841408176776
23.65,0,-0.00133848907806836
23.669999999999998,0,-0.00133856407436896
23.689999999999998,0,-0.00133863907066957
23.709999999999997,0,-0.00133871406697018
23.729999999999997,0,-0.0013387890632708
23.749999999999996,0,-0.00133886405957142
23.77,0,-0.00133893905587205
23.79,0,-0.00133901405217269
23.81,0,-0.00133908904847333
23.83,0,-0.00133916404477397
23.849999999999998,0,-0.00133923904107462
23.869999999999997,0,-0.00133931403737527
23.889999999999997,0,-0.00133938903367593
23.909999999999997,0,-0.0013394640299766
23.929999999999996,0,-0.00133953902627727
23.95,0,-0.00133961402257795
23.97,0,-0.00133968901887863
23.99,0,-0.00133976401517931
24.009999999999998,0,-0.00133983901148
24.029999999999998,0,-0.0013399140077807
24.049999999999997,0,-0.0013399890040814
24.069999999999997,0,-0.00134006400038211
24.089999999999996,0,-0.00134013899668282
24.11,0,-0.00134021399298353
24.13,0,-0.00134028898928426
24.15,0,-0.00134036398558498
24.169999999999998,0,-0.00134043898188572
24.189999999999998,0,-0.00134051397818645
24.209999999999997,0,-0.0013405889744872
24.229999999999997,0,-0.00134066397078794
24.249999999999996,0,-0.0013407389670887
24.27,0,-0.00134081396338945
24.29,0,-0.00134088895969022
24.31,0,-0.00134096395599099
24.33,0,-0.00134103895229176
24.349999999999998,0,-0.00134111394859254
24.369999999999997,0,-0.00134118894489332
24.389999999999997,0,-0.00134126394119411
24.409999999999997,0,-0.0013413389374949
24.429999999999996,0,-0.0013414139337957
24.45,0,-0.00134148893009651
24.47,0,-0.00134156392639732
24.49,0,-0.00134163892269813
24.509999999999998,0,-0.00134171391899895
24.529999999999998,0,-0.00134178891529978
24.549999999999997,0,-0.00134186391160061
24.569999999999997,0,-0.00134193890790144
24.589999999999996,0,-0.00134201390420228
24.61,0,-0.00134208890050313
24.63,0,-0.00134216389680398
24.65,0,-0.00134223889310484
24.669999999999998,0,-0.0013423138894057
24.689999999999998,0,-0.00134238888570656
24.709999999999997,0,-0.00134246388200744
24.729999999999997,0,-0.00134253887830831
24.749999999999996,0,-0.00134261387460919
24.769999999999996,0,-0.00134268887091008
24.79,0,-0.00134276386721097
24.81,0,-0.00134283886351187
24.83,0,-0.00134291385981277
24.849999999999998,0,-0.00134298885611368
24.869999999999997,0,-0.00134306385241459
24.889999999999997,0,-0.00134313884871551
24.909999999999997,0,-0.00134321384501643
24.929999999999996,0,-0.00134328884131736
24.95,0,-0.0013433638376183
24.97,0,-0.00134343883391924
24.99,0,-0.00134351383022018
25.009999999999998,0,-0.00134358882652113
25.029999999999998,0,-0.00134366382282208
25.049999999999997,0,-0.00134373881912304
25.069999999999997,0,-0.00134381381542401
25.089999999999996,0,-0.00134388881172498
25.11,0,-0.00134396380802595
25.13,0,-0.00134403880432693
25.15,0,-0.00134411380062792
25.169999999999998,0,-0.00134418879692891
25.189999999999998,0,-0.0013442637932299
25.209999999999997,0,-0.0013443387895309
25.229999999999997,0,-0.00134441378583191
25.249999999999996,0,-0.00134448878213292
25.269999999999996,0,-0.00134456377843393
25.29,0,-0.00134463877473496
25.31,0,-0.00134471377103598
25.33,0,-0.00134478876733701
25.349999999999998,0,-0.00134486376363805
25.369999999999997,0,-0.00134493875993909
25.389999999999997,0,-0.00134501375624014
25.409999999999997,0,-0.00134508875254119
25.429999999999996,0,-0.00134516374884225
25.45,0,-0.00134523874514331
25.47,0,-0.00134531374144438
25.49,0,-0.00134538873774545
25.509999999999998,0,-0.00134546373404653
25.529999999999998,0,-0.00134553873034761
25.549999999999997,0,-0.0013456137266487
25.569999999999997,0,-0.00134568872294979
25.589999999999996,0,-0.00134576371925089
25.609999999999996,0,-0.001345838715552
25.63,0,-0.00134591371185311
25.65,0,-0.00134598870815422
25.669999999999998,0,-0.00134606370445534
25.689999999999998,0,-0.00134613870075646
25.709999999999997,0,-0.00134621369705759
25.729999999999997,0,-0.00134628869335873
25.749999999999996,0,-0.00134636368965987
25.769999999999996,0,-0.00134643868596101
25.79,0,-0.00134651368226216
25.81,0,-0.00134658867856332
25.83,0,-0.00134666367486448
25.849999999999998,0,-0.00134673867116565
25.869999999999997,0,-0.00134681366746682
25.889999999999997,0,-0.00134688866376799
25.909999999999997,0,-0.00134696366006917
25.929999999999996,0,-0.00134703865637036
25.95,0,-0.00134711365267155
25.97,0,-0.00134718864897275
25.99,0,-0.00134726364527395
26.009999999999998,0,-0.00134733864157516
26.029999999999998,0,-0.00134741363787637
26.049999999999997,0,-0.00134748863417759
26.069999999999997,0,-0.00134756363047881
26.089999999999996,0,-0.00134763862678004
26.109999999999996,0,-0.00134771362308127
26.13,0,-0.00134778861938251
26.15,0,-0.00134786361568375
26.169999999999998,0,-0.001347938611985
26.189999999999998,0,-0.00134801360828625
26.209999999999997,0,-0.00134808860458751
26.229999999999997,0,-0.00134816360088878
26.249999999999996,0,-0.00134823859719004
26.269999999999996,0,-0.00134831359349132
26.29,0,-0.0013483885897926
26.31,0,-0.00134846358609388
26.33,0,-0.00134853858239517
26.349999999999998,0,-0.00134861357869647
26.369999999999997,0,-0.00134868857499777
26.389999999999997,0,-0.00134876357129907
26.409999999999997,0,-0.00134883856760038
26.429999999999996,0,-0.0013489135639017
26.45,0,-0.00134898856020302
26.47,0,-0.00134906355650434
26.49,0,-0.00134913855280567
26.509999999999998,0,-0.00134921354910701
26.529999999999998,0,-0.00134928854540835
26.549999999999997,0,-0.0013493635417097
26.569999999999997,0,-0.00134943853801105
26.589999999999996,0,-0.00134951353431241
26.609999999999996,0,-0.00134958853061377
26.63,0,-0.00134966352691514
26.65,0,-0.00134973852321651
26.669999999999998,0,-0.00134981351951789
26.689999999999998,0,-0.00134988851581927
26.709999999999997,0,-0.00134996351212066
26.729999999999997,0,-0.00135003850842205
26.749999999999996,0,-0.00135011350472345
26.769999999999996,0,-0.00135018850102485
26.79,0,-0.00135026349732626
26.81,0,-0.00135033849362767
26.83,0,-0.00135041348992909
26.849999999999998,0,-0.00135048848623051
26.869999999999997,0,-0.00135056348253194
26.889999999999997,0,-0.00135063847883338
26.909999999999997,0,-0.00135071347513482
26.929999999999996,0,-0.00135078847143626
26.949999999999996,0,-0.00135086346773771
26.97,0,-0.00135093846403916
26.99,0,-0.00135101346034062
27.009999999999998,0,-0.00135108845664209
27.029999999999998,0,-0.00135116345294356
27.049999999999997,0,-0.00135123844924504
27.069999999999997,0,-0.00135131344554652
27.089999999999996,0,-0.001351388441848
27.109999999999996,0,-0.00135146343814949
27.13,0,-0.00135153843445099
27.15,0,-0.00135161343075249
27.169999999999998,0,-0.001351688427054
27.189999999999998,0,-0.00135176342335551
27.209999999999997,0,-0.00135183841965702
27.229999999999997,0,-0.00135191341595855
27.249999999999996,0,-0.00135198841226007
27.269999999999996,0,-0.00135206340856161
27.29,0,-0.00135213840486314
27.31,0,-0.00135221340116469
27.33,0,-0.00135228839746623
27.349999999999998,0,-0.00135236339376779
27.369999999999997,0,-0.00135243839006934
27.389999999999997,0,-0.00135251338637091
27.409999999999997,0,-0.00135258838267248
27.429999999999996,0,-0.00135266337897405
27.449999999999996,0,-0.00135273837527563
27.47,0,-0.00135281337157721
27.49,0,-0.0013528883678788
27.509999999999998,0,-0.00135296336418039
27.529999999999998,0,-0.00135303836048199
27.549999999999997,0,-0.0013531133567836
27.569999999999997,0,-0.00135318835308521
27.589999999999996,0,-0.00135326334938682
27.609999999999996,0,-0.00135333834568844
27.63,0,-0.00135341334199007
27.65,0,-0.0013534883382917
27.669999999999998,0,-0.00135356333459333
27.689999999999998,0,-0.00135363833089497
27.709999999999997,0,-0.00135371332719662
27.729999999999997,0,-0.00135378832349827
27.749999999999996,0,-0.00135386331979993
27.769999999999996,0,-0.00135393831610159
27.789999999999996,0,-0.00135401331240325
27.81,0,-0.00135408830870492
27.83,0,-0.0013541633050066
27.849999999999998,0,-0.00135423830130828
27.869999999999997,0,-0.00135431329760997
27.889999999999997,0,-0.00135438829391166
27.909999999999997,0,-0.00135446329021336
27.929999999999996,0,-0.00135453828651506
27.949999999999996,0,-0.00135461328281677
27.97,0,-0.00135468827911848
27.99,0,-0.0013547632754202
28.009999999999998,0,-0.00135483827172192
28.029999999999998,0,-0.00135491326802365
28.049999999999997,0,-0.00135498826432539
28.069999999999997,0,-0.00135506326062712
28.089999999999996,0,-0.00135513825692887
28.109999999999996,0,-0.00135521325323062
28.13,0,-0.00135528824953237
28.15,0,-0.00135536324583413
28.169999999999998,0,-0.00135543824213589
28.189999999999998,0,-0.00135551323843766
28.209999999999997,0,-0.00135558823473944
28.229999999999997,0,-0.00135566323104122
28.249999999999996,0,-0.001355738227343
28.269999999999996,0,-0.00135581322364479
28.289999999999996,0,-0.00135588821994659
28.31,0,-0.00135596321624839
28.33,0,-0.0013560382125502
28.349999999999998,0,-0.00135611320885201
28.369999999999997,0,-0.00135618820515382
28.389999999999997,0,-0.00135626320145564
28.409999999999997,0,-0.00135633819775747
28.429999999999996,0,-0.0013564131940593
28.449999999999996,0,-0.00135648819036114
28.47,0,-0.00135656318666298
28.49,0,-0.00135663818296483
28.509999999999998,0,-0.00135671317926668
28.529999999999998,0,-0.00135678817556854
28.549999999999997,0,-0.0013568631718704
28.569999999999997,0,-0.00135693816817227
28.589999999999996,0,-0.00135701316447414
28.609999999999996,0,-0.00135708816077602
28.629999999999995,0,-0.0013571631570779
28.65,0,-0.00135723815337979
28.669999999999998,0,-0.00135731314968168
28.689999999999998,0,-0.00135738814598358
28.709999999999997,0,-0.00135746314228548
28.729999999999997,0,-0.00135753813858739
28.749999999999996,0,-0.00135761313488931
28.769999999999996,0,-0.00135768813119123
28.789999999999996,0,-0.00135776312749315
28.81,0,-0.00135783812379508
28.83,0,-0.00135791312009701
28.849999999999998,0,-0.00135798811639895
28.869999999999997,0,-0.0013580631127009
28.889999999999997,0,-0.00135813810900285
28.909999999999997,0,-0.0013582131053048
28.929999999999996,0,-0.00135828810160677
28.949999999999996,0,-0.00135836309790873
28.97,0,-0.0013584380942107
28.99,0,-0.00135851309051268
29.009999999999998,0,-0.00135858808681466
29.029999999999998,0,-0.00135866308311665
29.049999999999997,0,-0.00135873807941864
29.069999999999997,0,-0.00135881307572063
29.089999999999996,0,-0.00135888807202264
29.109999999999996,0,-0.00135896306832464
29.129999999999995,0,-0.00135903806462665
29.15,0,-0.00135911306092867
29.169999999999998,0,-0.00135918805723069
29.189999999999998,0,-0.00135926305353272
29.209999999999997,0,-0.00135933804983475
29.229999999999997,0,-0.00135941304613679
29.249999999999996,0,-0.00135948804243883
29.269999999999996,0,-0.00135956303874088
29.289999999999996,0,-0.00135963803504294
29.31,0,-0.001359713031345
29.33,0,-0.00135978802764706
29.349999999999998,0,-0.00135986302394913
29.369999999999997,0,-0.0013599380202512
29.389999999999997,0,-0.00136001301655328
29.409999999999997,0,-0.00136008801285537
29.429999999999996,0,-0.00136016300915745
29.449999999999996,0,-0.00136023800545955
29.469999999999995,0,-0.00136031300176165
29.49,0,-0.00136038799806375
29.509999999999998,0,-0.00136046299436586
29.529999999999998,0,-0.00136053799066798
29.549999999999997,0,-0.0013606129869701
29.569999999999997,0,-0.00136068798327223
29.589999999999996,0,-0.00136076297957436
29.609999999999996,0,-0.00136083797587649
29.629999999999995,0,-0.00136091297217863
29.65,0,-0.00136098796848078
29.669999999999998,0,-0.00136106296478293
29.689999999999998,0,-0.00136113796108509
29.709999999999997,0,-0.00136121295738725
29.729999999999997,0,-0.00136128795368942
29.749999999999996,0,-0.00136136294999159
29.769999999999996,0,-0.00136143794629377
29.789999999999996,0,-0.00136151294259595
29.81,0,-0.00136158793889814
29.83,0,-0.00136166293520033
29.849999999999998,0,-0.00136173793150253
29.869999999999997,0,-0.00136181292780473
29.889999999999997,0,-0.00136188792410694
29.909999999999997,0,-0.00136196292040915
29.929999999999996,0,-0.00136203791671137
29.949999999999996,0,-0.00136211291301359
29.969999999999995,0,-0.00136218790931582
29.99,0,-0.00136226290561805
30.009999999999998,0,-0.00136233790192029
30.029999999999998,0,-0.00136241289822254
30.049999999999997,0,-0.00136248789452479
30.069999999999997,0,-0.00136256289082704
30.089999999999996,0,-0.0013626378871293
30.109999999999996,0,-0.00136271288343157
30.129999999999995,0,-0.00136278787973384
30.15,0,-0.00136286287603611
30.169999999999998,0,-0.00136293787233839
30.189999999999998,0,-0.00136301286864068
30.209999999999997,0,-0.00136308786494297
30.229999999999997,0,-0.00136316286124526
30.249999999999996,0,-0.00136323785754757
30.269999999999996,0,-0.00136331285384987
30.289999999999996,0,-0.00136338785015218
30.309999999999995,0,-0.0013634628464545
30.33,0,-0.00136353784275682
30.349999999999998,0,-0.00136361283905915
30.369999999999997,0,-0.00136368783536148
30.389999999999997,0,-0.00136376283166382
30.409999999999997,0,-0.00136383782796616
30.429999999999996,0,-0.00136391282426851
30.449999999999996,0,-0.00136398782057086
30.469999999999995,0,-0.00136406281687322
30.49,0,-0.00136413781317558
30.509999999999998,0,-0.00136421280947795
30.529999999999998,0,-0.00136428780578032
30.549999999999997,0,-0.0013643628020827
30.569999999999997,0,-0.00136443779838508
30.589999999999996,0,-0.00136451279468747
30.609999999999996,0,-0.00136458779098987
30.629999999999995,0,-0.00136466278729227
30.65,0,-0.00136473778359467
30.669999999999998,0,-0.00136481277989708
30.689999999999998,0,-0.00136488777619949
30.709999999999997,0,-0.00136496277250191
30.729999999999997,0,-0.00136503776880434
30.749999999999996,0,-0.00136511276510677
30.769999999999996,0,-0.0013651877614092
30.789999999999996,0,-0.00136526275771164
30.809999999999995,0,-0.00136533775401409
30.83,0,-0.00136541275031654
30.849999999999998,0,-0.001365487746619
30.869999999999997,0,-0.00136556274292146
30.889999999999997,0,-0.00136563773922392
30.909999999999997,0,-0.00136571273552639
30.929999999999996,0,-0.00136578773182887
30.949999999999996,0,-0.00136586272813135
30.969999999999995,0,-0.00136593772443384
30.99,0,-0.00136601272073633
31.009999999999998,0,-0.00136608771703883
31.029999999999998,0,-0.00136616271334133
31.049999999999997,0,-0.00136623770964384
31.069999999999997,0,-0.00136631270594635
31.089999999999996,0,-0.00136638770224887
31.109999999999996,0,-0.00136646269855139
31.129999999999995,0,-0.00136653769485392
31.15,0,-0.00136661269115645
31.169999999999998,0,-0.00136668768745899
31.189999999999998,0,-0.00136676268376153
31.209999999999997,0,-0.00136683768006408
31.229999999999997,0,-0.00136691267636664
31.249999999999996,0,-0.0013669876726692
31.269999999999996,0,-0.00136706266897176
31.289999999999996,0,-0.00136713766527433
31.309999999999995,0,-0.0013672126615769
31.33,0,-0.00136728765787948
31.349999999999998,0,-0.00136736265418207
31.369999999999997,0,-0.00136743765048466
31.389999999999997,0,-0.00136751264678725
31.409999999999997,0,-0.00136758764308985
31.429999999999996,0,-0.00136766263939246
31.449999999999996,0,-0.00136773763569507
31.469999999999995,0,-0.00136781263199769
31.49,0,-0.00136788762830031
31.509999999999998,0,-0.00136796262460293
31.529999999999998,0,-0.00136803762090556
31.549999999999997,0,-0.0013681126172082
31.569999999999997,0,-0.00136818761351084
31.589999999999996,0,-0.00136826260981349
31.609999999999996,0,-0.00136833760611614
31.629999999999995,0,-0.0013684126024188
31.649999999999995,0,-0.00136848759872146
31.669999999999998,0,-0.00136856259502413
31.689999999999998,0,-0.0013686375913268
31.709999999999997,0,-0.00136871258762948
31.729999999999997,0,-0.00136878758393216
31.749999999999996,0,-0.00136886258023485
31.769999999999996,0,-0.00136893757653754
31.789999999999996,0,-0.00136901257284024
31.809999999999995,0,-0.00136908756914294
31.83,0,-0.00136916256544565
31.849999999999998,0,-0.00136923756174836
31.869999999999997,0,-0.00136931255805108
31.889999999999997,0,-0.00136938755435381
31.909999999999997,0,-0.00136946255065654
31.929999999999996,0,-0.00136953754695927
31.949999999999996,0,-0.00136961254326201
31.969999999999995,0,-0.00136968753956476
31.99,0,-0.00136976253586751
32.01,0,-0.00136983753217026
32.029999999999994,0,-0.00136991252847302
32.04999999999999,0,-0.00136998752477579
32.06999999999999,0,-0.00137006252107856
32.089999999999996,0,-0.00137013751738133
32.10999999999999,0,-0.00137021251368411
32.129999999999995,0,-0.0013702875099869
32.14999999999999,0,-0.00137036250628969
32.169999999999995,0,-0.00137043750259249
32.18999999999999,0,-0.00137051249889529
32.209999999999994,0,-0.0013705874951981
32.22999999999999,0,-0.00137066249150091
32.24999999999999,0,-0.00137073748780372
32.269999999999996,0,-0.00137081248410655
32.28999999999999,0,-0.00137088748040937
32.309999999999995,0,-0.00137096247671221
32.32999999999999,0,-0.00137103747301504
32.349999999999994,0,-0.00137111246931789
32.36999999999999,0,-0.00137118746562073
32.38999999999999,0,-0.00137126246192359
32.41,0,-0.00137133745822645
32.42999999999999,0,-0.00137141245452931
32.449999999999996,0,-0.00137148745083218
32.46999999999999,0,-0.00137156244713505
32.489999999999995,0,-0.00137163744343793
32.50999999999999,0,-0.00137171243974081
32.529999999999994,0,-0.0013717874360437
32.54999999999999,0,-0.0013718624323466
32.56999999999999,0,-0.0013719374286495
32.589999999999996,0,-0.0013720124249524
32.60999999999999,0,-0.00137208742125531
32.629999999999995,0,-0.00137216241755823
32.64999999999999,0,-0.00137223741386115
32.669999999999995,0,-0.00137231241016407
32.68999999999999,0,-0.001372387406467
32.709999999999994,0,-0.00137246240276994
32.72999999999999,0,-0.00137253739907288
32.74999999999999,0,-0.00137261239537582
32.769999999999996,0,-0.00137268739167878
32.78999999999999,0,-0.00137276238798173
32.809999999999995,0,-0.00137283738428469
32.82999999999999,0,-0.00137291238058766
32.849999999999994,0,-0.00137298737689063
32.86999999999999,0,-0.00137306237319361
32.88999999999999,0,-0.00137313736949659
32.90999999999999,0,-0.00137321236579958
32.92999999999999,0,-0.00137328736210257
32.949999999999996,0,-0.00137336235840557
32.96999999999999,0,-0.00137343735470857
32.989999999999995,0,-0.00137351235101158
33.00999999999999,0,-0.00137358734731459
33.029999999999994,0,-0.00137366234361761
33.04999999999999,0,-0.00137373733992063
33.06999999999999,0,-0.00137381233622366
33.089999999999996,0,-0.00137388733252669
33.10999999999999,0,-0.00137396232882973
33.129999999999995,0,-0.00137403732513278
33.14999999999999,0,-0.00137411232143583
33.169999999999995,0,-0.00137418731773888
33.18999999999999,0,-0.00137426231404194
33.209999999999994,0,-0.001374337310345
33.22999999999999,0,-0.00137441230664807
33.24999999999999,0,-0.00137448730295115
33.269999999999996,0,-0.00137456229925423
33.28999999999999,0,-0.00137463729555731
33.309999999999995,0,-0.0013747122918604
33.32999999999999,0,-0.0013747872881635
33.349999999999994,0,-0.0013748622844666
33.36999999999999,0,-0.00137493728076971
33.38999999999999,0,-0.00137501227707282
33.40999999999999,0,-0.00137508727337593
33.42999999999999,0,-0.00137516226967905
33.449999999999996,0,-0.00137523726598218
33.46999999999999,0,-0.00137531226228531
33.489999999999995,0,-0.00137538725858845
33.50999999999999,0,-0.00137546225489159
33.529999999999994,0,-0.00137553725119474
33.54999999999999,0,-0.00137561224749789
33.56999999999999,0,-0.00137568724380105
33.589999999999996,0,-0.00137576224010421
33.60999999999999,0,-0.00137583723640738
33.629999999999995,0,-0.00137591223271055
33.64999999999999,0,-0.00137598722901373
33.669999999999995,0,-0.00137606222531691
33.68999999999999,0,-0.0013761372216201
33.709999999999994,0,-0.0013762122179233
33.72999999999999,0,-0.00137628721422649
33.74999999999999,0,-0.0013763622105297
33.769999999999996,0,-0.00137643720683291
33.78999999999999,0,-0.00137651220313612
33.809999999999995,0,-0.00137658719943934
33.82999999999999,0,-0.00137666219574256
33.849999999999994,0,-0.00137673719204579
33.86999999999999,0,-0.00137681218834903
33.88999999999999,0,-0.00137688718465227
33.90999999999999,0,-0.00137696218095551
33.92999999999999,0,-0.00137703717725876
33.949999999999996,0,-0.00137711217356202
33.96999999999999,0,-0.00137718716986528
33.989999999999995,0,-0.00137726216616855
34.00999999999999,0,-0.00137733716247182
34.029999999999994,0,-0.00137741215877509
34.04999999999999,0,-0.00137748715507837
34.06999999999999,0,-0.00137756215138166
34.089999999999996,0,-0.00137763714768495
34.10999999999999,0,-0.00137771214398825
34.129999999999995,0,-0.00137778714029155
34.14999999999999,0,-0.00137786213659486
34.169999999999995,0,-0.00137793713289817
34.18999999999999,0,-0.00137801212920149
34.209999999999994,0,-0.00137808712550481
34.22999999999999,0,-0.00137816212180814
34.24999999999999,0,-0.00137823711811147
34.269999999999996,0,-0.00137831211441481
34.28999999999999,0,-0.00137838711071815
34.309999999999995,0,-0.0013784621070215
34.32999999999999,0,-0.00137853710332485
34.349999999999994,0,-0.00137861209962821
34.36999999999999,0,-0.00137868709593158
34.38999999999999,0,-0.00137876209223494
34.40999999999999,0,-0.00137883708853832
34.42999999999999,0,-0.0013789120848417
34.449999999999996,0,-0.00137898708114508
34.46999999999999,0,-0.00137906207744847
34.489999999999995,0,-0.00137913707375187
34.50999999999999,0,-0.00137921207005527
34.529999999999994,0,-0.00137928706635867
34.54999999999999,0,-0.00137936206266208
34.56999999999999,0,-0.0013794370589655
34.58999999999999,0,-0.00137951205526892
34.60999999999999,0,-0.00137958705157234
34.629999999999995,0,-0.00137966204787577
34.64999999999999,0,-0.00137973704417921
34.669999999999995,0,-0.00137981204048265
34.68999999999999,0,-0.0013798870367861
34.709999999999994,0,-0.00137996203308955
34.72999999999999,0,-0.001380037029393
34.74999999999999,0,-0.00138011202569647
34.769999999999996,0,-0.00138018702199993
34.78999999999999,0,-0.00138026201830341
34.809999999999995,0,-0.00138033701460688
34.82999999999999,0,-0.00138041201091037
34.849999999999994,0,-0.00138048700721385
34.86999999999999,0,-0.00138056200351735
34.88999999999999,0,-0.00138063699982084
34.90999999999999,0,-0.00138071199612435
34.92999999999999,0,-0.00138078699242785
34.949999999999996,0,-0.00138086198873137
34.96999999999999,0,-0.00138093698503489
34.989999999999995,0,-0.00138101198133841
35.00999999999999,0,-0.00138108697764194
35.029999999999994,0,-0.00138116197394547
35.04999999999999,0,-0.00138123697024901
35.06999999999999,0,-0.00138131196655256
35.08999999999999,0,-0.00138138696285611
35.10999999999999,0,-0.00138146195915966
35.129999999999995,0,-0.00138153695546322
35.14999999999999,0,-0.00138161195176678
35.169999999999995,0,-0.00138168694807036
35.18999999999999,0,-0.00138176194437393
35.209999999999994,0,-0.00138183694067751
35.22999999999999,0,-0.0013819119369811
35.24999999999999,0,-0.00138198693328469
35.269999999999996,0,-0.00138206192958828
35.28999999999999,0,-0.00138213692589188
35.309999999999995,0,-0.00138221192219549
35.32999999999999,0,-0.0013822869184991
35.349999999999994,0,-0.00138236191480272
35.36999999999999,0,-0.00138243691110634
35.38999999999999,0,-0.00138251190740997
35.40999999999999,0,-0.0013825869037136
35.42999999999999,0,-0.00138266190001724
35.449999999999996,0,-0.00138273689632088
35.46999999999999,0,-0.00138281189262453
35.489999999999995,0,-0.00138288688892818
35.50999999999999,0,-0.00138296188523184
35.529999999999994,0,-0.0013830368815355
35.54999999999999,0,-0.00138311187783917
35.56999999999999,0,-0.00138318687414284
35.58999999999999,0,-0.00138326187044652
35.60999999999999,0,-0.0013833368667502
35.629999999999995,0,-0.00138341186305389
35.64999999999999,0,-0.00138348685935758
35.669999999999995,0,-0.00138356185566128
35.68999999999999,0,-0.00138363685196499
35.709999999999994,0,-0.0013837118482687
35.72999999999999,0,-0.00138378684457241
35.74999999999999,0,-0.00138386184087613
35.769999999999996,0,-0.00138393683717986
35.78999999999999,0,-0.00138401183348359
35.809999999999995,0,-0.00138408682978732
35.82999999999999,0,-0.00138416182609106
35.849999999999994,0,-0.00138423682239481
35.86999999999999,0,-0.00138431181869856
35.88999999999999,0,-0.00138438681500231
35.90999999999999,0,-0.00138446181130607
35.92999999999999,0,-0.00138453680760984
35.949999999999996,0,-0.00138461180391361
35.96999999999999,0,-0.00138468680021739
35.989999999999995,0,-0.00138476179652117
36.00999999999999,0,-0.00138483679282496
36.029999999999994,0,-0.00138491178912875
36.04999999999999,0,-0.00138498678543254
36.06999999999999,0,-0.00138506178173635
36.08999999999999,0,-0.00138513677804015
36.10999999999999,0,-0.00138521177434397
36.129999999999995,0,-0.00138528677064778
36.14999999999999,0,-0.00138536176695161
36.169999999999995,0,-0.00138543676325543
36.18999999999999,0,-0.00138551175955927
36.209999999999994,0,-0.00138558675586311
36.22999999999999,0,-0.00138566175216695
36.24999999999999,0,-0.0013857367484708
36.269999999999996,0,-0.00138581174477465
36.28999999999999,0,-0.00138588674107851
36.309999999999995,0,-0.00138596173738237
36.32999999999999,0,-0.00138603673368624
36.349999999999994,0,-0.00138611172999012
36.36999999999999,0,-0.001386186726294
36.38999999999999,0,-0.00138626172259788
36.40999999999999,0,-0.00138633671890177
36.42999999999999,0,-0.00138641171520567
36.449999999999996,0,-0.00138648671150957
36.46999999999999,0,-0.00138656170781347
36.489999999999995,0,-0.00138663670411738
36.50999999999999,0,-0.0013867117004213
36.529999999999994,0,-0.00138678669672522
36.54999999999999,0,-0.00138686169302915
36.56999999999999,0,-0.00138693668933308
36.58999999999999,0,-0.00138701168563701
36.60999999999999,0,-0.00138708668194095
36.629999999999995,0,-0.0013871616782449
36.64999999999999,0,-0.00138723667454885
36.669999999999995,0,-0.00138731167085281
36.68999999999999,0,-0.00138738666715677
36.709999999999994,0,-0.00138746166346074
36.72999999999999,0,-0.00138753665976471
36.74999999999999,0,-0.00138761165606869
36.76999999999999,0,-0.00138768665237267
36.78999999999999,0,-0.00138776164867666
36.809999999999995,0,-0.00138783664498065
36.82999999999999,0,-0.00138791164128465
36.849999999999994,0,-0.00138798663758865
36.86999999999999,0,-0.00138806163389266
36.88999999999999,0,-0.00138813663019668
36.90999999999999,0,-0.00138821162650069
36.92999999999999,0,-0.00138828662280472
36.949999999999996,0,-0.00138836161910875
36.96999999999999,0,-0.00138843661541278
36.989999999999995,0,-0.00138851161171682
37.00999999999999,0,-0.00138858660802087
37.029999999999994,0,-0.00138866160432492
37.04999999999999,0,-0.00138873660062897
37.06999999999999,0,-0.00138881159693303
37.08999999999999,0,-0.0013888865932371
37.10999999999999,0,-0.00138896158954117
37.129999999999995,0,-0.00138903658584524
37.14999999999999,0,-0.00138911158214932
37.169999999999995,0,-0.00138918657845341
37.18999999999999,0,-0.0013892615747575
37.209999999999994,0,-0.00138933657106159
37.22999999999999,0,-0.0013894115673657
37.24999999999999,0,-0.0013894865636698
37.26999999999999,0,-0.00138956155997391
37.28999999999999,0,-0.00138963655627803
37.309999999999995,0,-0.00138971155258215
37.32999999999999,0,-0.00138978654888628
37.349999999999994,0,-0.00138986154519041
37.36999999999999,0,-0.00138993654149455
37.38999999999999,0,-0.00139001153779869
37.40999999999999,0,-0.00139008653410284
37.42999999999999,0,-0.00139016153040699
37.449999999999996,0,-0.00139023652671115
37.46999999999999,0,-0.00139031152301531
37.489999999999995,0,-0.00139038651931948
37.50999999999999,0,-0.00139046151562366
37.529999999999994,0,-0.00139053651192783
37.54999999999999,0,-0.00139061150823202
37.56999999999999,0,-0.00139068650453621
37.58999999999999,0,-0.0013907615008404
37.60999999999999,0,-0.0013908364971446
37.629999999999995,0,-0.0013909114934488
37.64999999999999,0,-0.00139098648975301
37.669999999999995,0,-0.00139106148605723
37.68999999999999,0,-0.00139113648236145
37.709999999999994,0,-0.00139121147866567
37.72999999999999,0,-0.0013912864749699
37.74999999999999,0,-0.00139136147127414
37.76999999999999,0,-0.00139143646757838
37.78999999999999,0,-0.00139151146388263
37.809999999999995,0,-0.00139158646018688
37.82999999999999,0,-0.00139166145649113
37.849999999999994,0,-0.00139173645279539
37.86999999999999,0,-0.00139181144909966
37.88999999999999,0,-0.00139188644540393
37.90999999999999,0,-0.00139196144170821
37.92999999999999,0,-0.00139203643801249
37.949999999999996,0,-0.00139211143431678
37.96999999999999,0,-0.00139218643062107
37.989999999999995,0,-0.00139226142692537
38.00999999999999,0,-0.00139233642322967
38.029999999999994,0,-0.00139241141953398
38.04999999999999,0,-0.00139248641583829
38.06999999999999,0,-0.00139256141214261
38.08999999999999,0,-0.00139263640844693
38.10999999999999,0,-0.00139271140475126
38.129999999999995,0,-0.00139278640105559
38.14999999999999,0,-0.00139286139735993
38.169999999999995,0,-0.00139293639366427
38.18999999999999,0,-0.00139301138996862
38.209999999999994,0,-0.00139308638627298
38.22999999999999,0,-0.00139316138257734
38.24999999999999,0,-0.0013932363788817
38.26999999999999,0,-0.00139331137518607
38.28999999999999,0,-0.00139338637149044
38.309999999999995,0,-0.00139346136779482
38.32999999999999,0,-0.00139353636409921
38.349999999999994,0,-0.0013936113604036
38.36999999999999,0,-0.00139368635670799
38.38999999999999,0,-0.00139376135301239
38.40999999999999,0,-0.0013938363493168
38.42999999999999,0,-0.00139391134562121
38.44999999999999,0,-0.00139398634192563
38.46999999999999,0,-0.00139406133823005
38.489999999999995,0,-0.00139413633453447
38.50999999999999,0,-0.00139421133083891
38.529999999999994,0,-0.00139428632714334
38.54999999999999,0,-0.00139436132344778
38.56999999999999,0,-0.00139443631975223
38.58999999999999,0,-0.00139451131605668
38.60999999999999,0,-0.00139458631236114
38.629999999999995,0,-0.0013946613086656
38.64999999999999,0,-0.00139473630497007
38.669999999999995,0,-0.00139481130127454
38.68999999999999,0,-0.00139488629757902
38.709999999999994,0,-0.0013949612938835
38.72999999999999,0,-0.00139503629018799
38.74999999999999,0,-0.00139511128649248
38.76999999999999,0,-0.00139518628279698
38.78999999999999,0,-0.00139526127910149
38.809999999999995,0,-0.00139533627540599
38.82999999999999,0,-0.00139541127171051
38.849999999999994,0,-0.00139548626801503
38.86999999999999,0,-0.00139556126431955
38.88999999999999,0,-0.00139563626062408
38.90999999999999,0,-0.00139571125692861
38.92999999999999,0,-0.00139578625323315
38.94999999999999,0,-0.0013958612495377
38.96999999999999,0,-0.00139593624584225
38.989999999999995,0,-0.0013960112421468
39.00999999999999,0,-0.00139608623845136
39.029999999999994,0,-0.00139616123475593
39.04999999999999,0,-0.0013962362310605
39.06999999999999,0,-0.00139631122736508
39.08999999999999,0,-0.00139638622366966
39.10999999999999,0,-0.00139646121997424
39.129999999999995,0,-0.00139653621627883
39.14999999999999,0,-0.00139661121258343
39.169999999999995,0,-0.00139668620888803
39.18999999999999,0,-0.00139676120519264
39.209999999999994,0,-0.00139683620149725
39.22999999999999,0,-0.00139691119780187
39.24999999999999,0,-0.00139698619410649
39.26999999999999,0,-0.00139706119041112
39.28999999999999,0,-0.00139713618671575
39.309999999999995,0,-0.00139721118302039
39.32999999999999,0,-0.00139728617932503
39.349999999999994,0,-0.00139736117562968
39.36999999999999,0,-0.00139743617193433
39.38999999999999,0,-0.00139751116823899
39.40999999999999,0,-0.00139758616454365
39.42999999999999,0,-0.00139766116084832
39.44999999999999,0,-0.00139773615715299
39.46999999999999,0,-0.00139781115345767
39.489999999999995,0,-0.00139788614976236
39.50999999999999,0,-0.00139796114606705
39.529999999999994,0,-0.00139803614237174
39.54999999999999,0,-0.00139811113867644
39.56999999999999,0,-0.00139818613498114
39.58999999999999,0,-0.00139826113128585
39.60999999999999,0,-0.00139833612759057
39.629999999999995,0,-0.00139841112389529
39.64999999999999,0,-0.00139848612020001
39.669999999999995,0,-0.00139856111650474
39.68999999999999,0,-0.00139863611280948
39.709999999999994,0,-0.00139871110911422
39.72999999999999,0,-0.00139878610541897
39.74999999999999,0,-0.00139886110172372
39.76999999999999,0,-0.00139893609802847
39.78999999999999,0,-0.00139901109433324
39.809999999999995,0,-0.001399086090638
39.82999999999999,0,-0.00139916108694277
39.849999999999994,0,-0.00139923608324755
39.86999999999999,0,-0.00139931107955233
39.88999999999999,0,-0.00139938607585712
39.90999999999999,0,-0.00139946107216191
39.92999999999999,0,-0.00139953606846671
39.94999999999999,0,-0.00139961106477151
39.96999999999999,0,-0.00139968606107632
39.989999999999995,0,-0.00139976105738113
40.00999999999999,0,-0.00139983605368595
40.029999999999994,0,-0.00139991104999077
40.04999999999999,0,-0.0013999860462956
40.06999999999999,0,-0.00140006104260044
40.08999999999999,0,-0.00140013603890527
40.10999999999999,0,-0.00140021103521012
40.12999999999999,0,-0.00140028603151497
40.14999999999999,0,-0.00140036102781982
40.169999999999995,0,-0.00140043602412468
40.18999999999999,0,-0.00140051102042954
40.209999999999994,0,-0.00140058601673441
40.22999999999999,0,-0.00140066101303929
40.24999999999999,0,-0.00140073600934417
40.26999999999999,0,-0.00140081100564905
40.28999999999999,0,-0.00140088600195394
40.309999999999995,0,-0.00140096099825884
40.32999999999999,0,-0.00140103599456374
40.349999999999994,0,-0.00140111099086865
40.36999999999999,0,-0.00140118598717356
40.38999999999999,0,-0.00140126098347847
40.40999999999999,0,-0.00140133597978339
40.42999999999999,0,-0.00140141097608832
40.44999999999999,0,-0.00140148597239325
40.46999999999999,0,-0.00140156096869819
40.489999999999995,0,-0.00140163596500313
40.50999999999999,0,-0.00140171096130808
40.529999999999994,0,-0.00140178595761303
40.54999999999999,0,-0.00140186095391799
40.56999999999999,0,-0.00140193595022295
40.58999999999999,0,-0.00140201094652792
40.60999999999999,0,-0.00140208594283289
40.62999999999999,0,-0.00140216093913787
40.64999999999999,0,-0.00140223593544285
40.669999999999995,0,-0.00140231093174784
40.68999999999999,0,-0.00140238592805283
40.709999999999994,0,-0.00140246092435783
40.72999999999999,0,-0.00140253592066283
40.74999999999999,0,-0.00140261091696784
40.76999999999999,0,-0.00140268591327286
40.78999999999999,0,-0.00140276090957788
40.809999999999995,0,-0.0014028359058829
40.82999999999999,0,-0.00140291090218793
40.849999999999994,0,-0.00140298589849296
40.86999999999999,0,-0.001403060894798
40.88999999999999,0,-0.00140313589110305
40.90999999999999,0,-0.0014032108874081
40.92999999999999,0,-0.00140328588371315
40.94999999999999,0,-0.00140336088001821
40.96999999999999,0,-0.00140343587632328
40.989999999999995,0,-0.00140351087262835
41.00999999999999,0,-0.00140358586893343
41.029999999999994,0,-0.00140366086523851
41.04999999999999,0,-0.00140373586154359
41.06999999999999,0,-0.00140381085784869
41.08999999999999,0,-0.00140388585415378
41.10999999999999,0,-0.00140396085045888
41.12999999999999,0,-0.00140403584676399
41.14999999999999,0,-0.0014041108430691
41.169999999999995,0,-0.00140418583937422
41.18999999999999,0,-0.00140426083567934
41.209999999999994,0,-0.00140433583198447
41.22999999999999,0,-0.0014044108282896
41.24999999999999,0,-0.00140448582459474
41.26999999999999,0,-0.00140456082089988
41.28999999999999,0,-0.00140463581720503
41.309999999999995,0,-0.00140471081351018
41.32999999999999,0,-0.00140478580981534
41.349999999999994,0,-0.0014048608061205
41.36999999999999,0,-0.00140493580242567
41.38999999999999,0,-0.00140501079873085
41.40999999999999,0,-0.00140508579503603
41.42999999999999,0,-0.00140516079134121
41.44999999999999,0,-0.0014052357876464
41.46999999999999,0,-0.00140531078395159
41.489999999999995,0,-0.00140538578025679
41.50999999999999,0,-0.001405460776562
41.529999999999994,0,-0.00140553577286721
41.54999999999999,0,-0.00140561076917242
41.56999999999999,0,-0.00140568576547764
41.58999999999999,0,-0.00140576076178287
41.60999999999999,0,-0.0014058357580881
41.62999999999999,0,-0.00140591075439333
41.64999999999999,0,-0.00140598575069858
41.669999999999995,0,-0.00140606074700382
41.68999999999999,0,-0.00140613574330907
41.709999999999994,0,-0.00140621073961433
41.72999999999999,0,-0.00140628573591959
41.74999999999999,0,-0.00140636073222486
41.76999999999999,0,-0.00140643572853013
41.78999999999999,0,-0.00140651072483541
41.809999999999995,0,-0.00140658572114069
41.82999999999999,0,-0.00140666071744598
41.849999999999994,0,-0.00140673571375127
41.86999999999999,0,-0.00140681071005657
41.88999999999999,0,-0.00140688570636187
41.90999999999999,0,-0.00140696070266718
41.92999999999999,0,-0.00140703569897249
41.94999999999999,0,-0.00140711069527781
41.96999999999999,0,-0.00140718569158313
41.989999999999995,0,-0.00140726068788846
42.00999999999999,0,-0.00140733568419379
42.029999999999994,0,-0.00140741068049913
42.04999999999999,0,-0.00140748567680447
42.06999999999999,0,-0.00140756067310982
42.08999999999999,0,-0.00140763566941518
42.10999999999999,0,-0.00140771066572054
42.12999999999999,0,-0.0014077856620259
42.14999999999999,0,-0.00140786065833127
42.169999999999995,0,-0.00140793565463665
42.18999999999999,0,-0.00140801065094203
42.209999999999994,0,-0.00140808564724741
42.22999999999999,0,-0.0014081606435528
42.24999999999999,0,-0.0014082356398582
42.26999999999999,0,-0.0014083106361636
42.28999999999999,0,-0.001408385632469
42.30999999999999,0,-0.00140846062877442
42.32999999999999,0,-0.00140853562507983
42.349999999999994,0,-0.00140861062138525
42.36999999999999,0,-0.00140868561769068
42.38999999999999,0,-0.00140876061399611
42.40999999999999,0,-0.00140883561030155
42.42999999999999,0,-0.00140891060660699
42.44999999999999,0,-0.00140898560291244
42.46999999999999,0,-0.00140906059921789
42.489999999999995,0,-0.00140913559552335
42.50999999999999,0,-0.00140921059182881
42.529999999999994,0,-0.00140928558813428
42.54999999999999,0,-0.00140936058443975
42.56999999999999,0,-0.00140943558074523
42.58999999999999,0,-0.00140951057705071
42.60999999999999,0,-0.0014095855733562
42.62999999999999,0,-0.00140966056966169
42.64999999999999,0,-0.00140973556596719
42.669999999999995,0,-0.00140981056227269
42.68999999999999,0,-0.0014098855585782
42.709999999999994,0,-0.00140996055488372
42.72999999999999,0,-0.00141003555118924
42.74999999999999,0,-0.00141011054749476
42.76999999999999,0,-0.00141018554380029
42.78999999999999,0,-0.00141026054010582
42.80999999999999,0,-0.00141033553641136
42.82999999999999,0,-0.00141041053271691
42.849999999999994,0,-0.00141048552902246
42.86999999999999,0,-0.00141056052532801
42.88999999999999,0,-0.00141063552163358
42.90999999999999,0,-0.00141071051793914
42.92999999999999,0,-0.00141078551424471
42.94999999999999,0,-0.00141086051055029
42.96999999999999,0,-0.00141093550685587
42.989999999999995,0,-0.00141101050316145
43.00999999999999,0,-0.00141108549946705
43.029999999999994,0,-0.00141116049577264
43.04999999999999,0,-0.00141123549207824
43.06999999999999,0,-0.00141131048838385
43.08999999999999,0,-0.00141138548468946
43.10999999999999,0,-0.00141146048099508
43.12999999999999,0,-0.0014115354773007
43.14999999999999,0,-0.00141161047360633
43.169999999999995,0,-0.00141168546991196
43.18999999999999,0,-0.0014117604662176
43.209999999999994,0,-0.00141183546252324
43.22999999999999,0,-0.00141191045882889
43.24999999999999,0,-0.00141198545513454
43.26999999999999,0,-0.0014120604514402
43.28999999999999,0,-0.00141213544774587
43.30999999999999,0,-0.00141221044405154
43.32999999999999,0,-0.00141228544035721
43.349999999999994,0,-0.00141236043666289
43.36999999999999,0,-0.00141243543296857
43.38999999999999,0,-0.00141251042927426
43.40999999999999,0,-0.00141258542557996
43.42999999999999,0,-0.00141266042188566
43.44999999999999,0,-0.00141273541819136
43.46999999999999,0,-0.00141281041449707
43.489999999999995,0,-0.00141288541080279
43.50999999999999,0,-0.00141296040710851
43.529999999999994,0,-0.00141303540341423
43.54999999999999,0,-0.00141311039971996
43.56999999999999,0,-0.0014131853960257
43.58999999999999,0,-0.00141326039233144
43.60999999999999,0,-0.00141333538863718
43.62999999999999,0,-0.00141341038494294
43.64999999999999,0,-0.00141348538124869
43.669999999999995,0,-0.00141356037755445
43.68999999999999,0,-0.00141363537386022
43.709999999999994,0,-0.00141371037016599
43.72999999999999,0,-0.00141378536647177
43.74999999999999,0,-0.00141386036277755
43.76999999999999,0,-0.00141393535908334
43.78999999999999,0,-0.00141401035538913
43.80999999999999,0,-0.00141408535169493
43.82999999999999,0,-0.00141416034800073
43.849999999999994,0,-0.00141423534430654
43.86999999999999,0,-0.00141431034061235
43.88999999999999,0,-0.00141438533691817
43.90999999999999,0,-0.00141446033322399
43.92999999999999,0,-0.00141453532952982
43.94999999999999,0,-0.00141461032583566
43.96999999999999,0,-0.00141468532214149
43.98999999999999,0,-0.00141476031844734
44.00999999999999,0,-0.00141483531475319
44.029999999999994,0,-0.00141491031105904
44.04999999999999,0,-0.0014149853073649
44.06999999999999,0,-0.00141506030367077
44.08999999999999,0,-0.00141513529997664
44.10999999999999,0,-0.00141521029628251
44.12999999999999,0,-0.00141528529258839
44.14999999999999,0,-0.00141536028889428
44.169999999999995,0,-0.00141543528520017
44.18999999999999,0,-0.00141551028150606
44.209999999999994,0,-0.00141558527781196
44.22999999999999,0,-0.00141566027411787
44.24999999999999,0,-0.00141573527042378
44.26999999999999,0,-0.0014158102667297
44.28999999999999,0,-0.00141588526303562
44.30999999999999,0,-0.00141596025934154
44.32999999999999,0,-0.00141603525564747
44.349999999999994,0,-0.00141611025195341
44.36999999999999,0,-0.00141618524825935
44.38999999999999,0,-0.0014162602445653
44.40999999999999,0,-0.00141633524087125
44.42999999999999,0,-0.00141641023717721
44.44999999999999,0,-0.00141648523348317
44.46999999999999,0,-0.00141656022978914
44.48999999999999,0,-0.00141663522609511
44.50999999999999,0,-0.00141671022240109
44.529999999999994,0,-0.00141678521870707
44.54999999999999,0,-0.00141686021501306
44.56999999999999,0,-0.00141693521131906
44.58999999999999,0,-0.00141701020762505
44.60999999999999,0,-0.00141708520393106
44.62999999999999,0,-0.00141716020023707
44.64999999999999,0,-0.00141723519654308
44.669999999999995,0,-0.0014173101928491
44.68999999999999,0,-0.00141738518915512
44.709999999999994,0,-0.00141746018546115
44.72999999999999,0,-0.00141753518176719
44.74999999999999,0,-0.00141761017807323
44.76999999999999,0,-0.00141768517437927
44.78999999999999,0,-0.00141776017068532
44.80999999999999,0,-0.00141783516699138
44.82999999999999,0,-0.00141791016329744
44.849999999999994,0,-0.00141798515960351
44.86999999999999,0,-0.00141806015590958
44.88999999999999,0,-0.00141813515221565
44.90999999999999,0,-0.00141821014852173
44.92999999999999,0,-0.00141828514482782
44.94999999999999,0,-0.00141836014113391
44.96999999999999,0,-0.00141843513744001
44.98999999999999,0,-0.00141851013374611
45.00999999999999,0,-0.00141858513005222
45.029999999999994,0,-0.00141866012635833
45.04999999999999,0,-0.00141873512266444
45.06999999999999,0,-0.00141881011897057
45.08999999999999,0,-0.00141888511527669
45.10999999999999,0,-0.00141896011158283
45.12999999999999,0,-0.00141903510788896
45.14999999999999,0,-0.00141911010419511
45.169999999999995,0,-0.00141918510050126
45.18999999999999,0,-0.00141926009680741
45.209999999999994,0,-0.00141933509311357
45.22999999999999,0,-0.00141941008941973
45.24999999999999,0,-0.0014194850857259
45.26999999999999,0,-0.00141956008203207
45.28999999999999,0,-0.00141963507833825
45.30999999999999,0,-0.00141971007464444
45.32999999999999,0,-0.00141978507095063
45.349999999999994,0,-0.00141986006725682
45.36999999999999,0,-0.00141993506356302
45.38999999999999,0,-0.00142001005986922
45.40999999999999,0,-0.00142008505617543
45.42999999999999,0,-0.00142016005248165
45.44999999999999,0,-0.00142023504878787
45.46999999999999,0,-0.0014203100450941
45.48999999999999,0,-0.00142038504140033
45.50999999999999,0,-0.00142046003770656
45.529999999999994,0,-0.0014205350340128
45.54999999999999,0,-0.00142061003031905
45.56999999999999,0,-0.0014206850266253
45.58999999999999,0,-0.00142076002293156
45.60999999999999,0,-0.00142083501923782
45.62999999999999,0,-0.00142091001554408
45.64999999999999,0,-0.00142098501185036
45.66999999999999,0,-0.00142106000815663
45.68999999999999,0,-0.00142113500446291
45.709999999999994,0,-0.0014212100007692
45.72999999999999,0,-0.00142128499707549
45.74999999999999,0,-0.00142135999338179
45.76999999999999,0,-0.00142143498968809
45.78999999999999,0,-0.0014215099859944
45.80999999999999,0,-0.00142158498230072
45.82999999999999,0,-0.00142165997860703
45.849999999999994,0,-0.00142173497491336
45.86999999999999,0,-0.00142180997121969
45.88999999999999,0,-0.00142188496752602
45.90999999999999,0,-0.00142195996383236
45.92999999999999,0,-0.0014220349601387
45.94999999999999,0,-0.00142210995644505
45.96999999999999,0,-0.00142218495275141
45.98999999999999,0,-0.00142225994905776
46.00999999999999,0,-0.00142233494536413
46.029999999999994,0,-0.0014224099416705
46.04999999999999,0,-0.00142248493797687
46.06999999999999,0,-0.00142255993428325
46.08999999999999,0,-0.00142263493058964
46.10999999999999,0,-0.00142270992689603
46.12999999999999,0,-0.00142278492320242
46.14999999999999,0,-0.00142285991950883
46.16999999999999,0,-0.00142293491581523
46.18999999999999,0,-0.00142300991212164
46.209999999999994,0,-0.00142308490842806
46.22999999999999,0,-0.00142315990473448
46.24999999999999,0,-0.00142323490104091
46.26999999999999,0,-0.00142330989734734
46.28999999999999,0,-0.00142338489365377
46.30999999999999,0,-0.00142345988996022
46.32999999999999,0,-0.00142353488626666
46.349999999999994,0,-0.00142360988257312
46.36999999999999,0,-0.00142368487887957
46.38999999999999,0,-0.00142375987518603
46.40999999999999,0,-0.0014238348714925
46.42999999999999,0,-0.00142390986779898
46.44999999999999,0,-0.00142398486410545
46.46999999999999,0,-0.00142405986041194
46.48999999999999,0,-0.00142413485671842
46.50999999999999,0,-0.00142420985302492
46.529999999999994,0,-0.00142428484933142
46.54999999999999,0,-0.00142435984563792
46.56999999999999,0,-0.00142443484194443
46.58999999999999,0,-0.00142450983825094
46.60999999999999,0,-0.00142458483455746
46.62999999999999,0,-0.00142465983086399
46.64999999999999,0,-0.00142473482717052
46.66999999999999,0,-0.00142480982347705
46.68999999999999,0,-0.00142488481978359
46.709999999999994,0,-0.00142495981609014
46.72999999999999,0,-0.00142503481239669
46.74999999999999,0,-0.00142510980870324
46.76999999999999,0,-0.0014251848050098
46.78999999999999,0,-0.00142525980131637
46.80999999999999,0,-0.00142533479762294
46.82999999999999,0,-0.00142540979392951
46.849999999999994,0,-0.00142548479023609
46.86999999999999,0,-0.00142555978654268
46.88999999999999,0,-0.00142563478284927
46.90999999999999,0,-0.00142570977915587
46.92999999999999,0,-0.00142578477546247
46.94999999999999,0,-0.00142585977176908
46.96999999999999,0,-0.00142593476807569
46.98999999999999,0,-0.00142600976438231
47.00999999999999,0,-0.00142608476068893
47.029999999999994,0,-0.00142615975699555
47.04999999999999,0,-0.00142623475330219
47.06999999999999,0,-0.00142630974960883
47.08999999999999,0,-0.00142638474591547
47.10999999999999,0,-0.00142645974222212
47.12999999999999,0,-0.00142653473852877
47.14999999999999,0,-0.00142660973483543
47.16999999999999,0,-0.00142668473114209
47.18999999999999,0,-0.00142675972744876
47.209999999999994,0,-0.00142683472375543
47.22999999999999,0,-0.00142690972006211
47.24999999999999,0,-0.0014269847163688
47.26999999999999,0,-0.00142705971267549
47.28999999999999,0,-0.00142713470898218
47.30999999999999,0,-0.00142720970528888
47.32999999999999,0,-0.00142728470159558
47.349999999999994,0,-0.00142735969790229
47.36999999999999,0,-0.00142743469420901
47.38999999999999,0,-0.00142750969051573
47.40999999999999,0,-0.00142758468682245
47.42999999999999,0,-0.00142765968312918
47.44999999999999,0,-0.00142773467943592
47.46999999999999,0,-0.00142780967574266
47.48999999999999,0,-0.00142788467204941
47.50999999999999,0,-0.00142795966835616
47.529999999999994,0,-0.00142803466466291
47.54999999999999,0,-0.00142810966096968
47.56999999999999,0,-0.00142818465727644
47.58999999999999,0,-0.00142825965358321
47.60999999999999,0,-0.00142833464988999
47.62999999999999,0,-0.00142840964619677
47.64999999999999,0,-0.00142848464250356
47.66999999999999,0,-0.00142855963881035
47.68999999999999,0,-0.00142863463511715
47.709999999999994,0,-0.00142870963142395
47.72999999999999,0,-0.00142878462773076
47.74999999999999,0,-0.00142885962403757
47.76999999999999,0,-0.00142893462034439
47.78999999999999,0,-0.00142900961665121
47.80999999999999,0,-0.00142908461295804
47.82999999999999,0,-0.00142915960926488
47.84999999999999,0,-0.00142923460557171
47.86999999999999,0,-0.00142930960187856
47.88999999999999,0,-0.00142938459818541
47.90999999999999,0,-0.00142945959449226
47.92999999999999,0,-0.00142953459079912
47.94999999999999,0,-0.00142960958710599
47.96999999999999,0,-0.00142968458341286
47.98999999999999,0,-0.00142975957971973
48.00999999999999,0,-0.00142983457602661
48.029999999999994,0,-0.00142990957233349
48.04999999999999,0,-0.00142998456864039
48.06999999999999,0,-0.00143005956494728
48.08999999999999,0,-0.00143013456125418
48.10999999999999,0,-0.00143020955756109
48.12999999999999,0,-0.001430284553868
48.14999999999999,0,-0.00143035955017491
48.16999999999999,0,-0.00143043454648183
48.18999999999999,0,-0.00143050954278876
48.209999999999994,0,-0.00143058453909569
48.22999999999999,0,-0.00143065953540263
48.24999999999999,0,-0.00143073453170957
48.26999999999999,0,-0.00143080952801652
48.28999999999999,0,-0.00143088452432347
48.30999999999999,0,-0.00143095952063043
48.32999999999999,0,-0.00143103451693739
48.34999999999999,0,-0.00143110951324436
48.36999999999999,0,-0.00143118450955133
48.38999999999999,0,-0.00143125950585831
48.40999999999999,0,-0.00143133450216529
48.42999999999999,0,-0.00143140949847228
48.44999999999999,0,-0.00143148449477927
48.46999999999999,0,-0.00143155949108627
48.48999999999999,0,-0.00143163448739327
48.50999999999999,0,-0.00143170948370028
48.529999999999994,0,-0.0014317844800073
48.54999999999999,0,-0.00143185947631432
48.56999999999999,0,-0.00143193447262134
48.58999999999999,0,-0.00143200946892837
48.60999999999999,0,-0.0014320844652354
48.62999999999999,0,-0.00143215946154244
48.64999999999999,0,-0.00143223445784949
48.66999999999999,0,-0.00143230945415654
48.68999999999999,0,-0.00143238445046359
48.709999999999994,0,-0.00143245944677065
48.72999999999999,0,-0.00143253444307772
48.74999999999999,0,-0.00143260943938479
48.76999999999999,0,-0.00143268443569186
48.78999999999999,0,-0.00143275943199895
48.80999999999999,0,-0.00143283442830603
48.82999999999999,0,-0.00143290942461312
48.84999999999999,0,-0.00143298442092022
48.86999999999999,0,-0.00143305941722732
48.88999999999999,0,-0.00143313441353443
48.90999999999999,0,-0.00143320940984154
48.92999999999999,0,-0.00143328440614866
48.94999999999999,0,-0.00143335940245578
48.96999999999999,0,-0.00143343439876291
48.98999999999999,0,-0.00143350939507004
49.00999999999999,0,-0.00143358439137718
49.029999999999994,0,-0.00143365938768432
49.04999999999999,0,-0.00143373438399147
49.06999999999999,0,-0.00143380938029862
49.08999999999999,0,-0.00143388437660578
49.10999999999999,0,-0.00143395937291294
49.12999999999999,0,-0.00143403436922011
49.14999999999999,0,-0.00143410936552728
49.16999999999999,0,-0.00143418436183446
49.18999999999999,0,-0.00143425935814164
49.209999999999994,0,-0.00143433435444883
49.22999999999999,0,-0.00143440935075603
49.24999999999999,0,-0.00143448434706323
49.26999999999999,0,-0.00143455934337043
49.28999999999999,0,-0.00143463433967764
49.30999999999999,0,-0.00143470933598486
49.32999999999999,0,-0.00143478433229208
49.34999999999999,0,-0.0014348593285993
49.36999999999999,0,-0.00143493432490653
49.38999999999999,0,-0.00143500932121377
49.40999999999999,0,-0.00143508431752101
49.42999999999999,0,-0.00143515931382825
49.44999999999999,0,-0.0014352343101355
49.46999999999999,0,-0.00143530930644276
49.48999999999999,0,-0.00143538430275002
49.50999999999999,0,-0.00143545929905729
49.52999999999999,0,-0.00143553429536456
49.54999999999999,0,-0.00143560929167184
49.56999999999999,0,-0.00143568428797912
49.58999999999999,0,-0.00143575928428641
49.60999999999999,0,-0.0014358342805937
49.62999999999999,0,-0.001435909276901
49.64999999999999,0,-0.0014359842732083
49.66999999999999,0,-0.00143605926951561
49.68999999999999,0,-0.00143613426582292
49.709999999999994,0,-0.00143620926213024
49.72999999999999,0,-0.00143628425843756
49.74999999999999,0,-0.00143635925474489
49.76999999999999,0,-0.00143643425105222
49.78999999999999,0,-0.00143650924735956
49.80999999999999,0,-0.0014365842436669
49.82999999999999,0,-0.00143665923997425
49.84999999999999,0,-0.00143673423628161
49.86999999999999,0,-0.00143680923258896
49.88999999999999,0,-0.00143688422889633
49.90999999999999,0,-0.0014369592252037
49.92999999999999,0,-0.00143703422151107
49.94999999999999,0,-0.00143710921781845
49.96999999999999,0,-0.00143718421412584
49.98999999999999,0,-0.00143725921043323
50.00999999999999,0,-0.00143733420674062
50.02999999999999,0,-0.00143740920304802
50.04999999999999,0,-0.00143748419935543
50.06999999999999,0,-0.00143755919566284
50.08999999999999,0,-0.00143763419197025
50.10999999999999,0,-0.00143770918827768
50.12999999999999,0,-0.0014377841845851
50.14999999999999,0,-0.00143785918089253
50.16999999999999,0,-0.00143793417719997
50.18999999999999,0,-0.00143800917350741
50.209999999999994,0,-0.00143808416981486
50.22999999999999,0,-0.00143815916612231
50.24999999999999,0,-0.00143823416242977
50.26999999999999,0,-0.00143830915873723
50.28999999999999,0,-0.0014383841550447
50.30999999999999,0,-0.00143845915135217
50.32999999999999,0,-0.00143853414765965
50.34999999999999,0,-0.00143860914396713
50.36999999999999,0,-0.00143868414027462
50.38999999999999,0,-0.00143875913658211
50.40999999999999,0,-0.00143883413288961
50.42999999999999,0,-0.00143890912919711
50.44999999999999,0,-0.00143898412550462
50.46999999999999,0,-0.00143905912181213
50.48999999999999,0,-0.00143913411811965
50.50999999999999,0,-0.00143920911442718
50.52999999999999,0,-0.00143928411073471
50.54999999999999,0,-0.00143935910704224
50.56999999999999,0,-0.00143943410334978
50.58999999999999,0,-0.00143950909965732
50.60999999999999,0,-0.00143958409596487
50.62999999999999,0,-0.00143965909227243
50.64999999999999,0,-0.00143973408857999
50.66999999999999,0,-0.00143980908488755
50.68999999999999,0,-0.00143988408119512
50.709999999999994,0,-0.0014399590775027
50.72999999999999,0,-0.00144003407381028
50.74999999999999,0,-0.00144010907011787
50.76999999999999,0,-0.00144018406642546
50.78999999999999,0,-0.00144025906273305
50.80999999999999,0,-0.00144033405904065
50.82999999999999,0,-0.00144040905534826
50.84999999999999,0,-0.00144048405165587
50.86999999999999,0,-0.00144055904796349
50.88999999999999,0,-0.00144063404427111
50.90999999999999,0,-0.00144070904057874
50.92999999999999,0,-0.00144078403688637
50.94999999999999,0,-0.00144085903319401
50.96999999999999,0,-0.00144093402950165
50.98999999999999,0,-0.0014410090258093
51.00999999999999,0,-0.00144108402211695
51.02999999999999,0,-0.00144115901842461
51.04999999999999,0,-0.00144123401473227
51.06999999999999,0,-0.00144130901103994
51.08999999999999,0,-0.00144138400734761
51.10999999999999,0,-0.00144145900365529
51.12999999999999,0,-0.00144153399996298
51.14999999999999,0,-0.00144160899627066
51.16999999999999,0,-0.00144168399257836
51.18999999999999,0,-0.00144175898888606
51.20999999999999,0,-0.00144183398519376
51.22999999999999,0,-0.00144190898150147
51.24999999999999,0,-0.00144198397780919
51.26999999999999,0,-0.00144205897411691
51.28999999999999,0,-0.00144213397042463
51.30999999999999,0,-0.00144220896673236
51.32999999999999,0,-0.0014422839630401
51.34999999999999,0,-0.00144235895934784
51.36999999999999,0,-0.00144243395565558
51.38999999999999,0,-0.00144250895196333
51.40999999999999,0,-0.00144258394827109
51.42999999999999,0,-0.00144265894457885
51.44999999999999,0,-0.00144273394088662
51.46999999999999,0,-0.00144280893719439
51.48999999999999,0,-0.00144288393350216
51.50999999999999,0,-0.00144295892980995
51.52999999999999,0,-0.00144303392611773
51.54999999999999,0,-0.00144310892242552
51.56999999999999,0,-0.00144318391873332
51.58999999999999,0,-0.00144325891504112
51.60999999999999,0,-0.00144333391134893
51.62999999999999,0,-0.00144340890765674
51.64999999999999,0,-0.00144348390396456
51.66999999999999,0,-0.00144355890027238
51.68999999999999,0,-0.00144363389658021
51.70999999999999,0,-0.00144370889288804
51.72999999999999,0,-0.00144378388919588
51.74999999999999,0,-0.00144385888550373
51.76999999999999,0,-0.00144393388181157
51.78999999999999,0,-0.00144400887811943
51.80999999999999,0,-0.00144408387442729
51.82999999999999,0,-0.00144415887073515
51.84999999999999,0,-0.00144423386704302
51.86999999999999,0,-0.0014443088633509
51.88999999999999,0,-0.00144438385965877
51.90999999999999,0,-0.00144445885596666
51.92999999999999,0,-0.00144453385227455
51.94999999999999,0,-0.00144460884858244
51.96999999999999,0,-0.00144468384489034
51.98999999999999,0,-0.00144475884119825
52.00999999999999,0,-0.00144483383750616
52.02999999999999,0,-0.00144490883381408
52.04999999999999,0,-0.001444983830122
52.06999999999999,0,-0.00144505882642992
52.08999999999999,0,-0.00144513382273785
52.10999999999999,0,-0.00144520881904579
52.12999999999999,0,-0.00144528381535373
52.14999999999999,0,-0.00144535881166168
52.16999999999999,0,-0.00144543380796963
52.18999999999999,0,-0.00144550880427759
52.20999999999999,0,-0.00144558380058555
52.22999999999999,0,-0.00144565879689351
52.24999999999999,0,-0.00144573379320149
52.26999999999999,0,-0.00144580878950946
52.28999999999999,0,-0.00144588378581745
52.30999999999999,0,-0.00144595878212543
52.32999999999999,0,-0.00144603377843343
52.34999999999999,0,-0.00144610877474142
52.36999999999999,0,-0.00144618377104943
52.38999999999999,0,-0.00144625876735744
52.40999999999999,0,-0.00144633376366545
52.42999999999999,0,-0.00144640875997347
52.44999999999999,0,-0.00144648375628149
52.46999999999999,0,-0.00144655875258952
52.48999999999999,0,-0.00144663374889755
52.50999999999999,0,-0.00144670874520559
52.52999999999999,0,-0.00144678374151364
52.54999999999999,0,-0.00144685873782169
52.56999999999999,0,-0.00144693373412974
52.58999999999999,0,-0.0014470087304378
52.60999999999999,0,-0.00144708372674587
52.62999999999999,0,-0.00144715872305394
52.64999999999999,0,-0.00144723371936201
52.66999999999999,0,-0.00144730871567009
52.68999999999999,0,-0.00144738371197818
52.70999999999999,0,-0.00144745870828627
52.72999999999999,0,-0.00144753370459436
52.74999999999999,0,-0.00144760870090247
52.76999999999999,0,-0.00144768369721057
52.78999999999999,0,-0.00144775869351868
52.80999999999999,0,-0.0014478336898268
52.82999999999999,0,-0.00144790868613492
52.84999999999999,0,-0.00144798368244305
52.86999999999999,0,-0.00144805867875118
52.88999999999999,0,-0.00144813367505932
52.90999999999999,0,-0.00144820867136746
52.92999999999999,0,-0.00144828366767561
52.94999999999999,0,-0.00144835866398376
52.96999999999999,0,-0.00144843366029192
52.98999999999999,0,-0.00144850865660008
53.00999999999999,0,-0.00144858365290825
53.02999999999999,0,-0.00144865864921642
53.04999999999999,0,-0.0014487336455246
53.06999999999999,0,-0.00144880864183278
53.08999999999999,0,-0.00144888363814097
53.10999999999999,0,-0.00144895863444917
53.12999999999999,0,-0.00144903363075736
53.14999999999999,0,-0.00144910862706557
53.16999999999999,0,-0.00144918362337378
53.18999999999999,0,-0.00144925861968199
53.20999999999999,0,-0.00144933361599021
53.22999999999999,0,-0.00144940861229844
53.24999999999999,0,-0.00144948360860667
53.26999999999999,0,-0.0014495586049149
53.28999999999999,0,-0.00144963360122314
53.30999999999999,0,-0.00144970859753139
53.32999999999999,0,-0.00144978359383964
53.34999999999999,0,-0.00144985859014789
53.36999999999999,0,-0.00144993358645615
53.389999999999986,0,-0.00145000858276442
53.40999999999999,0,-0.00145008357907269
53.42999999999999,0,-0.00145015857538097
53.44999999999999,0,-0.00145023357168925
53.46999999999999,0,-0.00145030856799753
53.48999999999999,0,-0.00145038356430582
53.50999999999999,0,-0.00145045856061412
53.52999999999999,0,-0.00145053355692242
53.54999999999999,0,-0.00145060855323073
53.56999999999999,0,-0.00145068354953904
53.58999999999999,0,-0.00145075854584736
53.60999999999999,0,-0.00145083354215568
53.62999999999999,0,-0.00145090853846401
53.64999999999999,0,-0.00145098353477234
53.66999999999999,0,-0.00145105853108068
53.68999999999999,0,-0.00145113352738902
53.70999999999999,0,-0.00145120852369737
53.72999999999999,0,-0.00145128352000573
53.74999999999999,0,-0.00145135851631408
53.76999999999999,0,-0.00145143351262245
53.78999999999999,0,-0.00145150850893082
53.80999999999999,0,-0.00145158350523919
53.82999999999999,0,-0.00145165850154757
53.84999999999999,0,-0.00145173349785595
53.86999999999999,0,-0.00145180849416434
53.889999999999986,0,-0.00145188349047274
53.90999999999999,0,-0.00145195848678114
53.92999999999999,0,-0.00145203348308954
53.94999999999999,0,-0.00145210847939795
53.96999999999999,0,-0.00145218347570637
53.98999999999999,0,-0.00145225847201479
54.00999999999999,0,-0.00145233346832321
54.02999999999999,0,-0.00145240846463165
54.04999999999999,0,-0.00145248346094008
54.06999999999999,0,-0.00145255845724852
54.08999999999999,0,-0.00145263345355697
54.10999999999999,0,-0.00145270844986542
54.12999999999999,0,-0.00145278344617388
54.14999999999999,0,-0.00145285844248234
54.16999999999999,0,-0.0014529334387908
54.18999999999999,0,-0.00145300843509928
54.20999999999999,0,-0.00145308343140775
54.22999999999999,0,-0.00145315842771624
54.24999999999999,0,-0.00145323342402472
54.26999999999999,0,-0.00145330842033322
54.28999999999999,0,-0.00145338341664171
54.30999999999999,0,-0.00145345841295022
54.32999999999999,0,-0.00145353340925872
54.34999999999999,0,-0.00145360840556724
54.36999999999999,0,-0.00145368340187575
54.389999999999986,0,-0.00145375839818428
54.40999999999999,0,-0.00145383339449281
54.42999999999999,0,-0.00145390839080134
54.44999999999999,0,-0.00145398338710988
54.46999999999999,0,-0.00145405838341842
54.48999999999999,0,-0.00145413337972697
54.50999999999999,0,-0.00145420837603553
54.52999999999999,0,-0.00145428337234409
54.54999999999999,0,-0.00145435836865265
54.56999999999999,0,-0.00145443336496122
54.58999999999999,0,-0.0014545083612698
54.60999999999999,0,-0.00145458335757838
54.62999999999999,0,-0.00145465835388696
54.64999999999999,0,-0.00145473335019555
54.66999999999999,0,-0.00145480834650415
54.68999999999999,0,-0.00145488334281275
54.70999999999999,0,-0.00145495833912135
54.72999999999999,0,-0.00145503333542996
54.74999999999999,0,-0.00145510833173858
54.76999999999999,0,-0.0014551833280472
54.78999999999999,0,-0.00145525832435583
54.80999999999999,0,-0.00145533332066446
54.82999999999999,0,-0.0014554083169731
54.84999999999999,0,-0.00145548331328174
54.86999999999999,0,-0.00145555830959039
54.889999999999986,0,-0.00145563330589904
54.90999999999999,0,-0.00145570830220769
54.92999999999999,0,-0.00145578329851636
54.94999999999999,0,-0.00145585829482502
54.96999999999999,0,-0.0014559332911337
54.98999999999999,0,-0.00145600828744238
55.00999999999999,0,-0.00145608328375106
55.02999999999999,0,-0.00145615828005975
55.04999999999999,0,-0.00145623327636844
55.069999999999986,0,-0.00145630827267714
55.08999999999999,0,-0.00145638326898584
55.10999999999999,0,-0.00145645826529455
55.12999999999999,0,-0.00145653326160327
55.14999999999999,0,-0.00145660825791198
55.16999999999999,0,-0.00145668325422071
55.18999999999999,0,-0.00145675825052944
55.20999999999999,0,-0.00145683324683817
55.22999999999999,0,-0.00145690824314691
55.24999999999999,0,-0.00145698323945566
55.26999999999999,0,-0.00145705823576441
55.28999999999999,0,-0.00145713323207316
55.30999999999999,0,-0.00145720822838192
55.32999999999999,0,-0.00145728322469069
55.34999999999999,0,-0.00145735822099946
55.36999999999999,0,-0.00145743321730823
55.389999999999986,0,-0.00145750821361702
55.40999999999999,0,-0.0014575832099258
55.42999999999999,0,-0.00145765820623459
55.44999999999999,0,-0.00145773320254339
55.46999999999999,0,-0.00145780819885219
55.48999999999999,0,-0.001457883195161
55.50999999999999,0,-0.00145795819146981
55.52999999999999,0,-0.00145803318777863
55.54999999999999,0,-0.00145810818408745
55.569999999999986,0,-0.00145818318039628
55.58999999999999,0,-0.00145825817670511
55.60999999999999,0,-0.00145833317301395
55.62999999999999,0,-0.00145840816932279
55.64999999999999,0,-0.00145848316563164
55.66999999999999,0,-0.00145855816194049
55.68999999999999,0,-0.00145863315824935
55.70999999999999,0,-0.00145870815455821
55.72999999999999,0,-0.00145878315086708
55.74999999999999,0,-0.00145885814717595
55.76999999999999,0,-0.00145893314348483
55.78999999999999,0,-0.00145900813979372
55.80999999999999,0,-0.00145908313610261
55.82999999999999,0,-0.0014591581324115
55.84999999999999,0,-0.0014592331287204
55.86999999999999,0,-0.0014593081250293
55.889999999999986,0,-0.00145938312133821
55.90999999999999,0,-0.00145945811764713
55.92999999999999,0,-0.00145953311395605
55.94999999999999,0,-0.00145960811026497
55.96999999999999,0,-0.0014596831065739
55.98999999999999,0,-0.00145975810288284
56.00999999999999,0,-0.00145983309919178
56.02999999999999,0,-0.00145990809550073
56.04999999999999,0,-0.00145998309180968
56.069999999999986,0,-0.00146005808811863
56.08999999999999,0,-0.00146013308442759
56.10999999999999,0,-0.00146020808073656
56.12999999999999,0,-0.00146028307704553
56.14999999999999,0,-0.00146035807335451
56.16999999999999,0,-0.00146043306966349
56.18999999999999,0,-0.00146050806597248
56.20999999999999,0,-0.00146058306228147
56.22999999999999,0,-0.00146065805859047
56.24999999999999,0,-0.00146073305489947
56.26999999999999,0,-0.00146080805120848
56.28999999999999,0,-0.00146088304751749
56.30999999999999,0,-0.00146095804382651
56.32999999999999,0,-0.00146103304013553
56.34999999999999,0,-0.00146110803644456
56.36999999999999,0,-0.00146118303275359
56.389999999999986,0,-0.00146125802906263
56.40999999999999,0,-0.00146133302537167
56.42999999999999,0,-0.00146140802168072
56.44999999999999,0,-0.00146148301798978
56.46999999999999,0,-0.00146155801429883
56.48999999999999,0,-0.0014616330106079
56.50999999999999,0,-0.00146170800691697
56.52999999999999,0,-0.00146178300322604
56.54999999999999,0,-0.00146185799953512
56.569999999999986,0,-0.00146193299584421
56.58999999999999,0,-0.0014620079921533
56.60999999999999,0,-0.00146208298846239
56.62999999999999,0,-0.00146215798477149
56.64999999999999,0,-0.0014622329810806
56.66999999999999,0,-0.00146230797738971
56.68999999999999,0,-0.00146238297369882
56.70999999999999,0,-0.00146245797000795
56.72999999999999,0,-0.00146253296631707
56.74999999999999,0,-0.0014626079626262
56.76999999999999,0,-0.00146268295893534
56.78999999999999,0,-0.00146275795524448
56.80999999999999,0,-0.00146283295155363
56.82999999999999,0,-0.00146290794786278
56.84999999999999,0,-0.00146298294417194
56.86999999999999,0,-0.0014630579404811
56.889999999999986,0,-0.00146313293679026
56.90999999999999,0,-0.00146320793309944
56.92999999999999,0,-0.00146328292940861
56.94999999999999,0,-0.0014633579257178
56.96999999999999,0,-0.00146343292202699
56.98999999999999,0,-0.00146350791833618
57.00999999999999,0,-0.00146358291464538
57.02999999999999,0,-0.00146365791095458
57.04999999999999,0,-0.00146373290726379
57.069999999999986,0,-0.001463807903573
57.08999999999999,0,-0.00146388289988222
57.10999999999999,0,-0.00146395789619144
57.12999999999999,0,-0.00146403289250067
57.14999999999999,0,-0.00146410788880991
57.16999999999999,0,-0.00146418288511915
57.18999999999999,0,-0.00146425788142839
57.20999999999999,0,-0.00146433287773764
57.22999999999999,0,-0.0014644078740469
57.249999999999986,0,-0.00146448287035616
57.26999999999999,0,-0.00146455786666542
57.28999999999999,0,-0.00146463286297469
57.30999999999999,0,-0.00146470785928397
57.32999999999999,0,-0.00146478285559325
57.34999999999999,0,-0.00146485785190253
57.36999999999999,0,-0.00146493284821182
57.389999999999986,0,-0.00146500784452112
57.40999999999999,0,-0.00146508284083042
57.42999999999999,0,-0.00146515783713973
57.44999999999999,0,-0.00146523283344904
57.46999999999999,0,-0.00146530782975835
57.48999999999999,0,-0.00146538282606768
57.50999999999999,0,-0.001465457822377
57.52999999999999,0,-0.00146553281868633
57.54999999999999,0,-0.00146560781499567
57.569999999999986,0,-0.00146568281130501
57.58999999999999,0,-0.00146575780761436
57.60999999999999,0,-0.00146583280392371
57.62999999999999,0,-0.00146590780023307
57.64999999999999,0,-0.00146598279654243
57.66999999999999,0,-0.0014660577928518
57.68999999999999,0,-0.00146613278916118
57.70999999999999,0,-0.00146620778547055
57.72999999999999,0,-0.00146628278177994
57.749999999999986,0,-0.00146635777808933
57.76999999999999,0,-0.00146643277439872
57.78999999999999,0,-0.00146650777070812
57.80999999999999,0,-0.00146658276701752
57.82999999999999,0,-0.00146665776332693
57.84999999999999,0,-0.00146673275963635
57.86999999999999,0,-0.00146680775594577
57.889999999999986,0,-0.00146688275225519
57.90999999999999,0,-0.00146695774856462
57.92999999999999,0,-0.00146703274487406
57.94999999999999,0,-0.0014671077411835
57.96999999999999,0,-0.00146718273749294
57.98999999999999,0,-0.00146725773380239
58.00999999999999,0,-0.00146733273011185
58.02999999999999,0,-0.00146740772642131
58.04999999999999,0,-0.00146748272273077
58.069999999999986,0,-0.00146755771904025
58.08999999999999,0,-0.00146763271534972
58.10999999999999,0,-0.0014677077116592
58.12999999999999,0,-0.00146778270796869
58.14999999999999,0,-0.00146785770427818
58.16999999999999,0,-0.00146793270058768
58.18999999999999,0,-0.00146800769689718
58.20999999999999,0,-0.00146808269320669
58.22999999999999,0,-0.0014681576895162
58.249999999999986,0,-0.00146823268582572
58.26999999999999,0,-0.00146830768213524
58.28999999999999,0,-0.00146838267844477
58.30999999999999,0,-0.0014684576747543
58.32999999999999,0,-0.00146853267106384
58.34999999999999,0,-0.00146860766737338
58.36999999999999,0,-0.00146868266368293
58.389999999999986,0,-0.00146875765999248
58.40999999999999,0,-0.00146883265630204
58.42999999999999,0,-0.0014689076526116
58.44999999999999,0,-0.00146898264892117
58.46999999999999,0,-0.00146905764523075
58.48999999999999,0,-0.00146913264154033
58.50999999999999,0,-0.00146920763784991
58.52999999999999,0,-0.0014692826341595
58.54999999999999,0,-0.0014693576304691
58.569999999999986,0,-0.0014694326267787
58.58999999999999,0,-0.0014695076230883
58.60999999999999,0,-0.00146958261939791
58.62999999999999,0,-0.00146965761570753
58.64999999999999,0,-0.00146973261201715
58.66999999999999,0,-0.00146980760832677
58.68999999999999,0,-0.0014698826046364
58.70999999999999,0,-0.00146995760094604
58.72999999999999,0,-0.00147003259725568
58.749999999999986,0,-0.00147010759356532
58.76999999999999,0,-0.00147018258987498
58.78999999999999,0,-0.00147025758618463
58.80999999999999,0,-0.00147033258249429
58.82999999999999,0,-0.00147040757880396
58.84999999999999,0,-0.00147048257511363
58.86999999999999,0,-0.00147055757142331
58.889999999999986,0,-0.00147063256773299
58.90999999999999,0,-0.00147070756404268
58.929999999999986,0,-0.00147078256035237
58.94999999999999,0,-0.00147085755666207
58.96999999999999,0,-0.00147093255297177
58.98999999999999,0,-0.00147100754928148
59.00999999999999,0,-0.00147108254559119
59.02999999999999,0,-0.00147115754190091
59.04999999999999,0,-0.00147123253821063
59.069999999999986,0,-0.00147130753452036
59.08999999999999,0,-0.0014713825308301
59.10999999999999,0,-0.00147145752713984
59.12999999999999,0,-0.00147153252344958
59.14999999999999,0,-0.00147160751975933
59.16999999999999,0,-0.00147168251606908
59.18999999999999,0,-0.00147175751237884
59.20999999999999,0,-0.00147183250868861
59.22999999999999,0,-0.00147190750499838
59.249999999999986,0,-0.00147198250130815
59.26999999999999,0,-0.00147205749761793
59.28999999999999,0,-0.00147213249392772
59.30999999999999,0,-0.00147220749023751
59.32999999999999,0,-0.0014722824865473
59.34999999999999,0,-0.0014723574828571
59.36999999999999,0,-0.00147243247916691
59.389999999999986,0,-0.00147250747547672
59.40999999999999,0,-0.00147258247178654
59.429999999999986,0,-0.00147265746809636
59.44999999999999,0,-0.00147273246440618
59.46999999999999,0,-0.00147280746071602
59.48999999999999,0,-0.00147288245702585
59.50999999999999,0,-0.00147295745333569
59.52999999999999,0,-0.00147303244964554
59.54999999999999,0,-0.00147310744595539
59.569999999999986,0,-0.00147318244226525
59.58999999999999,0,-0.00147325743857511
59.60999999999999,0,-0.00147333243488498
59.62999999999999,0,-0.00147340743119485
59.64999999999999,0,-0.00147348242750473
59.66999999999999,0,-0.00147355742381461
59.68999999999999,0,-0.0014736324201245
59.70999999999999,0,-0.00147370741643439
59.72999999999999,0,-0.00147378241274429
59.749999999999986,0,-0.0014738574090542
59.76999999999999,0,-0.00147393240536411
59.78999999999999,0,-0.00147400740167402
59.80999999999999,0,-0.00147408239798394
59.82999999999999,0,-0.00147415739429386
59.84999999999999,0,-0.00147423239060379
59.86999999999999,0,-0.00147430738691373
59.889999999999986,0,-0.00147438238322367
59.90999999999999,0,-0.00147445737953361
59.929999999999986,0,-0.00147453237584356
59.94999999999999,0,-0.00147460737215352
59.96999999999999,0,-0.00147468236846348
59.98999999999999,0,-0.00147475736477344
60.00999999999999,0,-0.00147483236108341
60.02999999999999,0,-0.00147490735739339
60.04999999999999,0,-0.00147498235370337
60.069999999999986,0,-0.00147505735001335
60.08999999999999,0,-0.00147513234632335
60.10999999999999,0,-0.00147520734263334
60.12999999999999,0,-0.00147528233894334
60.14999999999999,0,-0.00147535733525335
60.16999999999999,0,-0.00147543233156336
60.18999999999999,0,-0.00147550732787338
60.20999999999999,0,-0.0014755823241834
60.22999999999999,0,-0.00147565732049343
60.249999999999986,0,-0.00147573231680346
60.26999999999999,0,-0.0014758073131135
60.28999999999999,0,-0.00147588230942354
60.30999999999999,0,-0.00147595730573359
60.32999999999999,0,-0.00147603230204364
60.34999999999999,0,-0.0014761072983537
60.36999999999999,0,-0.00147618229466376
60.389999999999986,0,-0.00147625729097383
60.40999999999999,0,-0.0014763322872839
60.429999999999986,0,-0.00147640728359398
60.44999999999999,0,-0.00147648227990407
60.46999999999999,0,-0.00147655727621415
60.48999999999999,0,-0.00147663227252425
60.50999999999999,0,-0.00147670726883435
60.52999999999999,0,-0.00147678226514445
60.54999999999999,0,-0.00147685726145456
60.569999999999986,0,-0.00147693225776468
60.58999999999999,0,-0.0014770072540748
60.609999999999985,0,-0.00147708225038492
60.62999999999999,0,-0.00147715724669505
60.64999999999999,0,-0.00147723224300519
60.66999999999999,0,-0.00147730723931533
60.68999999999999,0,-0.00147738223562547
60.70999999999999,0,-0.00147745723193562
60.72999999999999,0,-0.00147753222824578
60.749999999999986,0,-0.00147760722455594
60.76999999999999,0,-0.00147768222086611
60.78999999999999,0,-0.00147775721717628
60.80999999999999,0,-0.00147783221348645
60.82999999999999,0,-0.00147790720979664
60.84999999999999,0,-0.00147798220610682
60.86999999999999,0,-0.00147805720241702
60.889999999999986,0,-0.00147813219872721
60.90999999999999,0,-0.00147820719503741
60.929999999999986,0,-0.00147828219134762
60.94999999999999,0,-0.00147835718765783
60.96999999999999,0,-0.00147843218396805
60.98999999999999,0,-0.00147850718027827
61.00999999999999,0,-0.0014785821765885
61.02999999999999,0,-0.00147865717289874
61.04999999999999,0,-0.00147873216920897
61.069999999999986,0,-0.00147880716551922
61.08999999999999,0,-0.00147888216182947
61.109999999999985,0,-0.00147895715813972
61.12999999999999,0,-0.00147903215444998
61.14999999999999,0,-0.00147910715076024
61.16999999999999,0,-0.00147918214707051
61.18999999999999,0,-0.00147925714338079
61.20999999999999,0,-0.00147933213969107
61.22999999999999,0,-0.00147940713600135
61.249999999999986,0,-0.00147948213231164
61.26999999999999,0,-0.00147955712862193
61.28999999999999,0,-0.00147963212493223
61.30999999999999,0,-0.00147970712124254
61.32999999999999,0,-0.00147978211755285
61.34999999999999,0,-0.00147985711386317
61.36999999999999,0,-0.00147993211017349
61.389999999999986,0,-0.00148000710648381
61.40999999999999,0,-0.00148008210279414
61.429999999999986,0,-0.00148015709910448
61.44999999999999,0,-0.00148023209541482
61.46999999999999,0,-0.00148030709172517
61.48999999999999,0,-0.00148038208803552
61.50999999999999,0,-0.00148045708434587
61.52999999999999,0,-0.00148053208065624
61.54999999999999,0,-0.0014806070769666
61.569999999999986,0,-0.00148068207327698
61.58999999999999,0,-0.00148075706958735
61.609999999999985,0,-0.00148083206589774
61.62999999999999,0,-0.00148090706220812
61.64999999999999,0,-0.00148098205851852
61.66999999999999,0,-0.00148105705482891
61.68999999999999,0,-0.00148113205113932
61.70999999999999,0,-0.00148120704744972
61.72999999999999,0,-0.00148128204376014
61.749999999999986,0,-0.00148135704007056
61.76999999999999,0,-0.00148143203638098
61.78999999999999,0,-0.00148150703269141
61.80999999999999,0,-0.00148158202900184
61.82999999999999,0,-0.00148165702531228
61.84999999999999,0,-0.00148173202162273
61.86999999999999,0,-0.00148180701793318
61.889999999999986,0,-0.00148188201424363
61.90999999999999,0,-0.00148195701055409
61.929999999999986,0,-0.00148203200686455
61.94999999999999,0,-0.00148210700317502
61.96999999999999,0,-0.0014821819994855
61.98999999999999,0,-0.00148225699579598
62.00999999999999,0,-0.00148233199210646
62.02999999999999,0,-0.00148240698841696
62.04999999999999,0,-0.00148248198472745
62.069999999999986,0,-0.00148255698103795
62.08999999999999,0,-0.00148263197734846
62.109999999999985,0,-0.00148270697365897
62.12999999999999,0,-0.00148278196996949
62.14999999999999,0,-0.00148285696628001
62.16999999999999,0,-0.00148293196259053
62.18999999999999,0,-0.00148300695890106
62.20999999999999,0,-0.0014830819552116
62.22999999999999,0,-0.00148315695152214
62.249999999999986,0,-0.00148323194783269
62.26999999999999,0,-0.00148330694414324
62.28999999999999,0,-0.0014833819404538
62.30999999999999,0,-0.00148345693676436
62.32999999999999,0,-0.00148353193307493
62.34999999999999,0,-0.0014836069293855
62.36999999999999,0,-0.00148368192569608
62.389999999999986,0,-0.00148375692200666
62.40999999999999,0,-0.00148383191831725
62.429999999999986,0,-0.00148390691462785
62.44999999999999,0,-0.00148398191093845
62.46999999999999,0,-0.00148405690724905
62.48999999999999,0,-0.00148413190355966
62.50999999999999,0,-0.00148420689987027
62.52999999999999,0,-0.00148428189618089
62.54999999999999,0,-0.00148435689249152
62.569999999999986,0,-0.00148443188880215
62.58999999999999,0,-0.00148450688511278
62.609999999999985,0,-0.00148458188142342
62.62999999999999,0,-0.00148465687773406
62.64999999999999,0,-0.00148473187404471
62.66999999999999,0,-0.00148480687035537
62.68999999999999,0,-0.00148488186666603
62.70999999999999,0,-0.0014849568629767
62.72999999999999,0,-0.00148503185928737
62.749999999999986,0,-0.00148510685559804
62.76999999999999,0,-0.00148518185190872
62.789999999999985,0,-0.00148525684821941
62.80999999999999,0,-0.0014853318445301
62.82999999999999,0,-0.0014854068408408
62.84999999999999,0,-0.0014854818371515
62.86999999999999,0,-0.00148555683346221
62.889999999999986,0,-0.00148563182977292
62.90999999999999,0,-0.00148570682608363
62.929999999999986,0,-0.00148578182239436
62.94999999999999,0,-0.00148585681870508
62.96999999999999,0,-0.00148593181501582
62.98999999999999,0,-0.00148600681132655
63.00999999999999,0,-0.0014860818076373
63.02999999999999,0,-0.00148615680394805
63.04999999999999,0,-0.0014862318002588
63.069999999999986,0,-0.00148630679656956
63.08999999999999,0,-0.00148638179288032
63.109999999999985,0,-0.00148645678919109
63.12999999999999,0,-0.00148653178550186
63.14999999999999,0,-0.00148660678181264
63.16999999999999,0,-0.00148668177812342
63.18999999999999,0,-0.00148675677443421
63.20999999999999,0,-0.00148683177074501
63.22999999999999,0,-0.00148690676705581
63.249999999999986,0,-0.00148698176336661
63.26999999999999,0,-0.00148705675967742
63.289999999999985,0,-0.00148713175598824
63.30999999999999,0,-0.00148720675229906
63.32999999999999,0,-0.00148728174860988
63.34999999999999,0,-0.00148735674492071
63.36999999999999,0,-0.00148743174123155
63.389999999999986,0,-0.00148750673754239
63.40999999999999,0,-0.00148758173385323
63.429999999999986,0,-0.00148765673016408
63.44999999999999,0,-0.00148773172647494
63.46999999999999,0,-0.0014878067227858
63.48999999999999,0,-0.00148788171909667
63.50999999999999,0,-0.00148795671540754
63.52999999999999,0,-0.00148803171171842
63.54999999999999,0,-0.0014881067080293
63.569999999999986,0,-0.00148818170434018
63.58999999999999,0,-0.00148825670065108
63.609999999999985,0,-0.00148833169696197
63.62999999999999,0,-0.00148840669327288
63.64999999999999,0,-0.00148848168958378
63.66999999999999,0,-0.0014885566858947
63.68999999999999,0,-0.00148863168220561
63.70999999999999,0,-0.00148870667851654
63.72999999999999,0,-0.00148878167482747
63.749999999999986,0,-0.0014888566711384
63.76999999999999,0,-0.00148893166744934
63.789999999999985,0,-0.00148900666376028
63.80999999999999,0,-0.00148908166007123
63.82999999999999,0,-0.00148915665638218
63.84999999999999,0,-0.00148923165269314
63.86999999999999,0,-0.00148930664900411
63.889999999999986,0,-0.00148938164531508
63.90999999999999,0,-0.00148945664162605
63.929999999999986,0,-0.00148953163793703
63.94999999999999,0,-0.00148960663424801
63.96999999999999,0,-0.001489681630559
63.98999999999999,0,-0.00148975662687
64.00999999999999,0,-0.001489831623181
64.03,0,-0.001489906619492
64.05,0,-0.00148998161580301
64.07,0,-0.00149005661211403
64.08999999999999,0,-0.00149013160842505
64.11,0,-0.00149020660473608
64.13,0,-0.00149028160104711
64.14999999999999,0,-0.00149035659735814
64.17,0,-0.00149043159366919
64.19,0,-0.00149050658998023
64.21,0,-0.00149058158629128
64.22999999999999,0,-0.00149065658260234
64.25,0,-0.0014907315789134
64.27,0,-0.00149080657522447
64.28999999999999,0,-0.00149088157153554
64.31,0,-0.00149095656784662
64.33,0,-0.0014910315641577
64.35,0,-0.00149110656046879
64.36999999999999,0,-0.00149118155677988
64.39,0,-0.00149125655309098
64.41,0,-0.00149133154940208
64.42999999999999,0,-0.00149140654571319
64.44999999999999,0,-0.0014914815420243
64.47,0,-0.00149155653833542
64.49,0,-0.00149163153464655
64.50999999999999,0,-0.00149170653095768
64.53,0,-0.00149178152726881
64.55,0,-0.00149185652357995
64.57,0,-0.00149193151989109
64.58999999999999,0,-0.00149200651620224
64.61,0,-0.0014920815125134
64.63,0,-0.00149215650882456
64.64999999999999,0,-0.00149223150513572
64.67,0,-0.00149230650144689
64.69,0,-0.00149238149775807
64.71,0,-0.00149245649406925
64.72999999999999,0,-0.00149253149038043
64.75,0,-0.00149260648669162
64.77,0,-0.00149268148300282
64.78999999999999,0,-0.00149275647931402
64.81,0,-0.00149283147562523
64.83,0,-0.00149290647193644
64.85,0,-0.00149298146824765
64.86999999999999,0,-0.00149305646455888
64.89,0,-0.0014931314608701
64.91,0,-0.00149320645718133
64.92999999999999,0,-0.00149328145349257
64.94999999999999,0,-0.00149335644980381
64.97,0,-0.00149343144611506
64.99,0,-0.00149350644242631
65.00999999999999,0,-0.00149358143873757
65.03,0,-0.00149365643504883
65.05,0,-0.0014937314313601
65.07,0,-0.00149380642767137
65.08999999999999,0,-0.00149388142398265
65.11,0,-0.00149395642029393
65.13,0,-0.00149403141660522
65.14999999999999,0,-0.00149410641291652
65.17,0,-0.00149418140922782
65.19,0,-0.00149425640553912
65.21,0,-0.00149433140185043
65.22999999999999,0,-0.00149440639816174
65.25,0,-0.00149448139447306
65.27,0,-0.00149455639078439
65.28999999999999,0,-0.00149463138709572
65.30999999999999,0,-0.00149470638340705
65.33,0,-0.00149478137971839
65.35,0,-0.00149485637602973
65.36999999999999,0,-0.00149493137234109
65.39,0,-0.00149500636865244
65.41,0,-0.0014950813649638
65.42999999999999,0,-0.00149515636127517
65.44999999999999,0,-0.00149523135758654
65.47,0,-0.00149530635389791
65.49,0,-0.00149538135020929
65.50999999999999,0,-0.00149545634652068
65.53,0,-0.00149553134283207
65.55,0,-0.00149560633914347
65.57,0,-0.00149568133545487
65.58999999999999,0,-0.00149575633176628
65.61,0,-0.00149583132807769
65.63,0,-0.00149590632438911
65.64999999999999,0,-0.00149598132070053
65.67,0,-0.00149605631701196
65.69,0,-0.00149613131332339
65.71,0,-0.00149620630963483
65.72999999999999,0,-0.00149628130594627
65.75,0,-0.00149635630225772
65.77,0,-0.00149643129856917
65.78999999999999,0,-0.00149650629488063
65.80999999999999,0,-0.00149658129119209
65.83,0,-0.00149665628750356
65.85,0,-0.00149673128381503
65.86999999999999,0,-0.00149680628012651
65.89,0,-0.001496881276438
65.91,0,-0.00149695627274949
65.92999999999999,0,-0.00149703126906098
65.94999999999999,0,-0.00149710626537248
65.97,0,-0.00149718126168398
65.99,0,-0.00149725625799549
66.00999999999999,0,-0.00149733125430701
66.03,0,-0.00149740625061853
66.05,0,-0.00149748124693005
66.07,0,-0.00149755624324158
66.08999999999999,0,-0.00149763123955312
66.11,0,-0.00149770623586466
66.13,0,-0.00149778123217621
66.14999999999999,0,-0.00149785622848776
66.17,0,-0.00149793122479931
66.19,0,-0.00149800622111087
66.21,0,-0.00149808121742244
66.22999999999999,0,-0.00149815621373401
66.25,0,-0.00149823121004559
66.27,0,-0.00149830620635717
66.28999999999999,0,-0.00149838120266876
66.30999999999999,0,-0.00149845619898035
66.33,0,-0.00149853119529195
66.35,0,-0.00149860619160355
66.36999999999999,0,-0.00149868118791516
66.39,0,-0.00149875618422677
66.41,0,-0.00149883118053839
66.42999999999999,0,-0.00149890617685001
66.44999999999999,0,-0.00149898117316164
66.47,0,-0.00149905616947327
66.49,0,-0.00149913116578491
66.50999999999999,0,-0.00149920616209655
66.53,0,-0.0014992811584082
66.55,0,-0.00149935615471985
66.57,0,-0.00149943115103151
66.58999999999999,0,-0.00149950614734318
66.61,0,-0.00149958114365485
66.63,0,-0.00149965613996652
66.64999999999999,0,-0.0014997311362782
66.67,0,-0.00149980613258989
66.69,0,-0.00149988112890158
66.71,0,-0.00149995612521327
66.72999999999999,0,-0.00150003112152497
66.75,0,-0.00150010611783668
66.77,0,-0.00150018111414839
66.78999999999999,0,-0.0015002561104601
66.80999999999999,0,-0.00150033110677182
66.83,0,-0.00150040610308355
66.85,0,-0.00150048109939528
66.86999999999999,0,-0.00150055609570702
66.89,0,-0.00150063109201876
66.91,0,-0.0015007060883305
66.92999999999999,0,-0.00150078108464226
66.94999999999999,0,-0.00150085608095401
66.97,0,-0.00150093107726577
66.99,0,-0.00150100607357754
67.00999999999999,0,-0.00150108106988931
67.03,0,-0.00150115606620109
67.05,0,-0.00150123106251287
67.07,0,-0.00150130605882466
67.08999999999999,0,-0.00150138105513645
67.11,0,-0.00150145605144825
67.13,0,-0.00150153104776005
67.14999999999999,0,-0.00150160604407186
67.17,0,-0.00150168104038368
67.19,0,-0.00150175603669549
67.21,0,-0.00150183103300732
67.22999999999999,0,-0.00150190602931915
67.25,0,-0.00150198102563098
67.27,0,-0.00150205602194282
67.28999999999999,0,-0.00150213101825466
67.30999999999999,0,-0.00150220601456651
67.33,0,-0.00150228101087837
67.35,0,-0.00150235600719023
67.36999999999999,0,-0.00150243100350209
67.39,0,-0.00150250599981396
67.41,0,-0.00150258099612584
67.42999999999999,0,-0.00150265599243772
67.44999999999999,0,-0.0015027309887496
67.47,0,-0.00150280598506149
67.49,0,-0.00150288098137339
67.50999999999999,0,-0.00150295597768529
67.53,0,-0.0015030309739972
67.55,0,-0.00150310597030911
67.57,0,-0.00150318096662102
67.58999999999999,0,-0.00150325596293295
67.61,0,-0.00150333095924487
67.63,0,-0.0015034059555568
67.64999999999999,0,-0.00150348095186874
67.67,0,-0.00150355594818068
67.69,0,-0.00150363094449263
67.71,0,-0.00150370594080458
67.72999999999999,0,-0.00150378093711654
67.75,0,-0.0015038559334285
67.77,0,-0.00150393092974047
67.78999999999999,0,-0.00150400592605244
67.80999999999999,0,-0.00150408092236442
67.83,0,-0.0015041559186764
67.85,0,-0.00150423091498839
67.86999999999999,0,-0.00150430591130039
67.89,0,-0.00150438090761238
67.91,0,-0.00150445590392439
67.92999999999999,0,-0.0015045309002364
67.94999999999999,0,-0.00150460589654841
67.97,0,-0.00150468089286043
67.99,0,-0.00150475588917245
68.00999999999999,0,-0.00150483088548448
68.03,0,-0.00150490588179652
68.05,0,-0.00150498087810856
68.07,0,-0.0015050558744206
68.08999999999999,0,-0.00150513087073265
68.11,0,-0.00150520586704471
68.13,0,-0.00150528086335677
68.14999999999999,0,-0.00150535585966883
68.17,0,-0.00150543085598091
68.19,0,-0.00150550585229298
68.21,0,-0.00150558084860506
68.22999999999999,0,-0.00150565584491715
68.25,0,-0.00150573084122924
68.27,0,-0.00150580583754134
68.28999999999999,0,-0.00150588083385344
68.30999999999999,0,-0.00150595583016554
68.33,0,-0.00150603082647766
68.35,0,-0.00150610582278977
68.36999999999999,0,-0.00150618081910189
68.39,0,-0.00150625581541402
68.41,0,-0.00150633081172615
68.42999999999999,0,-0.00150640580803829
68.44999999999999,0,-0.00150648080435043
68.47,0,-0.00150655580066258
68.49,0,-0.00150663079697474
68.50999999999999,0,-0.00150670579328689
68.53,0,-0.00150678078959906
68.55,0,-0.00150685578591123
68.57,0,-0.0015069307822234
68.58999999999999,0,-0.00150700577853558
68.61,0,-0.00150708077484776
68.63,0,-0.00150715577115995
68.64999999999999,0,-0.00150723076747214
68.67,0,-0.00150730576378434
68.69,0,-0.00150738076009655
68.71,0,-0.00150745575640876
68.72999999999999,0,-0.00150753075272097
68.75,0,-0.00150760574903319
68.77,0,-0.00150768074534542
68.78999999999999,0,-0.00150775574165765
68.80999999999999,0,-0.00150783073796988
68.83,0,-0.00150790573428212
68.85,0,-0.00150798073059437
68.86999999999999,0,-0.00150805572690662
68.89,0,-0.00150813072321888
68.91,0,-0.00150820571953114
68.92999999999999,0,-0.0015082807158434
68.94999999999999,0,-0.00150835571215567
68.97,0,-0.00150843070846795
68.99,0,-0.00150850570478023
69.00999999999999,0,-0.00150858070109252
69.03,0,-0.00150865569740481
69.05,0,-0.00150873069371711
69.07,0,-0.00150880569002941
69.08999999999999,0,-0.00150888068634172
69.11,0,-0.00150895568265403
69.13,0,-0.00150903067896635
69.14999999999999,0,-0.00150910567527867
69.16999999999999,0,-0.001509180671591
69.19,0,-0.00150925566790333
69.21,0,-0.00150933066421567
69.22999999999999,0,-0.00150940566052801
69.25,0,-0.00150948065684036
69.27,0,-0.00150955565315272
69.28999999999999,0,-0.00150963064946508
69.30999999999999,0,-0.00150970564577744
69.33,0,-0.00150978064208981
69.35,0,-0.00150985563840218
69.36999999999999,0,-0.00150993063471456
69.39,0,-0.00151000563102695
69.41,0,-0.00151008062733934
69.42999999999999,0,-0.00151015562365173
69.44999999999999,0,-0.00151023061996413
69.47,0,-0.00151030561627654
69.49,0,-0.00151038061258895
69.50999999999999,0,-0.00151045560890136
69.53,0,-0.00151053060521378
69.55,0,-0.00151060560152621
69.57,0,-0.00151068059783864
69.58999999999999,0,-0.00151075559415108
69.61,0,-0.00151083059046352
69.63,0,-0.00151090558677596
69.64999999999999,0,-0.00151098058308841
69.66999999999999,0,-0.00151105557940087
69.69,0,-0.00151113057571333
69.71,0,-0.0015112055720258
69.72999999999999,0,-0.00151128056833827
69.75,0,-0.00151135556465075
69.77,0,-0.00151143056096323
69.78999999999999,0,-0.00151150555727572
69.80999999999999,0,-0.00151158055358821
69.83,0,-0.00151165554990071
69.85,0,-0.00151173054621321
69.86999999999999,0,-0.00151180554252572
69.89,0,-0.00151188053883823
69.91,0,-0.00151195553515075
69.92999999999999,0,-0.00151203053146327
69.94999999999999,0,-0.0015121055277758
69.97,0,-0.00151218052408834
69.99,0,-0.00151225552040088
70.00999999999999,0,-0.00151233051671342
70.03,0,-0.00151240551302597
70.05,0,-0.00151248050933852
70.07,0,-0.00151255550565108
70.08999999999999,0,-0.00151263050196365
70.11,0,-0.00151270549827622
70.13,0,-0.00151278049458879
70.14999999999999,0,-0.00151285549090137
70.16999999999999,0,-0.00151293048721396
70.19,0,-0.00151300548352655
70.21,0,-0.00151308047983914
70.22999999999999,0,-0.00151315547615174
70.25,0,-0.00151323047246435
70.27,0,-0.00151330546877696
70.28999999999999,0,-0.00151338046508958
70.30999999999999,0,-0.0015134554614022
70.33,0,-0.00151353045771482
70.35,0,-0.00151360545402746
70.36999999999999,0,-0.00151368045034009
70.39,0,-0.00151375544665273
70.41,0,-0.00151383044296538
70.42999999999999,0,-0.00151390543927803
70.44999999999999,0,-0.00151398043559069
70.47,0,-0.00151405543190335
70.49,0,-0.00151413042821602
70.50999999999999,0,-0.00151420542452869
70.53,0,-0.00151428042084137
70.55,0,-0.00151435541715405
70.57,0,-0.00151443041346674
70.58999999999999,0,-0.00151450540977944
70.61,0,-0.00151458040609213
70.63,0,-0.00151465540240484
70.64999999999999,0,-0.00151473039871755
70.66999999999999,0,-0.00151480539503026
70.69,0,-0.00151488039134298
70.71,0,-0.0015149553876557
70.72999999999999,0,-0.00151503038396843
70.75,0,-0.00151510538028117
70.77,0,-0.00151518037659391
70.78999999999999,0,-0.00151525537290665
70.80999999999999,0,-0.0015153303692194
70.83,0,-0.00151540536553216
70.85,0,-0.00151548036184492
70.86999999999999,0,-0.00151555535815768
70.89,0,-0.00151563035447045
70.91,0,-0.00151570535078323
70.92999999999999,0,-0.00151578034709601
70.94999999999999,0,-0.00151585534340879
70.97,0,-0.00151593033972159
70.99,0,-0.00151600533603438
71.00999999999999,0,-0.00151608033234718
71.03,0,-0.00151615532865999
71.05,0,-0.0015162303249728
71.07,0,-0.00151630532128562
71.08999999999999,0,-0.00151638031759844
71.11,0,-0.00151645531391127
71.13,0,-0.0015165303102241
71.14999999999999,0,-0.00151660530653694
71.16999999999999,0,-0.00151668030284978
71.19,0,-0.00151675529916263
71.21,0,-0.00151683029547548
71.22999999999999,0,-0.00151690529178834
71.25,0,-0.0015169802881012
71.27,0,-0.00151705528441407
71.28999999999999,0,-0.00151713028072694
71.30999999999999,0,-0.00151720527703982
71.33,0,-0.0015172802733527
71.35,0,-0.00151735526966559
71.36999999999999,0,-0.00151743026597849
71.39,0,-0.00151750526229139
71.41,0,-0.00151758025860429
71.42999999999999,0,-0.0015176552549172
71.44999999999999,0,-0.00151773025123011
71.47,0,-0.00151780524754303
71.49,0,-0.00151788024385596
71.50999999999999,0,-0.00151795524016889
71.53,0,-0.00151803023648182
71.55,0,-0.00151810523279476
71.57,0,-0.00151818022910771
71.58999999999999,0,-0.00151825522542066
71.61,0,-0.00151833022173362
71.63,0,-0.00151840521804658
71.64999999999999,0,-0.00151848021435954
71.66999999999999,0,-0.00151855521067251
71.69,0,-0.00151863020698549
71.71,0,-0.00151870520329847
71.72999999999999,0,-0.00151878019961146
71.75,0,-0.00151885519592445
71.77,0,-0.00151893019223745
71.78999999999999,0,-0.00151900518855045
71.80999999999999,0,-0.00151908018486345
71.83,0,-0.00151915518117647
71.85,0,-0.00151923017748948
71.86999999999999,0,-0.00151930517380251
71.89,0,-0.00151938017011553
71.91,0,-0.00151945516642857
71.92999999999999,0,-0.00151953016274161
71.94999999999999,0,-0.00151960515905465
71.97,0,-0.0015196801553677
71.99,0,-0.00151975515168075
72.00999999999999,0,-0.00151983014799381
72.03,0,-0.00151990514430687
72.05,0,-0.00151998014061994
72.07,0,-0.00152005513693302
72.08999999999999,0,-0.00152013013324609
72.11,0,-0.00152020512955918
72.13,0,-0.00152028012587227
72.14999999999999,0,-0.00152035512218536
72.16999999999999,0,-0.00152043011849846
72.19,0,-0.00152050511481157
72.21,0,-0.00152058011112468
72.22999999999999,0,-0.00152065510743779
72.25,0,-0.00152073010375091
72.27,0,-0.00152080510006404
72.28999999999999,0,-0.00152088009637717
72.30999999999999,0,-0.0015209550926903
72.33,0,-0.00152103008900345
72.35,0,-0.00152110508531659
72.36999999999999,0,-0.00152118008162974
72.39,0,-0.0015212550779429
72.41,0,-0.00152133007425606
72.42999999999999,0,-0.00152140507056923
72.44999999999999,0,-0.0015214800668824
72.47,0,-0.00152155506319558
72.49,0,-0.00152163005950876
72.50999999999999,0,-0.00152170505582194
72.53,0,-0.00152178005213514
72.55,0,-0.00152185504844833
72.57,0,-0.00152193004476154
72.58999999999999,0,-0.00152200504107474
72.61,0,-0.00152208003738796
72.63,0,-0.00152215503370118
72.64999999999999,0,-0.0015222300300144
72.66999999999999,0,-0.00152230502632763
72.69,0,-0.00152238002264086
72.71,0,-0.0015224550189541
72.72999999999999,0,-0.00152253001526734
72.75,0,-0.00152260501158059
72.77,0,-0.00152268000789385
72.78999999999999,0,-0.00152275500420711
72.80999999999999,0,-0.00152283000052037
72.83,0,-0.00152290499683364
72.85,0,-0.00152297999314691
72.86999999999999,0,-0.00152305498946019
72.89,0,-0.00152312998577348
72.91,0,-0.00152320498208677
72.92999999999999,0,-0.00152327997840006
72.94999999999999,0,-0.00152335497471336
72.97,0,-0.00152342997102667
72.99,0,-0.00152350496733998
73.00999999999999,0,-0.0015235799636533
73.02999999999999,0,-0.00152365495996662
73.05,0,-0.00152372995627994
73.07,0,-0.00152380495259327
73.08999999999999,0,-0.00152387994890661
73.11,0,-0.00152395494521995
73.13,0,-0.0015240299415333
73.14999999999999,0,-0.00152410493784665
73.16999999999999,0,-0.00152417993416001
73.19,0,-0.00152425493047337
73.21,0,-0.00152432992678674
73.22999999999999,0,-0.00152440492310011
73.25,0,-0.00152447991941349
73.27,0,-0.00152455491572687
73.28999999999999,0,-0.00152462991204026
73.30999999999999,0,-0.00152470490835365
73.33,0,-0.00152477990466705
73.35,0,-0.00152485490098045
73.36999999999999,0,-0.00152492989729386
73.39,0,-0.00152500489360727
73.41,0,-0.00152507988992069
73.42999999999999,0,-0.00152515488623412
73.44999999999999,0,-0.00152522988254754
73.47,0,-0.00152530487886098
73.49,0,-0.00152537987517442
73.50999999999999,0,-0.00152545487148786
73.52999999999999,0,-0.00152552986780131
73.55,0,-0.00152560486411477
73.57,0,-0.00152567986042823
73.58999999999999,0,-0.00152575485674169
73.61,0,-0.00152582985305516
73.63,0,-0.00152590484936864
73.64999999999999,0,-0.00152597984568212
73.66999999999999,0,-0.0015260548419956
73.69,0,-0.00152612983830909
73.71,0,-0.00152620483462259
73.72999999999999,0,-0.00152627983093609
73.75,0,-0.0015263548272496
73.77,0,-0.00152642982356311
73.78999999999999,0,-0.00152650481987662
73.80999999999999,0,-0.00152657981619015
73.83,0,-0.00152665481250367
73.85,0,-0.0015267298088172
73.86999999999999,0,-0.00152680480513074
73.89,0,-0.00152687980144428
73.91,0,-0.00152695479775783
73.92999999999999,0,-0.00152702979407138
73.94999999999999,0,-0.00152710479038494
73.97,0,-0.0015271797866985
73.99,0,-0.00152725478301207
74.00999999999999,0,-0.00152732977932564
74.02999999999999,0,-0.00152740477563922
74.05,0,-0.0015274797719528
74.07,0,-0.00152755476826639
74.08999999999999,0,-0.00152762976457999
74.11,0,-0.00152770476089359
74.13,0,-0.00152777975720719
74.14999999999999,0,-0.0015278547535208
74.16999999999999,0,-0.00152792974983441
74.19,0,-0.00152800474614803
74.21,0,-0.00152807974246166
74.22999999999999,0,-0.00152815473877529
74.25,0,-0.00152822973508892
74.27,0,-0.00152830473140256
74.28999999999999,0,-0.00152837972771621
74.30999999999999,0,-0.00152845472402986
74.33,0,-0.00152852972034351
74.35,0,-0.00152860471665717
74.36999999999999,0,-0.00152867971297084
74.39,0,-0.00152875470928451
74.41,0,-0.00152882970559818
74.42999999999999,0,-0.00152890470191186
74.44999999999999,0,-0.00152897969822555
74.47,0,-0.00152905469453924
74.49,0,-0.00152912969085294
74.50999999999999,0,-0.00152920468716664
74.52999999999999,0,-0.00152927968348035
74.55,0,-0.00152935467979406
74.57,0,-0.00152942967610778
74.58999999999999,0,-0.0015295046724215
74.61,0,-0.00152957966873522
74.63,0,-0.00152965466504896
74.64999999999999,0,-0.00152972966136269
74.66999999999999,0,-0.00152980465767644
74.69,0,-0.00152987965399019
74.71,0,-0.00152995465030394
74.72999999999999,0,-0.0015300296466177
74.75,0,-0.00153010464293146
74.77,0,-0.00153017963924523
74.78999999999999,0,-0.001530254635559
74.80999999999999,0,-0.00153032963187278
74.83,0,-0.00153040462818656
74.85,0,-0.00153047962450035
74.86999999999999,0,-0.00153055462081415
74.89,0,-0.00153062961712795
74.91,0,-0.00153070461344175
74.92999999999999,0,-0.00153077960975556
74.94999999999999,0,-0.00153085460606938
74.97,0,-0.0015309296023832
74.99,0,-0.00153100459869702
75.00999999999999,0,-0.00153107959501085
75.02999999999999,0,-0.00153115459132469
75.05,0,-0.00153122958763853
75.07,0,-0.00153130458395237
75.08999999999999,0,-0.00153137958026622
75.11,0,-0.00153145457658008
75.13,0,-0.00153152957289394
75.14999999999999,0,-0.00153160456920781
75.16999999999999,0,-0.00153167956552168
75.19,0,-0.00153175456183555
75.21,0,-0.00153182955814943
75.22999999999999,0,-0.00153190455446332
75.25,0,-0.00153197955077721
75.27,0,-0.00153205454709111
75.28999999999999,0,-0.00153212954340501
75.30999999999999,0,-0.00153220453971892
75.33,0,-0.00153227953603283
75.35,0,-0.00153235453234675
75.36999999999999,0,-0.00153242952866067
75.39,0,-0.0015325045249746
75.41,0,-0.00153257952128853
75.42999999999999,0,-0.00153265451760247
75.44999999999999,0,-0.00153272951391642
75.47,0,-0.00153280451023036
75.49,0,-0.00153287950654432
75.50999999999999,0,-0.00153295450285828
75.52999999999999,0,-0.00153302949917224
75.55,0,-0.00153310449548621
75.57,0,-0.00153317949180018
75.58999999999999,0,-0.00153325448811416
75.61,0,-0.00153332948442815
75.63,0,-0.00153340448074214
75.64999999999999,0,-0.00153347947705613
75.66999999999999,0,-0.00153355447337013
75.69,0,-0.00153362946968414
75.71,0,-0.00153370446599815
75.72999999999999,0,-0.00153377946231216
75.75,0,-0.00153385445862618
75.77,0,-0.00153392945494021
75.78999999999999,0,-0.00153400445125424
75.80999999999999,0,-0.00153407944756827
75.83,0,-0.00153415444388232
75.85,0,-0.00153422944019636
75.86999999999999,0,-0.00153430443651041
75.89,0,-0.00153437943282447
75.91,0,-0.00153445442913853
75.92999999999999,0,-0.0015345294254526
75.94999999999999,0,-0.00153460442176667
75.97,0,-0.00153467941808075
75.99,0,-0.00153475441439483
76.00999999999999,0,-0.00153482941070892
76.02999999999999,0,-0.00153490440702301
76.05,0,-0.00153497940333711
76.07,0,-0.00153505439965121
76.08999999999999,0,-0.00153512939596532
76.11,0,-0.00153520439227943
76.13,0,-0.00153527938859355
76.14999999999999,0,-0.00153535438490767
76.16999999999999,0,-0.0015354293812218
76.19,0,-0.00153550437753593
76.21,0,-0.00153557937385007
76.22999999999999,0,-0.00153565437016422
76.25,0,-0.00153572936647837
76.27,0,-0.00153580436279252
76.28999999999999,0,-0.00153587935910668
76.30999999999999,0,-0.00153595435542084
76.33,0,-0.00153602935173501
76.35,0,-0.00153610434804919
76.36999999999999,0,-0.00153617934436337
76.38999999999999,0,-0.00153625434067755
76.41,0,-0.00153632933699174
76.42999999999999,0,-0.00153640433330594
76.44999999999999,0,-0.00153647932962014
76.47,0,-0.00153655432593434
76.49,0,-0.00153662932224856
76.50999999999999,0,-0.00153670431856277
76.52999999999999,0,-0.00153677931487699
76.55,0,-0.00153685431119122
76.57,0,-0.00153692930750545
76.58999999999999,0,-0.00153700430381969
76.61,0,-0.00153707930013393
76.63,0,-0.00153715429644817
76.64999999999999,0,-0.00153722929276243
76.66999999999999,0,-0.00153730428907668
76.69,0,-0.00153737928539095
76.71,0,-0.00153745428170521
76.72999999999999,0,-0.00153752927801949
76.75,0,-0.00153760427433376
76.77,0,-0.00153767927064805
76.78999999999999,0,-0.00153775426696233
76.80999999999999,0,-0.00153782926327663
76.83,0,-0.00153790425959092
76.85,0,-0.00153797925590523
76.86999999999999,0,-0.00153805425221954
76.88999999999999,0,-0.00153812924853385
76.91,0,-0.00153820424484817
76.92999999999999,0,-0.00153827924116249
76.94999999999999,0,-0.00153835423747682
76.97,0,-0.00153842923379116
76.99,0,-0.0015385042301055
77.00999999999999,0,-0.00153857922641984
77.02999999999999,0,-0.00153865422273419
77.05,0,-0.00153872921904854
77.07,0,-0.0015388042153629
77.08999999999999,0,-0.00153887921167727
77.11,0,-0.00153895420799164
77.13,0,-0.00153902920430601
77.14999999999999,0,-0.0015391042006204
77.16999999999999,0,-0.00153917919693478
77.19,0,-0.00153925419324917
77.21,0,-0.00153932918956357
77.22999999999999,0,-0.00153940418587797
77.25,0,-0.00153947918219237
77.27,0,-0.00153955417850679
77.28999999999999,0,-0.0015396291748212
77.30999999999999,0,-0.00153970417113562
77.33,0,-0.00153977916745005
77.35,0,-0.00153985416376448
77.36999999999999,0,-0.00153992916007892
77.38999999999999,0,-0.00154000415639336
77.41,0,-0.00154007915270781
77.42999999999999,0,-0.00154015414902226
77.44999999999999,0,-0.00154022914533672
77.47,0,-0.00154030414165118
77.49,0,-0.00154037913796565
77.50999999999999,0,-0.00154045413428012
77.52999999999999,0,-0.0015405291305946
77.55,0,-0.00154060412690908
77.57,0,-0.00154067912322357
77.58999999999999,0,-0.00154075411953807
77.61,0,-0.00154082911585257
77.63,0,-0.00154090411216707
77.64999999999999,0,-0.00154097910848158
77.66999999999999,0,-0.00154105410479609
77.69,0,-0.00154112910111061
77.71,0,-0.00154120409742514
77.72999999999999,0,-0.00154127909373967
77.75,0,-0.0015413540900542
77.77,0,-0.00154142908636874
77.78999999999999,0,-0.00154150408268329
77.80999999999999,0,-0.00154157907899784
77.83,0,-0.00154165407531239
77.85,0,-0.00154172907162695
77.86999999999999,0,-0.00154180406794152
77.88999999999999,0,-0.00154187906425609
77.91,0,-0.00154195406057066
77.92999999999999,0,-0.00154202905688525
77.94999999999999,0,-0.00154210405319983
77.97,0,-0.00154217904951442
77.99,0,-0.00154225404582902
78.00999999999999,0,-0.00154232904214362
78.02999999999999,0,-0.00154240403845823
78.05,0,-0.00154247903477284
78.07,0,-0.00154255403108746
78.08999999999999,0,-0.00154262902740208
78.11,0,-0.00154270402371671
78.13,0,-0.00154277902003134
78.14999999999999,0,-0.00154285401634598
78.16999999999999,0,-0.00154292901266062
78.19,0,-0.00154300400897527
78.21,0,-0.00154307900528992
78.22999999999999,0,-0.00154315400160458
78.25,0,-0.00154322899791924
78.27,0,-0.00154330399423391
78.28999999999999,0,-0.00154337899054858
78.30999999999999,0,-0.00154345398686326
78.33,0,-0.00154352898317795
78.35,0,-0.00154360397949263
78.36999999999999,0,-0.00154367897580733
78.38999999999999,0,-0.00154375397212203
78.41,0,-0.00154382896843673
78.42999999999999,0,-0.00154390396475144
78.44999999999999,0,-0.00154397896106616
78.47,0,-0.00154405395738088
78.49,0,-0.0015441289536956
78.50999999999999,0,-0.00154420395001033
78.52999999999999,0,-0.00154427894632507
78.55,0,-0.00154435394263981
78.57,0,-0.00154442893895455
78.58999999999999,0,-0.0015445039352693
78.61,0,-0.00154457893158406
78.63,0,-0.00154465392789882
78.64999999999999,0,-0.00154472892421359
78.66999999999999,0,-0.00154480392052836
78.69,0,-0.00154487891684313
78.71,0,-0.00154495391315792
78.72999999999999,0,-0.0015450289094727
78.75,0,-0.0015451039057875
78.77,0,-0.00154517890210229
78.78999999999999,0,-0.00154525389841709
78.80999999999999,0,-0.0015453288947319
78.83,0,-0.00154540389104671
78.85,0,-0.00154547888736153
78.86999999999999,0,-0.00154555388367635
78.88999999999999,0,-0.00154562887999118
78.91,0,-0.00154570387630602
78.92999999999999,0,-0.00154577887262085
78.94999999999999,0,-0.0015458538689357
78.97,0,-0.00154592886525055
78.99,0,-0.0015460038615654
79.00999999999999,0,-0.00154607885788026
79.02999999999999,0,-0.00154615385419512
79.05,0,-0.00154622885050999
79.07,0,-0.00154630384682486
79.08999999999999,0,-0.00154637884313974
79.11,0,-0.00154645383945463
79.13,0,-0.00154652883576952
79.14999999999999,0,-0.00154660383208441
79.16999999999999,0,-0.00154667882839931
79.19,0,-0.00154675382471422
79.21,0,-0.00154682882102913
79.22999999999999,0,-0.00154690381734404
79.25,0,-0.00154697881365896
79.27,0,-0.00154705380997389
79.28999999999999,0,-0.00154712880628882
79.30999999999999,0,-0.00154720380260376
79.33,0,-0.0015472787989187
79.35,0,-0.00154735379523364
79.36999999999999,0,-0.00154742879154859
79.38999999999999,0,-0.00154750378786355
79.41,0,-0.00154757878417851
79.42999999999999,0,-0.00154765378049348
79.44999999999999,0,-0.00154772877680845
79.47,0,-0.00154780377312343
79.49,0,-0.00154787876943841
79.50999999999999,0,-0.0015479537657534
79.52999999999999,0,-0.00154802876206839
79.55,0,-0.00154810375838339
79.57,0,-0.00154817875469839
79.58999999999999,0,-0.0015482537510134
79.61,0,-0.00154832874732841
79.63,0,-0.00154840374364343
79.64999999999999,0,-0.00154847873995845
79.66999999999999,0,-0.00154855373627348
79.69,0,-0.00154862873258851
79.71,0,-0.00154870372890355
79.72999999999999,0,-0.0015487787252186
79.75,0,-0.00154885372153364
79.77,0,-0.0015489287178487
79.78999999999999,0,-0.00154900371416376
79.80999999999999,0,-0.00154907871047882
79.83,0,-0.00154915370679389
79.85,0,-0.00154922870310897
79.86999999999999,0,-0.00154930369942405
79.88999999999999,0,-0.00154937869573913
79.91,0,-0.00154945369205422
79.92999999999999,0,-0.00154952868836932
79.94999999999999,0,-0.00154960368468442
79.97,0,-0.00154967868099952
79.99,0,-0.00154975367731463
80.00999999999999,0,-0.00154982867362975
80.02999999999999,0,-0.00154990366994487
80.05,0,-0.00154997866626
80.07,0,-0.00155005366257513
80.08999999999999,0,-0.00155012865889026
80.11,0,-0.00155020365520541
80.13,0,-0.00155027865152055
80.14999999999999,0,-0.0015503536478357
80.16999999999999,0,-0.00155042864415086
80.19,0,-0.00155050364046602
80.21,0,-0.00155057863678119
80.22999999999999,0,-0.00155065363309636
80.24999999999999,0,-0.00155072862941154
80.27,0,-0.00155080362572672
80.28999999999999,0,-0.00155087862204191
80.30999999999999,0,-0.0015509536183571
80.33,0,-0.0015510286146723
80.35,0,-0.0015511036109875
80.36999999999999,0,-0.00155117860730271
80.38999999999999,0,-0.00155125360361793
80.41,0,-0.00155132859993315
80.42999999999999,0,-0.00155140359624837
80.44999999999999,0,-0.0015514785925636
80.47,0,-0.00155155358887883
80.49,0,-0.00155162858519407
80.50999999999999,0,-0.00155170358150932
80.52999999999999,0,-0.00155177857782456
80.55,0,-0.00155185357413982
80.57,0,-0.00155192857045508
80.58999999999999,0,-0.00155200356677034
80.61,0,-0.00155207856308561
80.63,0,-0.00155215355940089
80.64999999999999,0,-0.00155222855571617
80.66999999999999,0,-0.00155230355203146
80.69,0,-0.00155237854834675
80.71,0,-0.00155245354466204
80.72999999999999,0,-0.00155252854097734
80.74999999999999,0,-0.00155260353729265
80.77,0,-0.00155267853360796
80.78999999999999,0,-0.00155275352992328
80.80999999999999,0,-0.0015528285262386
80.83,0,-0.00155290352255392
80.85,0,-0.00155297851886926
80.86999999999999,0,-0.00155305351518459
80.88999999999999,0,-0.00155312851149993
80.91,0,-0.00155320350781528
80.92999999999999,0,-0.00155327850413063
80.94999999999999,0,-0.00155335350044599
80.97,0,-0.00155342849676135
80.99,0,-0.00155350349307672
81.00999999999999,0,-0.0015535784893921
81.02999999999999,0,-0.00155365348570747
81.05,0,-0.00155372848202286
81.07,0,-0.00155380347833824
81.08999999999999,0,-0.00155387847465364
81.11,0,-0.00155395347096904
81.13,0,-0.00155402846728444
81.14999999999999,0,-0.00155410346359985
81.16999999999999,0,-0.00155417845991526
81.19,0,-0.00155425345623068
81.21,0,-0.00155432845254611
81.22999999999999,0,-0.00155440344886154
81.24999999999999,0,-0.00155447844517697
81.27,0,-0.00155455344149241
81.28999999999999,0,-0.00155462843780786
81.30999999999999,0,-0.00155470343412331
81.33,0,-0.00155477843043876
81.35,0,-0.00155485342675422
81.36999999999999,0,-0.00155492842306969
81.38999999999999,0,-0.00155500341938516
81.41,0,-0.00155507841570063
81.42999999999999,0,-0.00155515341201611
81.44999999999999,0,-0.0015552284083316
81.47,0,-0.00155530340464709
81.49,0,-0.00155537840096259
81.50999999999999,0,-0.00155545339727809
81.52999999999999,0,-0.00155552839359359
81.55,0,-0.00155560338990911
81.57,0,-0.00155567838622462
81.58999999999999,0,-0.00155575338254015
81.61,0,-0.00155582837885567
81.63,0,-0.0015559033751712
81.64999999999999,0,-0.00155597837148674
81.66999999999999,0,-0.00155605336780228
81.69,0,-0.00155612836411783
81.71,0,-0.00155620336043339
81.72999999999999,0,-0.00155627835674894
81.74999999999999,0,-0.00155635335306451
81.77,0,-0.00155642834938007
81.78999999999999,0,-0.00155650334569565
81.80999999999999,0,-0.00155657834201123
81.83,0,-0.00155665333832681
81.85,0,-0.0015567283346424
81.86999999999999,0,-0.00155680333095799
81.88999999999999,0,-0.00155687832727359
81.91,0,-0.0015569533235892
81.92999999999999,0,-0.00155702831990481
81.94999999999999,0,-0.00155710331622042
81.97,0,-0.00155717831253604
81.99,0,-0.00155725330885166
82.00999999999999,0,-0.00155732830516729
82.02999999999999,0,-0.00155740330148293
82.05,0,-0.00155747829779857
82.07,0,-0.00155755329411422
82.08999999999999,0,-0.00155762829042987
82.11,0,-0.00155770328674552
82.13,0,-0.00155777828306118
82.14999999999999,0,-0.00155785327937685
82.16999999999999,0,-0.00155792827569252
82.19,0,-0.0015580032720082
82.21,0,-0.00155807826832388
82.22999999999999,0,-0.00155815326463956
82.24999999999999,0,-0.00155822826095525
82.27,0,-0.00155830325727095
82.28999999999999,0,-0.00155837825358665
82.30999999999999,0,-0.00155845324990236
82.33,0,-0.00155852824621807
82.35,0,-0.00155860324253379
82.36999999999999,0,-0.00155867823884951
82.38999999999999,0,-0.00155875323516524
82.41,0,-0.00155882823148097
82.42999999999999,0,-0.00155890322779671
82.44999999999999,0,-0.00155897822411245
82.47,0,-0.0015590532204282
82.49,0,-0.00155912821674396
82.50999999999999,0,-0.00155920321305971
82.52999999999999,0,-0.00155927820937548
82.55,0,-0.00155935320569125
82.57,0,-0.00155942820200702
82.58999999999999,0,-0.0015595031983228
82.61,0,-0.00155957819463858
82.63,0,-0.00155965319095437
82.64999999999999,0,-0.00155972818727017
82.66999999999999,0,-0.00155980318358597
82.69,0,-0.00155987817990177
82.71,0,-0.00155995317621758
82.72999999999999,0,-0.0015600281725334
82.74999999999999,0,-0.00156010316884922
82.77,0,-0.00156017816516504
82.78999999999999,0,-0.00156025316148087
82.80999999999999,0,-0.00156032815779671
82.83,0,-0.00156040315411255
82.85,0,-0.00156047815042839
82.86999999999999,0,-0.00156055314674425
82.88999999999999,0,-0.0015606281430601
82.91,0,-0.00156070313937596
82.92999999999999,0,-0.00156077813569183
82.94999999999999,0,-0.0015608531320077
82.97,0,-0.00156092812832358
82.99,0,-0.00156100312463946
83.00999999999999,0,-0.00156107812095535
83.02999999999999,0,-0.00156115311727124
83.05,0,-0.00156122811358714
83.07,0,-0.00156130310990304
83.08999999999999,0,-0.00156137810621895
83.11,0,-0.00156145310253486
83.13,0,-0.00156152809885078
83.14999999999999,0,-0.0015616030951667
83.16999999999999,0,-0.00156167809148263
83.19,0,-0.00156175308779856
83.21,0,-0.0015618280841145
83.22999999999999,0,-0.00156190308043044
83.24999999999999,0,-0.00156197807674639
83.27,0,-0.00156205307306234
83.28999999999999,0,-0.0015621280693783
83.30999999999999,0,-0.00156220306569427
83.33,0,-0.00156227806201024
83.35,0,-0.00156235305832621
83.36999999999999,0,-0.00156242805464219
83.38999999999999,0,-0.00156250305095818
83.41,0,-0.00156257804727417
83.42999999999999,0,-0.00156265304359016
83.44999999999999,0,-0.00156272803990616
83.47,0,-0.00156280303622217
83.49,0,-0.00156287803253818
83.50999999999999,0,-0.00156295302885419
83.52999999999999,0,-0.00156302802517021
83.55,0,-0.00156310302148624
83.57,0,-0.00156317801780227
83.58999999999999,0,-0.0015632530141183
83.61,0,-0.00156332801043435
83.63,0,-0.00156340300675039
83.64999999999999,0,-0.00156347800306644
83.66999999999999,0,-0.0015635529993825
83.69,0,-0.00156362799569856
83.71,0,-0.00156370299201463
83.72999999999999,0,-0.0015637779883307
83.74999999999999,0,-0.00156385298464678
83.77,0,-0.00156392798096286
83.78999999999999,0,-0.00156400297727895
83.80999999999999,0,-0.00156407797359504
83.83,0,-0.00156415296991114
83.85,0,-0.00156422796622724
83.86999999999999,0,-0.00156430296254335
83.88999999999999,0,-0.00156437795885946
83.91,0,-0.00156445295517558
83.92999999999999,0,-0.0015645279514917
83.94999999999999,0,-0.00156460294780783
83.97,0,-0.00156467794412397
83.99,0,-0.00156475294044011
84.00999999999999,0,-0.00156482793675625
84.02999999999999,0,-0.0015649029330724
84.05,0,-0.00156497792938855
84.07,0,-0.00156505292570471
84.08999999999999,0,-0.00156512792202088
84.10999999999999,0,-0.00156520291833705
84.13,0,-0.00156527791465322
84.14999999999999,0,-0.0015653529109694
84.16999999999999,0,-0.00156542790728559
84.19,0,-0.00156550290360178
84.21,0,-0.00156557789991797
84.22999999999999,0,-0.00156565289623417
84.24999999999999,0,-0.00156572789255038
84.27,0,-0.00156580288886659
84.28999999999999,0,-0.00156587788518281
84.30999999999999,0,-0.00156595288149903
84.33,0,-0.00156602787781525
84.35,0,-0.00156610287413148
84.36999999999999,0,-0.00156617787044772
84.38999999999999,0,-0.00156625286676396
84.41,0,-0.00156632786308021
84.42999999999999,0,-0.00156640285939646
84.44999999999999,0,-0.00156647785571272
84.47,0,-0.00156655285202898
84.49,0,-0.00156662784834525
84.50999999999999,0,-0.00156670284466152
84.52999999999999,0,-0.0015667778409778
84.55,0,-0.00156685283729408
84.57,0,-0.00156692783361037
84.58999999999999,0,-0.00156700282992666
84.60999999999999,0,-0.00156707782624296
84.63,0,-0.00156715282255926
84.64999999999999,0,-0.00156722781887557
84.66999999999999,0,-0.00156730281519189
84.69,0,-0.0015673778115082
84.71,0,-0.00156745280782453
84.72999999999999,0,-0.00156752780414086
84.74999999999999,0,-0.00156760280045719
84.77,0,-0.00156767779677353
84.78999999999999,0,-0.00156775279308988
84.80999999999999,0,-0.00156782778940622
84.83,0,-0.00156790278572258
84.85,0,-0.00156797778203894
84.86999999999999,0,-0.0015680527783553
84.88999999999999,0,-0.00156812777467167
84.91,0,-0.00156820277098805
84.92999999999999,0,-0.00156827776730443
84.94999999999999,0,-0.00156835276362082
84.97,0,-0.00156842775993721
84.99,0,-0.0015685027562536
85.00999999999999,0,-0.00156857775257
85.02999999999999,0,-0.00156865274888641
85.05,0,-0.00156872774520282
85.07,0,-0.00156880274151924
85.08999999999999,0,-0.00156887773783566
85.10999999999999,0,-0.00156895273415209
85.13,0,-0.00156902773046852
85.14999999999999,0,-0.00156910272678495
85.16999999999999,0,-0.0015691777231014
85.19,0,-0.00156925271941784
85.21,0,-0.0015693277157343
85.22999999999999,0,-0.00156940271205075
85.24999999999999,0,-0.00156947770836722
85.27,0,-0.00156955270468368
85.28999999999999,0,-0.00156962770100016
85.30999999999999,0,-0.00156970269731664
85.33,0,-0.00156977769363312
85.35,0,-0.00156985268994961
85.36999999999999,0,-0.0015699276862661
85.38999999999999,0,-0.0015700026825826
85.41,0,-0.0015700776788991
85.42999999999999,0,-0.00157015267521561
85.44999999999999,0,-0.00157022767153213
85.47,0,-0.00157030266784865
85.49,0,-0.00157037766416517
85.50999999999999,0,-0.0015704526604817
85.52999999999999,0,-0.00157052765679823
85.55,0,-0.00157060265311477
85.57,0,-0.00157067764943132
85.58999999999999,0,-0.00157075264574787
85.60999999999999,0,-0.00157082764206442
85.63,0,-0.00157090263838098
85.64999999999999,0,-0.00157097763469755
85.66999999999999,0,-0.00157105263101412
85.69,0,-0.0015711276273307
85.71,0,-0.00157120262364728
85.72999999999999,0,-0.00157127761996386
85.74999999999999,0,-0.00157135261628045
85.77,0,-0.00157142761259705
85.78999999999999,0,-0.00157150260891365
85.80999999999999,0,-0.00157157760523026
85.83,0,-0.00157165260154687
85.85,0,-0.00157172759786349
85.86999999999999,0,-0.00157180259418011
85.88999999999999,0,-0.00157187759049674
85.91,0,-0.00157195258681337
85.92999999999999,0,-0.00157202758313001
85.94999999999999,0,-0.00157210257944665
85.97,0,-0.0015721775757633
85.99,0,-0.00157225257207995
86.00999999999999,0,-0.00157232756839661
86.02999999999999,0,-0.00157240256471327
86.05,0,-0.00157247756102994
86.07,0,-0.00157255255734661
86.08999999999999,0,-0.00157262755366329
86.10999999999999,0,-0.00157270254997997
86.13,0,-0.00157277754629666
86.14999999999999,0,-0.00157285254261336
86.16999999999999,0,-0.00157292753893006
86.19,0,-0.00157300253524676
86.21,0,-0.00157307753156347
86.22999999999999,0,-0.00157315252788018
86.24999999999999,0,-0.0015732275241969
86.27,0,-0.00157330252051363
86.28999999999999,0,-0.00157337751683036
86.30999999999999,0,-0.00157345251314709
86.33,0,-0.00157352750946383
86.35,0,-0.00157360250578058
86.36999999999999,0,-0.00157367750209733
86.38999999999999,0,-0.00157375249841409
86.41,0,-0.00157382749473085
86.42999999999999,0,-0.00157390249104761
86.44999999999999,0,-0.00157397748736438
86.47,0,-0.00157405248368116
86.49,0,-0.00157412747999794
86.50999999999999,0,-0.00157420247631473
86.52999999999999,0,-0.00157427747263152
86.55,0,-0.00157435246894832
86.57,0,-0.00157442746526512
86.58999999999999,0,-0.00157450246158192
86.60999999999999,0,-0.00157457745789874
86.63,0,-0.00157465245421555
86.64999999999999,0,-0.00157472745053238
86.66999999999999,0,-0.0015748024468492
86.69,0,-0.00157487744316604
86.71,0,-0.00157495243948288
86.72999999999999,0,-0.00157502743579972
86.74999999999999,0,-0.00157510243211657
86.77,0,-0.00157517742843342
86.78999999999999,0,-0.00157525242475028
86.80999999999999,0,-0.00157532742106714
86.83,0,-0.00157540241738401
86.85,0,-0.00157547741370088
86.86999999999999,0,-0.00157555241001776
86.88999999999999,0,-0.00157562740633465
86.91,0,-0.00157570240265154
86.92999999999999,0,-0.00157577739896843
86.94999999999999,0,-0.00157585239528533
86.97,0,-0.00157592739160224
86.99,0,-0.00157600238791915
87.00999999999999,0,-0.00157607738423606
87.02999999999999,0,-0.00157615238055298
87.05,0,-0.00157622737686991
87.07,0,-0.00157630237318684
87.08999999999999,0,-0.00157637736950377
87.10999999999999,0,-0.00157645236582071
87.13,0,-0.00157652736213766
87.14999999999999,0,-0.00157660235845461
87.16999999999999,0,-0.00157667735477156
87.19,0,-0.00157675235108853
87.21,0,-0.00157682734740549
87.22999999999999,0,-0.00157690234372246
87.24999999999999,0,-0.00157697734003944
87.27,0,-0.00157705233635642
87.28999999999999,0,-0.00157712733267341
87.30999999999999,0,-0.0015772023289904
87.33,0,-0.0015772773253074
87.35,0,-0.0015773523216244
87.36999999999999,0,-0.00157742731794141
87.38999999999999,0,-0.00157750231425842
87.41,0,-0.00157757731057544
87.42999999999999,0,-0.00157765230689246
87.44999999999999,0,-0.00157772730320949
87.47,0,-0.00157780229952652
87.49,0,-0.00157787729584356
87.50999999999999,0,-0.0015779522921606
87.52999999999999,0,-0.00157802728847765
87.55,0,-0.00157810228479471
87.57,0,-0.00157817728111177
87.58999999999999,0,-0.00157825227742883
87.60999999999999,0,-0.0015783272737459
87.63,0,-0.00157840227006297
87.64999999999999,0,-0.00157847726638005
87.66999999999999,0,-0.00157855226269714
87.69,0,-0.00157862725901423
87.71,0,-0.00157870225533132
87.72999999999999,0,-0.00157877725164842
87.74999999999999,0,-0.00157885224796553
87.77,0,-0.00157892724428264
87.78999999999999,0,-0.00157900224059975
87.80999999999999,0,-0.00157907723691687
87.83,0,-0.001579152233234
87.85,0,-0.00157922722955113
87.86999999999999,0,-0.00157930222586827
87.88999999999999,0,-0.00157937722218541
87.91,0,-0.00157945221850255
87.92999999999999,0,-0.0015795272148197
87.94999999999999,0,-0.00157960221113686
87.96999999999998,0,-0.00157967720745402
87.99,0,-0.00157975220377119
88.00999999999999,0,-0.00157982720008836
88.02999999999999,0,-0.00157990219640554
88.05,0,-0.00157997719272272
88.07,0,-0.00158005218903991
88.08999999999999,0,-0.0015801271853571
88.10999999999999,0,-0.0015802021816743
88.13,0,-0.0015802771779915
88.14999999999999,0,-0.00158035217430871
88.16999999999999,0,-0.00158042717062592
88.19,0,-0.00158050216694314
88.21,0,-0.00158057716326036
88.22999999999999,0,-0.00158065215957759
88.24999999999999,0,-0.00158072715589482
88.27,0,-0.00158080215221206
88.28999999999999,0,-0.00158087714852931
88.30999999999999,0,-0.00158095214484656
88.33,0,-0.00158102714116381
88.35,0,-0.00158110213748107
88.36999999999999,0,-0.00158117713379833
88.38999999999999,0,-0.0015812521301156
88.41,0,-0.00158132712643288
88.42999999999999,0,-0.00158140212275016
88.44999999999999,0,-0.00158147711906744
88.46999999999998,0,-0.00158155211538473
88.49,0,-0.00158162711170203
88.50999999999999,0,-0.00158170210801933
88.52999999999999,0,-0.00158177710433663
88.55,0,-0.00158185210065394
88.57,0,-0.00158192709697126
88.58999999999999,0,-0.00158200209328858
88.60999999999999,0,-0.00158207708960591
88.63,0,-0.00158215208592324
88.64999999999999,0,-0.00158222708224058
88.66999999999999,0,-0.00158230207855792
88.69,0,-0.00158237707487526
88.71,0,-0.00158245207119262
88.72999999999999,0,-0.00158252706750997
88.74999999999999,0,-0.00158260206382733
88.77,0,-0.0015826770601447
88.78999999999999,0,-0.00158275205646207
88.80999999999999,0,-0.00158282705277945
88.83,0,-0.00158290204909683
88.85,0,-0.00158297704541422
88.86999999999999,0,-0.00158305204173161
88.88999999999999,0,-0.00158312703804901
88.91,0,-0.00158320203436642
88.92999999999999,0,-0.00158327703068382
88.94999999999999,0,-0.00158335202700124
88.96999999999998,0,-0.00158342702331866
88.99,0,-0.00158350201963608
89.00999999999999,0,-0.00158357701595351
89.02999999999999,0,-0.00158365201227094
89.05,0,-0.00158372700858838
89.07,0,-0.00158380200490583
89.08999999999999,0,-0.00158387700122328
89.10999999999999,0,-0.00158395199754073
89.13,0,-0.00158402699385819
89.14999999999999,0,-0.00158410199017565
89.16999999999999,0,-0.00158417698649312
89.19,0,-0.0015842519828106
89.21,0,-0.00158432697912808
89.22999999999999,0,-0.00158440197544556
89.24999999999999,0,-0.00158447697176306
89.27,0,-0.00158455196808055
89.28999999999999,0,-0.00158462696439805
89.30999999999999,0,-0.00158470196071556
89.33,0,-0.00158477695703307
89.35,0,-0.00158485195335058
89.36999999999999,0,-0.00158492694966811
89.38999999999999,0,-0.00158500194598563
89.41,0,-0.00158507694230316
89.42999999999999,0,-0.0015851519386207
89.44999999999999,0,-0.00158522693493824
89.46999999999998,0,-0.00158530193125579
89.49,0,-0.00158537692757334
89.50999999999999,0,-0.0015854519238909
89.52999999999999,0,-0.00158552692020846
89.55,0,-0.00158560191652603
89.57,0,-0.0015856769128436
89.58999999999999,0,-0.00158575190916118
89.60999999999999,0,-0.00158582690547876
89.63,0,-0.00158590190179635
89.64999999999999,0,-0.00158597689811394
89.66999999999999,0,-0.00158605189443154
89.69,0,-0.00158612689074915
89.71,0,-0.00158620188706676
89.72999999999999,0,-0.00158627688338437
89.74999999999999,0,-0.00158635187970199
89.77,0,-0.00158642687601961
89.78999999999999,0,-0.00158650187233724
89.80999999999999,0,-0.00158657686865488
89.83,0,-0.00158665186497252
89.85,0,-0.00158672686129016
89.86999999999999,0,-0.00158680185760781
89.88999999999999,0,-0.00158687685392546
89.91,0,-0.00158695185024312
89.92999999999999,0,-0.00158702684656079
89.94999999999999,0,-0.00158710184287846
89.96999999999998,0,-0.00158717683919614
89.99,0,-0.00158725183551382
90.00999999999999,0,-0.0015873268318315
90.02999999999999,0,-0.00158740182814919
90.05,0,-0.00158747682446689
90.07,0,-0.00158755182078459
90.08999999999999,0,-0.0015876268171023
90.10999999999999,0,-0.00158770181342001
90.13,0,-0.00158777680973772
90.14999999999999,0,-0.00158785180605545
90.16999999999999,0,-0.00158792680237317
90.19,0,-0.00158800179869091
90.21,0,-0.00158807679500864
90.22999999999999,0,-0.00158815179132638
90.24999999999999,0,-0.00158822678764413
90.27,0,-0.00158830178396188
90.28999999999999,0,-0.00158837678027964
90.30999999999999,0,-0.00158845177659741
90.33,0,-0.00158852677291517
90.35,0,-0.00158860176923295
90.36999999999999,0,-0.00158867676555072
90.38999999999999,0,-0.00158875176186851
90.41,0,-0.0015888267581863
90.42999999999999,0,-0.00158890175450409
90.44999999999999,0,-0.00158897675082189
90.46999999999998,0,-0.00158905174713969
90.49,0,-0.0015891267434575
90.50999999999999,0,-0.00158920173977532
90.52999999999999,0,-0.00158927673609314
90.55,0,-0.00158935173241096
90.57,0,-0.00158942672872879
90.58999999999999,0,-0.00158950172504662
90.60999999999999,0,-0.00158957672136446
90.63,0,-0.00158965171768231
90.64999999999999,0,-0.00158972671400016
90.66999999999999,0,-0.00158980171031801
90.69,0,-0.00158987670663588
90.71,0,-0.00158995170295374
90.72999999999999,0,-0.00159002669927161
90.74999999999999,0,-0.00159010169558949
90.77,0,-0.00159017669190737
90.78999999999999,0,-0.00159025168822525
90.80999999999999,0,-0.00159032668454315
90.83,0,-0.00159040168086104
90.85,0,-0.00159047667717894
90.86999999999999,0,-0.00159055167349685
90.88999999999999,0,-0.00159062666981476
90.91,0,-0.00159070166613268
90.92999999999999,0,-0.0015907766624506
90.94999999999999,0,-0.00159085165876853
90.96999999999998,0,-0.00159092665508646
90.99,0,-0.0015910016514044
91.00999999999999,0,-0.00159107664772234
91.02999999999999,0,-0.00159115164404029
91.05,0,-0.00159122664035824
91.07,0,-0.0015913016366762
91.08999999999999,0,-0.00159137663299416
91.10999999999999,0,-0.00159145162931213
91.13,0,-0.00159152662563011
91.14999999999999,0,-0.00159160162194808
91.16999999999999,0,-0.00159167661826607
91.19,0,-0.00159175161458406
91.21,0,-0.00159182661090205
91.22999999999999,0,-0.00159190160722005
91.24999999999999,0,-0.00159197660353805
91.27,0,-0.00159205159985606
91.28999999999999,0,-0.00159212659617408
91.30999999999999,0,-0.0015922015924921
91.32999999999998,0,-0.00159227658881012
91.35,0,-0.00159235158512815
91.36999999999999,0,-0.00159242658144619
91.38999999999999,0,-0.00159250157776423
91.41,0,-0.00159257657408227
91.42999999999999,0,-0.00159265157040032
91.44999999999999,0,-0.00159272656671838
91.46999999999998,0,-0.00159280156303644
91.49,0,-0.00159287655935451
91.50999999999999,0,-0.00159295155567258
91.52999999999999,0,-0.00159302655199065
91.55,0,-0.00159310154830874
91.57,0,-0.00159317654462682
91.58999999999999,0,-0.00159325154094491
91.60999999999999,0,-0.00159332653726301
91.63,0,-0.00159340153358111
91.64999999999999,0,-0.00159347652989922
91.66999999999999,0,-0.00159355152621733
91.69,0,-0.00159362652253545
91.71,0,-0.00159370151885357
91.72999999999999,0,-0.0015937765151717
91.74999999999999,0,-0.00159385151148983
91.77,0,-0.00159392650780797
91.78999999999999,0,-0.00159400150412611
91.80999999999999,0,-0.00159407650044426
91.82999999999998,0,-0.00159415149676241
91.85,0,-0.00159422649308057
91.86999999999999,0,-0.00159430148939874
91.88999999999999,0,-0.0015943764857169
91.91,0,-0.00159445148203508
91.92999999999999,0,-0.00159452647835326
91.94999999999999,0,-0.00159460147467144
91.96999999999998,0,-0.00159467647098963
91.99,0,-0.00159475146730783
92.00999999999999,0,-0.00159482646362602
92.02999999999999,0,-0.00159490145994423
92.05,0,-0.00159497645626244
92.07,0,-0.00159505145258065
92.08999999999999,0,-0.00159512644889887
92.10999999999999,0,-0.0015952014452171
92.13,0,-0.00159527644153533
92.14999999999999,0,-0.00159535143785357
92.16999999999999,0,-0.00159542643417181
92.19,0,-0.00159550143049005
92.21,0,-0.0015955764268083
92.22999999999999,0,-0.00159565142312656
92.24999999999999,0,-0.00159572641944482
92.27,0,-0.00159580141576309
92.28999999999999,0,-0.00159587641208136
92.30999999999999,0,-0.00159595140839963
92.32999999999998,0,-0.00159602640471792
92.35,0,-0.0015961014010362
92.36999999999999,0,-0.00159617639735449
92.38999999999999,0,-0.00159625139367279
92.41,0,-0.00159632638999109
92.42999999999999,0,-0.0015964013863094
92.44999999999999,0,-0.00159647638262771
92.46999999999998,0,-0.00159655137894603
92.49,0,-0.00159662637526435
92.50999999999999,0,-0.00159670137158268
92.52999999999999,0,-0.00159677636790102
92.55,0,-0.00159685136421935
92.57,0,-0.0015969263605377
92.58999999999999,0,-0.00159700135685605
92.60999999999999,0,-0.0015970763531744
92.63,0,-0.00159715134949276
92.64999999999999,0,-0.00159722634581112
92.66999999999999,0,-0.00159730134212949
92.69,0,-0.00159737633844787
92.71,0,-0.00159745133476624
92.72999999999999,0,-0.00159752633108463
92.74999999999999,0,-0.00159760132740302
92.77,0,-0.00159767632372141
92.78999999999999,0,-0.00159775132003981
92.80999999999999,0,-0.00159782631635822
92.82999999999998,0,-0.00159790131267663
92.85,0,-0.00159797630899504
92.86999999999999,0,-0.00159805130531346
92.88999999999999,0,-0.00159812630163189
92.91,0,-0.00159820129795032
92.92999999999999,0,-0.00159827629426876
92.94999999999999,0,-0.0015983512905872
92.96999999999998,0,-0.00159842628690564
92.99,0,-0.0015985012832241
93.00999999999999,0,-0.00159857627954255
93.02999999999999,0,-0.00159865127586101
93.05,0,-0.00159872627217948
93.07,0,-0.00159880126849795
93.08999999999999,0,-0.00159887626481643
93.10999999999999,0,-0.00159895126113491
93.13,0,-0.0015990262574534
93.14999999999999,0,-0.00159910125377189
93.16999999999999,0,-0.00159917625009039
93.19,0,-0.00159925124640889
93.21,0,-0.0015993262427274
93.22999999999999,0,-0.00159940123904591
93.24999999999999,0,-0.00159947623536443
93.27,0,-0.00159955123168295
93.28999999999999,0,-0.00159962622800148
93.30999999999999,0,-0.00159970122432001
93.32999999999998,0,-0.00159977622063855
93.35,0,-0.0015998512169571
93.36999999999999,0,-0.00159992621327565
93.38999999999999,0,-0.0016000012095942
93.41,0,-0.00160007620591276
93.42999999999999,0,-0.00160015120223132
93.44999999999999,0,-0.00160022619854989
93.46999999999998,0,-0.00160030119486847
93.49,0,-0.00160037619118705
93.50999999999999,0,-0.00160045118750563
93.52999999999999,0,-0.00160052618382422
93.55,0,-0.00160060118014282
93.57,0,-0.00160067617646142
93.58999999999999,0,-0.00160075117278002
93.60999999999999,0,-0.00160082616909863
93.63,0,-0.00160090116541725
93.64999999999999,0,-0.00160097616173587
93.66999999999999,0,-0.00160105115805449
93.69,0,-0.00160112615437313
93.71,0,-0.00160120115069176
93.72999999999999,0,-0.0016012761470104
93.74999999999999,0,-0.00160135114332905
93.77,0,-0.0016014261396477
93.78999999999999,0,-0.00160150113596636
93.80999999999999,0,-0.00160157613228502
93.82999999999998,0,-0.00160165112860369
93.85,0,-0.00160172612492236
93.86999999999999,0,-0.00160180112124104
93.88999999999999,0,-0.00160187611755972
93.91,0,-0.00160195111387841
93.92999999999999,0,-0.0016020261101971
93.94999999999999,0,-0.0016021011065158
93.96999999999998,0,-0.0016021761028345
93.99,0,-0.00160225109915321
94.00999999999999,0,-0.00160232609547192
94.02999999999999,0,-0.00160240109179064
94.05,0,-0.00160247608810936
94.07,0,-0.00160255108442809
94.08999999999999,0,-0.00160262608074683
94.10999999999999,0,-0.00160270107706556
94.13,0,-0.00160277607338431
94.14999999999999,0,-0.00160285106970306
94.16999999999999,0,-0.00160292606602181
94.19,0,-0.00160300106234057
94.21,0,-0.00160307605865934
94.22999999999999,0,-0.00160315105497811
94.24999999999999,0,-0.00160322605129688
94.27,0,-0.00160330104761566
94.28999999999999,0,-0.00160337604393445
94.30999999999999,0,-0.00160345104025324
94.32999999999998,0,-0.00160352603657203
94.35,0,-0.00160360103289083
94.36999999999999,0,-0.00160367602920964
94.38999999999999,0,-0.00160375102552845
94.41,0,-0.00160382602184726
94.42999999999999,0,-0.00160390101816609
94.44999999999999,0,-0.00160397601448491
94.46999999999998,0,-0.00160405101080374
94.49,0,-0.00160412600712258
94.50999999999999,0,-0.00160420100344142
94.52999999999999,0,-0.00160427599976027
94.55,0,-0.00160435099607912
94.57,0,-0.00160442599239798
94.58999999999999,0,-0.00160450098871684
94.60999999999999,0,-0.00160457598503571
94.63,0,-0.00160465098135458
94.64999999999999,0,-0.00160472597767346
94.66999999999999,0,-0.00160480097399234
94.69,0,-0.00160487597031123
94.71,0,-0.00160495096663012
94.72999999999999,0,-0.00160502596294902
94.74999999999999,0,-0.00160510095926792
94.77,0,-0.00160517595558683
94.78999999999999,0,-0.00160525095190574
94.80999999999999,0,-0.00160532594822466
94.82999999999998,0,-0.00160540094454359
94.85,0,-0.00160547594086252
94.86999999999999,0,-0.00160555093718145
94.88999999999999,0,-0.00160562593350039
94.91,0,-0.00160570092981933
94.92999999999999,0,-0.00160577592613828
94.94999999999999,0,-0.00160585092245724
94.96999999999998,0,-0.0016059259187762
94.99,0,-0.00160600091509516
95.00999999999999,0,-0.00160607591141413
95.02999999999999,0,-0.00160615090773311
95.05,0,-0.00160622590405209
95.07,0,-0.00160630090037107
95.08999999999999,0,-0.00160637589669006
95.10999999999999,0,-0.00160645089300906
95.13,0,-0.00160652588932806
95.14999999999999,0,-0.00160660088564707
95.16999999999999,0,-0.00160667588196608
95.18999999999998,0,-0.00160675087828509
95.21,0,-0.00160682587460412
95.22999999999999,0,-0.00160690087092314
95.24999999999999,0,-0.00160697586724217
95.27,0,-0.00160705086356121
95.28999999999999,0,-0.00160712585988025
95.30999999999999,0,-0.0016072008561993
95.32999999999998,0,-0.00160727585251835
95.35,0,-0.00160735084883741
95.36999999999999,0,-0.00160742584515647
95.38999999999999,0,-0.00160750084147554
95.41,0,-0.00160757583779461
95.42999999999999,0,-0.00160765083411369
95.44999999999999,0,-0.00160772583043277
95.46999999999998,0,-0.00160780082675186
95.49,0,-0.00160787582307095
95.50999999999999,0,-0.00160795081939005
95.52999999999999,0,-0.00160802581570916
95.55,0,-0.00160810081202827
95.57,0,-0.00160817580834738
95.58999999999999,0,-0.0016082508046665
95.60999999999999,0,-0.00160832580098562
95.63,0,-0.00160840079730475
95.64999999999999,0,-0.00160847579362389
95.66999999999999,0,-0.00160855078994303
95.68999999999998,0,-0.00160862578626217
95.71,0,-0.00160870078258132
95.72999999999999,0,-0.00160877577890048
95.74999999999999,0,-0.00160885077521964
95.77,0,-0.0016089257715388
95.78999999999999,0,-0.00160900076785797
95.80999999999999,0,-0.00160907576417715
95.82999999999998,0,-0.00160915076049633
95.85,0,-0.00160922575681551
95.86999999999999,0,-0.0016093007531347
95.88999999999999,0,-0.0016093757494539
95.91,0,-0.0016094507457731
95.92999999999999,0,-0.00160952574209231
95.94999999999999,0,-0.00160960073841152
95.96999999999998,0,-0.00160967573473074
95.99,0,-0.00160975073104996
96.00999999999999,0,-0.00160982572736918
96.02999999999999,0,-0.00160990072368842
96.05,0,-0.00160997572000765
96.07,0,-0.0016100507163269
96.08999999999999,0,-0.00161012571264614
96.10999999999999,0,-0.0016102007089654
96.13,0,-0.00161027570528465
96.14999999999999,0,-0.00161035070160392
96.16999999999999,0,-0.00161042569792318
96.18999999999998,0,-0.00161050069424246
96.21,0,-0.00161057569056174
96.22999999999999,0,-0.00161065068688102
96.24999999999999,0,-0.00161072568320031
96.27,0,-0.0016108006795196
96.28999999999999,0,-0.0016108756758389
96.30999999999999,0,-0.0016109506721582
96.32999999999998,0,-0.00161102566847751
96.35,0,-0.00161110066479683
96.36999999999999,0,-0.00161117566111615
96.38999999999999,0,-0.00161125065743547
96.41,0,-0.0016113256537548
96.42999999999999,0,-0.00161140065007414
96.44999999999999,0,-0.00161147564639347
96.46999999999998,0,-0.00161155064271282
96.49,0,-0.00161162563903217
96.50999999999999,0,-0.00161170063535153
96.52999999999999,0,-0.00161177563167089
96.55,0,-0.00161185062799025
96.57,0,-0.00161192562430962
96.58999999999999,0,-0.001612000620629
96.60999999999999,0,-0.00161207561694838
96.63,0,-0.00161215061326776
96.64999999999999,0,-0.00161222560958716
96.66999999999999,0,-0.00161230060590655
96.68999999999998,0,-0.00161237560222595
96.71,0,-0.00161245059854536
96.72999999999999,0,-0.00161252559486477
96.74999999999999,0,-0.00161260059118419
96.77,0,-0.00161267558750361
96.78999999999999,0,-0.00161275058382304
96.80999999999999,0,-0.00161282558014247
96.82999999999998,0,-0.00161290057646191
96.85,0,-0.00161297557278135
96.86999999999999,0,-0.0016130505691008
96.88999999999999,0,-0.00161312556542025
96.91,0,-0.00161320056173971
96.92999999999999,0,-0.00161327555805917
96.94999999999999,0,-0.00161335055437864
96.96999999999998,0,-0.00161342555069811
96.99,0,-0.00161350054701759
97.00999999999999,0,-0.00161357554333708
97.02999999999999,0,-0.00161365053965657
97.05,0,-0.00161372553597606
97.07,0,-0.00161380053229556
97.08999999999999,0,-0.00161387552861506
97.10999999999999,0,-0.00161395052493457
97.13,0,-0.00161402552125409
97.14999999999999,0,-0.00161410051757361
97.16999999999999,0,-0.00161417551389313
97.18999999999998,0,-0.00161425051021266
97.21,0,-0.0016143255065322
97.22999999999999,0,-0.00161440050285174
97.24999999999999,0,-0.00161447549917128
97.27,0,-0.00161455049549083
97.28999999999999,0,-0.00161462549181039
97.30999999999999,0,-0.00161470048812995
97.32999999999998,0,-0.00161477548444951
97.35,0,-0.00161485048076908
97.36999999999999,0,-0.00161492547708866
97.38999999999999,0,-0.00161500047340824
97.41,0,-0.00161507546972783
97.42999999999999,0,-0.00161515046604742
97.44999999999999,0,-0.00161522546236702
97.46999999999998,0,-0.00161530045868662
97.49,0,-0.00161537545500622
97.50999999999999,0,-0.00161545045132584
97.52999999999999,0,-0.00161552544764545
97.55,0,-0.00161560044396508
97.57,0,-0.0016156754402847
97.58999999999999,0,-0.00161575043660434
97.60999999999999,0,-0.00161582543292397
97.63,0,-0.00161590042924362
97.64999999999999,0,-0.00161597542556327
97.66999999999999,0,-0.00161605042188292
97.68999999999998,0,-0.00161612541820258
97.71,0,-0.00161620041452224
97.72999999999999,0,-0.00161627541084191
97.74999999999999,0,-0.00161635040716158
97.77,0,-0.00161642540348126
97.78999999999999,0,-0.00161650039980094
97.80999999999999,0,-0.00161657539612063
97.82999999999998,0,-0.00161665039244033
97.85,0,-0.00161672538876003
97.86999999999999,0,-0.00161680038507973
97.88999999999999,0,-0.00161687538139944
97.91,0,-0.00161695037771916
97.92999999999999,0,-0.00161702537403888
97.94999999999999,0,-0.0016171003703586
97.96999999999998,0,-0.00161717536667833
97.99,0,-0.00161725036299807
98.00999999999999,0,-0.00161732535931781
98.02999999999999,0,-0.00161740035563755
98.05,0,-0.0016174753519573
98.07,0,-0.00161755034827706
98.08999999999999,0,-0.00161762534459682
98.10999999999999,0,-0.00161770034091659
98.13,0,-0.00161777533723636
98.14999999999999,0,-0.00161785033355613
98.16999999999999,0,-0.00161792532987592
98.18999999999998,0,-0.0016180003261957
98.21,0,-0.00161807532251549
98.22999999999999,0,-0.00161815031883529
98.24999999999999,0,-0.00161822531515509
98.27,0,-0.0016183003114749
98.28999999999999,0,-0.00161837530779471
98.30999999999999,0,-0.00161845030411453
98.32999999999998,0,-0.00161852530043435
98.35,0,-0.00161860029675418
98.36999999999999,0,-0.00161867529307401
98.38999999999999,0,-0.00161875028939385
98.41,0,-0.00161882528571369
98.42999999999999,0,-0.00161890028203354
98.44999999999999,0,-0.0016189752783534
98.46999999999998,0,-0.00161905027467325
98.49,0,-0.00161912527099312
98.50999999999999,0,-0.00161920026731299
98.52999999999999,0,-0.00161927526363286
98.55,0,-0.00161935025995274
98.57,0,-0.00161942525627262
98.58999999999999,0,-0.00161950025259251
98.60999999999999,0,-0.00161957524891241
98.63,0,-0.00161965024523231
98.64999999999999,0,-0.00161972524155221
98.66999999999999,0,-0.00161980023787212
98.68999999999998,0,-0.00161987523419204
98.71,0,-0.00161995023051196
98.72999999999999,0,-0.00162002522683188
98.74999999999999,0,-0.00162010022315181
98.77,0,-0.00162017521947175
98.78999999999999,0,-0.00162025021579169
98.80999999999999,0,-0.00162032521211164
98.82999999999998,0,-0.00162040020843159
98.85,0,-0.00162047520475154
98.86999999999999,0,-0.0016205502010715
98.88999999999999,0,-0.00162062519739147
98.91,0,-0.00162070019371144
98.92999999999999,0,-0.00162077519003142
98.94999999999999,0,-0.0016208501863514
98.96999999999998,0,-0.00162092518267139
98.99,0,-0.00162100017899138
99.00999999999999,0,-0.00162107517531138
99.02999999999999,0,-0.00162115017163138
99.04999999999998,0,-0.00162122516795139
99.07,0,-0.0016213001642714
99.08999999999999,0,-0.00162137516059142
99.10999999999999,0,-0.00162145015691144
99.13,0,-0.00162152515323147
99.14999999999999,0,-0.0016216001495515
99.16999999999999,0,-0.00162167514587154
99.18999999999998,0,-0.00162175014219158
99.21,0,-0.00162182513851163
99.22999999999999,0,-0.00162190013483168
99.24999999999999,0,-0.00162197513115174
99.27,0,-0.00162205012747181
99.28999999999999,0,-0.00162212512379188
99.30999999999999,0,-0.00162220012011195
99.32999999999998,0,-0.00162227511643203
99.35,0,-0.00162235011275211
99.36999999999999,0,-0.0016224251090722
99.38999999999999,0,-0.0016225001053923
99.41,0,-0.0016225751017124
99.42999999999999,0,-0.0016226500980325
99.44999999999999,0,-0.00162272509435261
99.46999999999998,0,-0.00162280009067273
99.49,0,-0.00162287508699285
99.50999999999999,0,-0.00162295008331297
99.52999999999999,0,-0.00162302507963311
99.54999999999998,0,-0.00162310007595324
99.57,0,-0.00162317507227338
99.58999999999999,0,-0.00162325006859353
99.60999999999999,0,-0.00162332506491368
99.63,0,-0.00162340006123384
99.64999999999999,0,-0.001623475057554
99.66999999999999,0,-0.00162355005387416
99.68999999999998,0,-0.00162362505019434
99.71,0,-0.00162370004651451
99.72999999999999,0,-0.00162377504283469
99.74999999999999,0,-0.00162385003915488
99.77,0,-0.00162392503547507
99.78999999999999,0,-0.00162400003179527
99.80999999999999,0,-0.00162407502811547
99.82999999999998,0,-0.00162415002443568
99.85,0,-0.00162422502075589
99.86999999999999,0,-0.00162430001707611
99.88999999999999,0,-0.00162437501339634
99.91,0,-0.00162445000971656
99.92999999999999,0,-0.0016245250060368
99.94999999999999,0,-0.00162460000235704
99.96999999999998,0,-0.00162467499867728
99.99,0,-0.00162474999499753
