t*,z*,uz
0.01,0,-0.000844764351553389
0.03,0,-0.000931204916677396
0.049999999999999996,0,-0.000990446163718385
0.06999999999999999,0,-0.00103729118989359
0.08999999999999998,0,-0.00107544433242626
0.10999999999999997,0,-0.00110671232737207
0.12999999999999998,0,-0.00113237077383394
0.15,0,-0.0011534316677344
0.16999999999999998,0,-0.00117071978456761
0.18999999999999997,0,-0.0011849111514914
0.20999999999999996,0,-0.00119656052793982
0.22999999999999998,0,-0.0012061232697908
0.24999999999999997,0,-0.00121397315956838
0.26999999999999996,0,-0.00122041702282926
0.29,0,-0.00122570672293513
0.30999999999999994,0,-0.00123004900661709
0.32999999999999996,0,-0.00123361358579509
0.35,0,-0.00123653977167454
0.36999999999999994,0,-0.00123894192046583
0.38999999999999996,0,-0.00124091390360468
0.4099999999999999,0,-0.00124253277721615
0.42999999999999994,0,-0.00124386179426275
0.44999999999999996,0,-0.00124495287712273
0.4699999999999999,0,-0.00124584864725211
0.48999999999999994,0,-0.00124658409127081
0.5099999999999999,0,-0.00124718792860069
0.5299999999999999,0,-0.0012476837341167
0.5499999999999999,0,-0.00124809085969622
0.57,0,-0.00124842519069002
0.59,0,-0.0012486997668856
0.6099999999999999,0,-0.00124892529223661
0.6299999999999999,0,-0.00124911055328374
0.6499999999999999,0,-0.00124926276262339
0.6699999999999999,0,-0.00124938784085032
0.69,0,-0.00124949064799555
0.7099999999999999,0,-0.0012495751735065
0.7299999999999999,0,-0.00124964469219577
0.7499999999999999,0,-0.00124970189225457
0.7699999999999999,0,-0.00124974898033499
0.7899999999999999,0,-0.00124978776780867
0.8099999999999998,0,-0.00124981974157396
0.8299999999999998,0,-0.00124984612217916
0.8499999999999999,0,-0.00124986791153423
0.8699999999999999,0,-0.00124988593207569
0.8899999999999999,0,-0.00124990085891595
0.9099999999999999,0,-0.00124991324623368
0.9299999999999998,0,-0.0012499235489368
0.9499999999999998,0,-0.00124993214044501
0.9699999999999999,0,-0.00124993932728684
0.9899999999999999,0,-0.00124994536108198
1.0099999999999998,0,-0.00124995044837717
1.0299999999999998,0,-0.00124995475872016
1.0499999999999998,0,-0.00124995843128738
1.0699999999999998,0,-0.00124996158032444
1.0899999999999999,0,-0.00124996429961196
1.1099999999999999,0,-0.00124996666613152
1.13,0,-0.00124996874307491
1.15,0,-0.00124997058231427
1.17,0,-0.00124997222642984
1.1899999999999997,0,-0.00124997371037438
1.2099999999999997,0,-0.00124997506283954
1.2299999999999998,0,-0.00124997630737739
1.2499999999999998,0,-0.00124997746332109
1.2699999999999998,0,-0.00124997854654062
1.2899999999999998,0,-0.00124997957006315
1.3099999999999998,0,-0.00124998054458229
1.3299999999999998,0,-0.00124998147887607
1.3499999999999999,0,-0.00124998238015012
1.3699999999999999,0,-0.0012499832543193
1.39,0,-0.00124998410623894
1.4099999999999997,0,-0.00124998493989463
1.4299999999999997,0,-0.00124998575855801
1.4499999999999997,0,-0.00124998656491468
1.4699999999999998,0,-0.00124998736116916
1.4899999999999998,0,-0.00124998814913106
1.5099999999999998,0,-0.00124998893028584
1.5299999999999998,0,-0.00124998970585287
1.5499999999999998,0,-0.00124999047683309
1.5699999999999998,0,-0.00124999124404814
1.5899999999999999,0,-0.00124999200817249
1.6099999999999997,0,-0.00124999276975977
1.6299999999999997,0,-0.00124999352926445
1.6499999999999997,0,-0.00124999428705959
1.6699999999999997,0,-0.00124999504345142
1.6899999999999997,0,-0.00124999579869133
1.7099999999999997,0,-0.00124999655298564
1.7299999999999998,0,-0.00124999730650376
1.7499999999999998,0,-0.00124999805938472
1.7699999999999998,0,-0.00124999881174266
1.7899999999999998,0,-0.00124999956367126
1.8099999999999998,0,-0.00125000031524743
1.8299999999999996,0,-0.00125000106653431
1.8499999999999996,0,-0.00125000181758371
1.8699999999999997,0,-0.00125000256843818
1.8899999999999997,0,-0.00125000331913264
1.9099999999999997,0,-0.00125000406969574
1.9299999999999997,0,-0.00125000482015102
1.9499999999999997,0,-0.00125000557051779
1.9699999999999998,0,-0.0012500063208119
1.9899999999999998,0,-0.00125000707104638
2.01,0,-0.0012500078212319
2.0299999999999994,0,-0.00125000857137723
2.0499999999999994,0,-0.00125000932148958
2.0699999999999994,0,-0.00125001007157485
2.0899999999999994,0,-0.00125001082163789
2.1099999999999994,0,-0.00125001157168268
2.1299999999999994,0,-0.0012500123217125
2.1499999999999995,0,-0.00125001307173002
2.1699999999999995,0,-0.00125001382173745
2.1899999999999995,0,-0.00125001457173659
2.2099999999999995,0,-0.00125001532172893
2.2299999999999995,0,-0.00125001607171569
2.2499999999999996,0,-0.00125001682169787
2.2699999999999996,0,-0.00125001757167629
2.2899999999999996,0,-0.00125001832165162
2.3099999999999996,0,-0.00125001907162441
2.3299999999999996,0,-0.00125001982159513
2.3499999999999996,0,-0.00125002057156414
2.369999999999999,0,-0.00125002132153174
2.3899999999999992,0,-0.00125002207149819
2.4099999999999993,0,-0.0012500228214637
2.4299999999999993,0,-0.00125002357142844
2.4499999999999993,0,-0.00125002432139253
2.4699999999999993,0,-0.00125002507135611
2.4899999999999993,0,-0.00125002582131925
2.5099999999999993,0,-0.00125002657128205
2.5299999999999994,0,-0.00125002732124455
2.5499999999999994,0,-0.00125002807120682
2.5699999999999994,0,-0.00125002882116889
2.5899999999999994,0,-0.0012500295711308
2.6099999999999994,0,-0.00125003032109258
2.6299999999999994,0,-0.00125003107105426
2.6499999999999995,0,-0.00125003182101584
2.6699999999999995,0,-0.00125003257097735
2.6899999999999995,0,-0.00125003332093881
2.7099999999999995,0,-0.00125003407090021
2.7299999999999995,0,-0.00125003482086158
2.7499999999999996,0,-0.00125003557082291
2.7699999999999996,0,-0.00125003632078421
2.789999999999999,0,-0.00125003707074549
2.809999999999999,0,-0.00125003782070676
2.829999999999999,0,-0.001250038570668
2.849999999999999,0,-0.00125003932062924
2.869999999999999,0,-0.00125004007059047
2.8899999999999992,0,-0.00125004082055168
2.9099999999999993,0,-0.0012500415705129
2.9299999999999993,0,-0.0012500423204741
2.9499999999999993,0,-0.0012500430704353
2.9699999999999993,0,-0.0012500438203965
2.9899999999999993,0,-0.00125004457035769
3.0099999999999993,0,-0.00125004532031888
3.0299999999999994,0,-0.00125004607028007
3.0499999999999994,0,-0.00125004682024126
3.0699999999999994,0,-0.00125004757020245
3.0899999999999994,0,-0.00125004832016363
3.1099999999999994,0,-0.00125004907012482
3.1299999999999994,0,-0.001250049820086
3.1499999999999995,0,-0.00125005057004718
3.1699999999999995,0,-0.00125005132000837
3.1899999999999995,0,-0.00125005206996955
3.209999999999999,0,-0.00125005281993073
3.229999999999999,0,-0.00125005356989191
3.249999999999999,0,-0.00125005431985309
3.269999999999999,0,-0.00125005506981427
3.289999999999999,0,-0.00125005581977545
3.309999999999999,0,-0.00125005656973663
3.329999999999999,0,-0.00125005731969781
3.349999999999999,0,-0.00125005806965899
3.369999999999999,0,-0.00125005881962018
3.3899999999999992,0,-0.00125005956958136
3.4099999999999993,0,-0.00125006031954254
3.4299999999999993,0,-0.00125006106950372
3.4499999999999993,0,-0.0012500618194649
3.4699999999999993,0,-0.00125006256942608
3.4899999999999993,0,-0.00125006331938726
3.5099999999999993,0,-0.00125006406934844
3.5299999999999994,0,-0.00125006481930962
3.5499999999999994,0,-0.0012500655692708
3.5699999999999994,0,-0.00125006631923198
3.5899999999999994,0,-0.00125006706919316
3.6099999999999994,0,-0.00125006781915434
3.6299999999999994,0,-0.00125006856911552
3.649999999999999,0,-0.0012500693190767
3.669999999999999,0,-0.00125007006903788
3.689999999999999,0,-0.00125007081899906
3.709999999999999,0,-0.00125007156896024
3.729999999999999,0,-0.00125007231892142
3.749999999999999,0,-0.0012500730688826
3.769999999999999,0,-0.00125007381884378
3.789999999999999,0,-0.00125007456880496
3.809999999999999,0,-0.00125007531876614
3.829999999999999,0,-0.00125007606872732
3.849999999999999,0,-0.0012500768186885
3.869999999999999,0,-0.00125007756864968
3.8899999999999992,0,-0.00125007831861086
3.9099999999999993,0,-0.00125007906857204
3.9299999999999993,0,-0.00125007981853322
3.9499999999999993,0,-0.0012500805684944
3.9699999999999993,0,-0.00125008131845558
3.9899999999999993,0,-0.00125008206841676
4.01,0,-0.00125008281837794
4.029999999999999,0,-0.00125008356833912
4.049999999999999,0,-0.0012500843183003
4.069999999999999,0,-0.00125008506826148
4.089999999999999,0,-0.00125008581822266
4.109999999999999,0,-0.00125008656818384
4.129999999999999,0,-0.00125008731814502
4.1499999999999995,0,-0.0012500880681062
4.169999999999999,0,-0.00125008881806738
4.1899999999999995,0,-0.00125008956802856
4.209999999999999,0,-0.00125009031798974
4.2299999999999995,0,-0.00125009106795092
4.249999999999999,0,-0.0012500918179121
4.27,0,-0.00125009256787328
4.289999999999999,0,-0.00125009331783446
4.309999999999999,0,-0.00125009406779564
4.329999999999999,0,-0.00125009481775682
4.349999999999999,0,-0.001250095567718
4.369999999999999,0,-0.00125009631767918
4.389999999999999,0,-0.00125009706764036
4.409999999999999,0,-0.00125009781760154
4.429999999999999,0,-0.00125009856756272
4.449999999999999,0,-0.0012500993175239
4.469999999999999,0,-0.00125010006748508
4.489999999999999,0,-0.00125010081744626
4.509999999999999,0,-0.00125010156740744
4.529999999999999,0,-0.00125010231736862
4.549999999999999,0,-0.0012501030673298
4.569999999999999,0,-0.00125010381729098
4.589999999999999,0,-0.00125010456725216
4.609999999999999,0,-0.00125010531721334
4.629999999999999,0,-0.00125010606717452
4.6499999999999995,0,-0.0012501068171357
4.669999999999999,0,-0.00125010756709688
4.6899999999999995,0,-0.00125010831705806
4.709999999999999,0,-0.00125010906701924
4.729999999999999,0,-0.00125010981698042
4.749999999999999,0,-0.0012501105669416
4.769999999999999,0,-0.00125011131690278
4.789999999999999,0,-0.00125011206686396
4.809999999999999,0,-0.00125011281682514
4.829999999999999,0,-0.00125011356678632
4.849999999999999,0,-0.0012501143167475
4.869999999999999,0,-0.00125011506670868
4.889999999999999,0,-0.00125011581666986
4.909999999999999,0,-0.00125011656663104
4.929999999999999,0,-0.00125011731659222
4.949999999999999,0,-0.0012501180665534
4.969999999999999,0,-0.00125011881651458
4.989999999999999,0,-0.00125011956647576
5.009999999999999,0,-0.00125012031643694
5.029999999999999,0,-0.00125012106639812
5.049999999999999,0,-0.0012501218163593
5.069999999999999,0,-0.00125012256632048
5.089999999999999,0,-0.00125012331628166
5.109999999999999,0,-0.00125012406624284
5.129999999999999,0,-0.00125012481620402
5.149999999999999,0,-0.0012501255661652
5.169999999999999,0,-0.00125012631612638
5.189999999999999,0,-0.00125012706608756
5.209999999999999,0,-0.00125012781604874
5.229999999999999,0,-0.00125012856600992
5.249999999999999,0,-0.0012501293159711
5.269999999999999,0,-0.00125013006593228
5.289999999999999,0,-0.00125013081589346
5.309999999999999,0,-0.00125013156585464
5.329999999999999,0,-0.00125013231581582
5.349999999999999,0,-0.001250133065777
5.369999999999999,0,-0.00125013381573818
5.389999999999999,0,-0.00125013456569936
5.409999999999999,0,-0.00125013531566054
5.429999999999999,0,-0.00125013606562172
5.449999999999999,0,-0.0012501368155829
5.469999999999999,0,-0.00125013756554408
5.489999999999999,0,-0.00125013831550526
5.509999999999999,0,-0.00125013906546644
5.529999999999999,0,-0.00125013981542762
5.549999999999999,0,-0.0012501405653888
5.5699999999999985,0,-0.00125014131534998
5.589999999999999,0,-0.00125014206531116
5.6099999999999985,0,-0.00125014281527234
5.629999999999999,0,-0.00125014356523352
5.649999999999999,0,-0.0012501443151947
5.669999999999999,0,-0.00125014506515588
5.689999999999999,0,-0.00125014581511706
5.709999999999999,0,-0.00125014656507824
5.729999999999999,0,-0.00125014731503942
5.749999999999999,0,-0.0012501480650006
5.769999999999999,0,-0.00125014881496178
5.789999999999999,0,-0.00125014956492296
5.809999999999999,0,-0.00125015031488414
5.829999999999999,0,-0.00125015106484532
5.849999999999999,0,-0.0012501518148065
5.869999999999999,0,-0.00125015256476768
5.889999999999999,0,-0.00125015331472886
5.909999999999999,0,-0.00125015406469004
5.929999999999999,0,-0.00125015481465122
5.949999999999999,0,-0.0012501555646124
5.969999999999999,0,-0.00125015631457358
5.989999999999998,0,-0.00125015706453476
6.009999999999999,0,-0.00125015781449594
6.0299999999999985,0,-0.00125015856445712
6.049999999999999,0,-0.0012501593144183
6.0699999999999985,0,-0.00125016006437948
6.089999999999999,0,-0.00125016081434066
6.1099999999999985,0,-0.00125016156430184
6.129999999999999,0,-0.00125016231426302
6.149999999999999,0,-0.0012501630642242
6.169999999999999,0,-0.00125016381418538
6.189999999999999,0,-0.00125016456414656
6.209999999999999,0,-0.00125016531410774
6.229999999999999,0,-0.00125016606406892
6.249999999999999,0,-0.0012501668140301
6.269999999999999,0,-0.00125016756399128
6.289999999999999,0,-0.00125016831395246
6.309999999999999,0,-0.00125016906391364
6.329999999999999,0,-0.00125016981387482
6.349999999999999,0,-0.001250170563836
6.369999999999999,0,-0.00125017131379718
6.389999999999999,0,-0.00125017206375836
6.409999999999998,0,-0.00125017281371954
6.429999999999999,0,-0.00125017356368072
6.449999999999998,0,-0.0012501743136419
6.469999999999999,0,-0.00125017506360308
6.489999999999998,0,-0.00125017581356426
6.509999999999999,0,-0.00125017656352544
6.5299999999999985,0,-0.00125017731348662
6.549999999999999,0,-0.0012501780634478
6.5699999999999985,0,-0.00125017881340898
6.589999999999999,0,-0.00125017956337016
6.6099999999999985,0,-0.00125018031333134
6.629999999999999,0,-0.00125018106329252
6.649999999999999,0,-0.0012501818132537
6.669999999999999,0,-0.00125018256321488
6.689999999999999,0,-0.00125018331317606
6.709999999999999,0,-0.00125018406313724
6.729999999999999,0,-0.00125018481309842
6.749999999999999,0,-0.0012501855630596
6.769999999999999,0,-0.00125018631302078
6.789999999999999,0,-0.00125018706298196
6.809999999999999,0,-0.00125018781294314
6.829999999999999,0,-0.00125018856290432
6.849999999999999,0,-0.0012501893128655
6.869999999999998,0,-0.00125019006282668
6.889999999999999,0,-0.00125019081278786
6.909999999999998,0,-0.00125019156274904
6.929999999999999,0,-0.00125019231271022
6.949999999999998,0,-0.0012501930626714
6.969999999999999,0,-0.00125019381263258
6.989999999999998,0,-0.00125019456259376
7.009999999999999,0,-0.00125019531255494
7.0299999999999985,0,-0.00125019606251612
7.049999999999999,0,-0.0012501968124773
7.0699999999999985,0,-0.00125019756243848
7.089999999999999,0,-0.00125019831239966
7.1099999999999985,0,-0.00125019906236084
7.129999999999999,0,-0.00125019981232202
7.149999999999999,0,-0.0012502005622832
7.169999999999999,0,-0.00125020131224438
7.189999999999999,0,-0.00125020206220556
7.209999999999999,0,-0.00125020281216674
7.229999999999999,0,-0.00125020356212792
7.249999999999999,0,-0.0012502043120891
7.269999999999999,0,-0.00125020506205028
7.289999999999998,0,-0.00125020581201146
7.309999999999999,0,-0.00125020656197264
7.329999999999998,0,-0.00125020731193382
7.349999999999999,0,-0.001250208061895
7.369999999999998,0,-0.00125020881185618
7.389999999999999,0,-0.00125020956181736
7.409999999999998,0,-0.00125021031177854
7.429999999999999,0,-0.00125021106173972
7.449999999999998,0,-0.0012502118117009
7.469999999999999,0,-0.00125021256166208
7.489999999999998,0,-0.00125021331162326
7.509999999999999,0,-0.00125021406158444
7.5299999999999985,0,-0.00125021481154562
7.549999999999999,0,-0.0012502155615068
7.5699999999999985,0,-0.00125021631146798
7.589999999999999,0,-0.00125021706142916
7.6099999999999985,0,-0.00125021781139034
7.629999999999999,0,-0.00125021856135152
7.649999999999999,0,-0.0012502193113127
7.669999999999999,0,-0.00125022006127388
7.689999999999999,0,-0.00125022081123506
7.709999999999998,0,-0.00125022156119624
7.729999999999999,0,-0.00125022231115742
7.749999999999998,0,-0.0012502230611186
7.769999999999999,0,-0.00125022381107978
7.789999999999998,0,-0.00125022456104096
7.809999999999999,0,-0.00125022531100214
7.829999999999998,0,-0.00125022606096332
7.849999999999999,0,-0.0012502268109245
7.869999999999998,0,-0.00125022756088568
7.889999999999999,0,-0.00125022831084686
7.909999999999998,0,-0.00125022906080804
7.929999999999999,0,-0.00125022981076922
7.949999999999998,0,-0.0012502305607304
7.969999999999999,0,-0.00125023131069158
7.989999999999998,0,-0.00125023206065276
8.01,0,-0.00125023281061394
8.03,0,-0.00125023356057512
8.049999999999999,0,-0.0012502343105363
8.069999999999999,0,-0.00125023506049748
8.089999999999998,0,-0.00125023581045866
8.11,0,-0.00125023656041984
8.129999999999999,0,-0.00125023731038102
8.149999999999999,0,-0.0012502380603422
8.169999999999998,0,-0.00125023881030338
8.189999999999998,0,-0.00125023956026456
8.209999999999999,0,-0.00125024031022574
8.229999999999999,0,-0.00125024106018692
8.249999999999998,0,-0.0012502418101481
8.269999999999998,0,-0.00125024256010928
8.29,0,-0.00125024331007046
8.309999999999999,0,-0.00125024406003164
8.329999999999998,0,-0.00125024480999282
8.349999999999998,0,-0.001250245559954
8.37,0,-0.00125024630991518
8.389999999999999,0,-0.00125024705987636
8.409999999999998,0,-0.00125024780983754
8.429999999999998,0,-0.00125024855979872
8.45,0,-0.0012502493097599
8.469999999999999,0,-0.00125025005972108
8.489999999999998,0,-0.00125025080968226
8.509999999999998,0,-0.00125025155964344
8.53,0,-0.00125025230960462
8.549999999999999,0,-0.0012502530595658
8.569999999999999,0,-0.00125025380952698
8.589999999999998,0,-0.00125025455948816
8.609999999999998,0,-0.00125025530944935
8.629999999999999,0,-0.00125025605941053
8.649999999999999,0,-0.00125025680937171
8.669999999999998,0,-0.00125025755933289
8.689999999999998,0,-0.00125025830929407
8.709999999999999,0,-0.00125025905925525
8.729999999999999,0,-0.00125025980921643
8.749999999999998,0,-0.00125026055917761
8.769999999999998,0,-0.00125026130913879
8.79,0,-0.00125026205909997
8.809999999999999,0,-0.00125026280906115
8.829999999999998,0,-0.00125026355902233
8.849999999999998,0,-0.00125026430898351
8.87,0,-0.00125026505894469
8.889999999999999,0,-0.00125026580890587
8.909999999999998,0,-0.00125026655886705
8.929999999999998,0,-0.00125026730882823
8.95,0,-0.00125026805878941
8.969999999999999,0,-0.00125026880875059
8.989999999999998,0,-0.00125026955871177
9.009999999999998,0,-0.00125027030867295
9.029999999999998,0,-0.00125027105863413
9.049999999999999,0,-0.00125027180859531
9.069999999999999,0,-0.00125027255855649
9.089999999999998,0,-0.00125027330851767
9.109999999999998,0,-0.00125027405847885
9.129999999999999,0,-0.00125027480844003
9.149999999999999,0,-0.00125027555840121
9.169999999999998,0,-0.00125027630836239
9.189999999999998,0,-0.00125027705832357
9.209999999999999,0,-0.00125027780828475
9.229999999999999,0,-0.00125027855824593
9.249999999999998,0,-0.00125027930820711
9.269999999999998,0,-0.00125028005816829
9.29,0,-0.00125028080812947
9.309999999999999,0,-0.00125028155809065
9.329999999999998,0,-0.00125028230805183
9.349999999999998,0,-0.00125028305801301
9.37,0,-0.00125028380797419
9.389999999999999,0,-0.00125028455793537
9.409999999999998,0,-0.00125028530789655
9.429999999999998,0,-0.00125028605785773
9.449999999999998,0,-0.00125028680781891
9.469999999999999,0,-0.00125028755778009
9.489999999999998,0,-0.00125028830774127
9.509999999999998,0,-0.00125028905770245
9.529999999999998,0,-0.00125028980766363
9.549999999999999,0,-0.00125029055762481
9.569999999999999,0,-0.00125029130758599
9.589999999999998,0,-0.00125029205754717
9.609999999999998,0,-0.00125029280750835
9.629999999999999,0,-0.00125029355746953
9.649999999999999,0,-0.00125029430743071
9.669999999999998,0,-0.00125029505739189
9.689999999999998,0,-0.00125029580735307
9.709999999999999,0,-0.00125029655731425
9.729999999999999,0,-0.00125029730727543
9.749999999999998,0,-0.00125029805723661
9.769999999999998,0,-0.00125029880719779
9.79,0,-0.00125029955715897
9.809999999999999,0,-0.00125030030712015
9.829999999999998,0,-0.00125030105708133
9.849999999999998,0,-0.00125030180704251
9.869999999999997,0,-0.00125030255700369
9.889999999999999,0,-0.00125030330696487
9.909999999999998,0,-0.00125030405692605
9.929999999999998,0,-0.00125030480688723
9.949999999999998,0,-0.00125030555684841
9.969999999999999,0,-0.00125030630680959
9.989999999999998,0,-0.00125030705677077
10.009999999999998,0,-0.00125030780673195
10.029999999999998,0,-0.00125030855669313
10.049999999999999,0,-0.00125030930665431
10.069999999999999,0,-0.00125031005661549
10.089999999999998,0,-0.00125031080657667
10.109999999999998,0,-0.00125031155653785
10.129999999999999,0,-0.00125031230649903
10.149999999999999,0,-0.00125031305646021
10.169999999999998,0,-0.00125031380642139
10.189999999999998,0,-0.00125031455638257
10.209999999999999,0,-0.00125031530634375
10.229999999999999,0,-0.00125031605630494
10.249999999999998,0,-0.00125031680626612
10.269999999999998,0,-0.0012503175562273
10.289999999999997,0,-0.00125031830618848
10.309999999999999,0,-0.00125031905614966
10.329999999999998,0,-0.00125031980611084
10.349999999999998,0,-0.00125032055607202
10.369999999999997,0,-0.0012503213060332
10.389999999999999,0,-0.00125032205599438
10.409999999999998,0,-0.00125032280595556
10.429999999999998,0,-0.00125032355591674
10.449999999999998,0,-0.00125032430587792
10.469999999999999,0,-0.0012503250558391
10.489999999999998,0,-0.00125032580580028
10.509999999999998,0,-0.00125032655576146
10.529999999999998,0,-0.00125032730572264
10.549999999999999,0,-0.00125032805568382
10.569999999999999,0,-0.001250328805645
10.589999999999998,0,-0.00125032955560618
10.609999999999998,0,-0.00125033030556736
10.629999999999999,0,-0.00125033105552854
10.649999999999999,0,-0.00125033180548972
10.669999999999998,0,-0.0012503325554509
10.689999999999998,0,-0.00125033330541208
10.709999999999997,0,-0.00125033405537326
10.729999999999999,0,-0.00125033480533444
10.749999999999998,0,-0.00125033555529562
10.769999999999998,0,-0.0012503363052568
10.789999999999997,0,-0.00125033705521798
10.809999999999999,0,-0.00125033780517916
10.829999999999998,0,-0.00125033855514034
10.849999999999998,0,-0.00125033930510152
10.869999999999997,0,-0.0012503400550627
10.889999999999999,0,-0.00125034080502388
10.909999999999998,0,-0.00125034155498506
10.929999999999998,0,-0.00125034230494624
10.949999999999998,0,-0.00125034305490742
10.969999999999999,0,-0.0012503438048686
10.989999999999998,0,-0.00125034455482978
11.009999999999998,0,-0.00125034530479096
11.029999999999998,0,-0.00125034605475214
11.049999999999999,0,-0.00125034680471332
11.069999999999999,0,-0.0012503475546745
11.089999999999998,0,-0.00125034830463568
11.109999999999998,0,-0.00125034905459686
11.129999999999997,0,-0.00125034980455804
11.149999999999999,0,-0.00125035055451922
11.169999999999998,0,-0.0012503513044804
11.189999999999998,0,-0.00125035205444158
11.209999999999997,0,-0.00125035280440276
11.229999999999999,0,-0.00125035355436394
11.249999999999998,0,-0.00125035430432512
11.269999999999998,0,-0.0012503550542863
11.289999999999997,0,-0.00125035580424748
11.309999999999999,0,-0.00125035655420866
11.329999999999998,0,-0.00125035730416984
11.349999999999998,0,-0.00125035805413102
11.369999999999997,0,-0.0012503588040922
11.389999999999999,0,-0.00125035955405338
11.409999999999998,0,-0.00125036030401456
11.429999999999998,0,-0.00125036105397574
11.449999999999998,0,-0.00125036180393693
11.469999999999999,0,-0.00125036255389811
11.489999999999998,0,-0.00125036330385929
11.509999999999998,0,-0.00125036405382047
11.529999999999998,0,-0.00125036480378165
11.549999999999997,0,-0.00125036555374283
11.569999999999999,0,-0.00125036630370401
11.589999999999998,0,-0.00125036705366519
11.609999999999998,0,-0.00125036780362637
11.629999999999997,0,-0.00125036855358755
11.649999999999999,0,-0.00125036930354873
11.669999999999998,0,-0.00125037005350991
11.689999999999998,0,-0.00125037080347109
11.709999999999997,0,-0.00125037155343227
11.729999999999999,0,-0.00125037230339345
11.749999999999998,0,-0.00125037305335463
11.769999999999998,0,-0.00125037380331581
11.789999999999997,0,-0.00125037455327699
11.809999999999999,0,-0.00125037530323817
11.829999999999998,0,-0.00125037605319935
11.849999999999998,0,-0.00125037680316053
11.869999999999997,0,-0.00125037755312171
11.889999999999999,0,-0.00125037830308289
11.909999999999998,0,-0.00125037905304407
11.929999999999998,0,-0.00125037980300525
11.949999999999998,0,-0.00125038055296643
11.969999999999997,0,-0.00125038130292761
11.989999999999998,0,-0.00125038205288879
12.009999999999998,0,-0.00125038280284997
12.029999999999998,0,-0.00125038355281115
12.049999999999997,0,-0.00125038430277233
12.069999999999999,0,-0.00125038505273351
12.089999999999998,0,-0.00125038580269469
12.109999999999998,0,-0.00125038655265587
12.129999999999997,0,-0.00125038730261705
12.149999999999999,0,-0.00125038805257823
12.169999999999998,0,-0.00125038880253941
12.189999999999998,0,-0.00125038955250059
12.209999999999997,0,-0.00125039030246177
12.229999999999999,0,-0.00125039105242295
12.249999999999998,0,-0.00125039180238413
12.269999999999998,0,-0.00125039255234531
12.289999999999997,0,-0.00125039330230649
12.309999999999999,0,-0.00125039405226767
12.329999999999998,0,-0.00125039480222885
12.349999999999998,0,-0.00125039555219003
12.369999999999997,0,-0.00125039630215121
12.389999999999997,0,-0.00125039705211239
12.409999999999998,0,-0.00125039780207357
12.429999999999998,0,-0.00125039855203475
12.449999999999998,0,-0.00125039930199593
12.469999999999997,0,-0.00125040005195711
12.489999999999998,0,-0.0012504008019183
12.509999999999998,0,-0.00125040155187948
12.529999999999998,0,-0.00125040230184066
12.549999999999997,0,-0.00125040305180184
12.569999999999999,0,-0.00125040380176302
12.589999999999998,0,-0.0012504045517242
12.609999999999998,0,-0.00125040530168538
12.629999999999997,0,-0.00125040605164656
12.649999999999999,0,-0.00125040680160774
12.669999999999998,0,-0.00125040755156892
12.689999999999998,0,-0.0012504083015301
12.709999999999997,0,-0.00125040905149128
12.729999999999999,0,-0.00125040980145246
12.749999999999998,0,-0.00125041055141364
12.769999999999998,0,-0.00125041130137482
12.789999999999997,0,-0.001250412051336
12.809999999999997,0,-0.00125041280129718
12.829999999999998,0,-0.00125041355125836
12.849999999999998,0,-0.00125041430121954
12.869999999999997,0,-0.00125041505118072
12.889999999999997,0,-0.0012504158011419
12.909999999999998,0,-0.00125041655110308
12.929999999999998,0,-0.00125041730106426
12.949999999999998,0,-0.00125041805102544
12.969999999999997,0,-0.00125041880098662
12.989999999999998,0,-0.0012504195509478
13.009999999999998,0,-0.00125042030090898
13.029999999999998,0,-0.00125042105087016
13.049999999999997,0,-0.00125042180083134
13.069999999999999,0,-0.00125042255079252
13.089999999999998,0,-0.0012504233007537
13.109999999999998,0,-0.00125042405071488
13.129999999999997,0,-0.00125042480067606
13.149999999999999,0,-0.00125042555063724
13.169999999999998,0,-0.00125042630059842
13.189999999999998,0,-0.0012504270505596
13.209999999999997,0,-0.00125042780052078
13.229999999999999,0,-0.00125042855048196
13.249999999999998,0,-0.00125042930044314
13.269999999999998,0,-0.00125043005040432
13.289999999999997,0,-0.0012504308003655
13.309999999999997,0,-0.00125043155032668
13.329999999999998,0,-0.00125043230028786
13.349999999999998,0,-0.00125043305024904
13.369999999999997,0,-0.00125043380021022
13.389999999999997,0,-0.00125043455017141
13.409999999999998,0,-0.00125043530013259
13.429999999999998,0,-0.00125043605009377
13.449999999999998,0,-0.00125043680005495
13.469999999999997,0,-0.00125043755001613
13.489999999999998,0,-0.00125043829997731
13.509999999999998,0,-0.00125043904993849
13.529999999999998,0,-0.00125043979989967
13.549999999999997,0,-0.00125044054986085
13.569999999999999,0,-0.00125044129982203
13.589999999999998,0,-0.00125044204978321
13.609999999999998,0,-0.00125044279974439
13.629999999999997,0,-0.00125044354970557
13.649999999999999,0,-0.00125044429966675
13.669999999999998,0,-0.00125044504962793
13.689999999999998,0,-0.00125044579958911
13.709999999999997,0,-0.00125044654955029
13.729999999999997,0,-0.00125044729951147
13.749999999999998,0,-0.00125044804947265
13.769999999999998,0,-0.00125044879943383
13.789999999999997,0,-0.00125044954939501
13.809999999999997,0,-0.00125045029935619
13.829999999999998,0,-0.00125045104931737
13.849999999999998,0,-0.00125045179927855
13.869999999999997,0,-0.00125045254923973
13.889999999999997,0,-0.00125045329920091
13.909999999999998,0,-0.00125045404916209
13.929999999999998,0,-0.00125045479912327
13.949999999999998,0,-0.00125045554908445
13.969999999999997,0,-0.00125045629904563
13.989999999999998,0,-0.00125045704900681
14.009999999999998,0,-0.00125045779896799
14.029999999999998,0,-0.00125045854892917
14.049999999999997,0,-0.00125045929889035
14.069999999999999,0,-0.00125046004885153
14.089999999999998,0,-0.00125046079881271
14.109999999999998,0,-0.00125046154877389
14.129999999999997,0,-0.00125046229873507
14.149999999999997,0,-0.00125046304869625
14.169999999999998,0,-0.00125046379865743
14.189999999999998,0,-0.00125046454861861
14.209999999999997,0,-0.00125046529857979
14.229999999999997,0,-0.00125046604854098
14.249999999999998,0,-0.00125046679850216
14.269999999999998,0,-0.00125046754846334
14.289999999999997,0,-0.00125046829842452
14.309999999999997,0,-0.0012504690483857
14.329999999999998,0,-0.00125046979834688
14.349999999999998,0,-0.00125047054830806
14.369999999999997,0,-0.00125047129826924
14.389999999999997,0,-0.00125047204823042
14.409999999999998,0,-0.0012504727981916
14.429999999999998,0,-0.00125047354815278
14.449999999999998,0,-0.00125047429811396
14.469999999999997,0,-0.00125047504807514
14.489999999999998,0,-0.00125047579803632
14.509999999999998,0,-0.0012504765479975
14.529999999999998,0,-0.00125047729795868
14.549999999999997,0,-0.00125047804791986
14.569999999999997,0,-0.00125047879788104
14.589999999999998,0,-0.00125047954784222
14.609999999999998,0,-0.0012504802978034
14.629999999999997,0,-0.00125048104776458
14.649999999999997,0,-0.00125048179772576
14.669999999999998,0,-0.00125048254768694
14.689999999999998,0,-0.00125048329764812
14.709999999999997,0,-0.0012504840476093
14.729999999999997,0,-0.00125048479757048
14.749999999999998,0,-0.00125048554753166
14.769999999999998,0,-0.00125048629749284
14.789999999999997,0,-0.00125048704745402
14.809999999999997,0,-0.0012504877974152
14.829999999999998,0,-0.00125048854737638
14.849999999999998,0,-0.00125048929733756
14.869999999999997,0,-0.00125049004729874
14.889999999999997,0,-0.00125049079725992
14.909999999999998,0,-0.0012504915472211
14.929999999999998,0,-0.00125049229718228
14.949999999999998,0,-0.00125049304714346
14.969999999999997,0,-0.00125049379710465
14.989999999999997,0,-0.00125049454706583
15.009999999999998,0,-0.00125049529702701
15.029999999999998,0,-0.00125049604698819
15.049999999999997,0,-0.00125049679694937
15.069999999999997,0,-0.00125049754691055
15.089999999999998,0,-0.00125049829687173
15.109999999999998,0,-0.00125049904683291
15.129999999999997,0,-0.00125049979679409
15.149999999999997,0,-0.00125050054675527
15.169999999999998,0,-0.00125050129671645
15.189999999999998,0,-0.00125050204667763
15.209999999999997,0,-0.00125050279663881
15.229999999999997,0,-0.00125050354659999
15.249999999999998,0,-0.00125050429656117
15.269999999999998,0,-0.00125050504652235
15.289999999999997,0,-0.00125050579648353
15.309999999999997,0,-0.00125050654644471
15.329999999999998,0,-0.00125050729640589
15.349999999999998,0,-0.00125050804636707
15.369999999999997,0,-0.00125050879632825
15.389999999999997,0,-0.00125050954628943
15.409999999999997,0,-0.00125051029625061
15.429999999999998,0,-0.00125051104621179
15.449999999999998,0,-0.00125051179617297
15.469999999999997,0,-0.00125051254613415
15.489999999999997,0,-0.00125051329609533
15.509999999999998,0,-0.00125051404605651
15.529999999999998,0,-0.00125051479601769
15.549999999999997,0,-0.00125051554597887
15.569999999999997,0,-0.00125051629594005
15.589999999999998,0,-0.00125051704590123
15.609999999999998,0,-0.00125051779586241
15.629999999999997,0,-0.00125051854582359
15.649999999999997,0,-0.00125051929578477
15.669999999999998,0,-0.00125052004574595
15.689999999999998,0,-0.00125052079570714
15.709999999999997,0,-0.00125052154566832
15.729999999999997,0,-0.0012505222956295
15.749999999999998,0,-0.00125052304559068
15.769999999999998,0,-0.00125052379555186
15.789999999999997,0,-0.00125052454551304
15.809999999999997,0,-0.00125052529547422
15.829999999999997,0,-0.0012505260454354
15.849999999999998,0,-0.00125052679539658
15.869999999999997,0,-0.00125052754535776
15.889999999999997,0,-0.00125052829531894
15.909999999999997,0,-0.00125052904528012
15.929999999999998,0,-0.0012505297952413
15.949999999999998,0,-0.00125053054520248
15.969999999999997,0,-0.00125053129516366
15.989999999999997,0,-0.00125053204512484
16.009999999999998,0,-0.00125053279508602
16.029999999999998,0,-0.0012505335450472
16.05,0,-0.00125053429500838
16.07,0,-0.00125053504496956
16.09,0,-0.00125053579493074
16.11,0,-0.00125053654489192
16.13,0,-0.0012505372948531
16.15,0,-0.00125053804481428
16.169999999999998,0,-0.00125053879477546
16.189999999999998,0,-0.00125053954473664
16.21,0,-0.00125054029469782
16.23,0,-0.001250541044659
16.25,0,-0.00125054179462018
16.27,0,-0.00125054254458136
16.29,0,-0.00125054329454254
16.31,0,-0.00125054404450372
16.33,0,-0.0012505447944649
16.349999999999998,0,-0.00125054554442609
16.369999999999997,0,-0.00125054629438727
16.39,0,-0.00125054704434845
16.41,0,-0.00125054779430963
16.43,0,-0.00125054854427081
16.45,0,-0.00125054929423199
16.47,0,-0.00125055004419317
16.49,0,-0.00125055079415435
16.509999999999998,0,-0.00125055154411553
16.529999999999998,0,-0.00125055229407671
16.55,0,-0.00125055304403789
16.57,0,-0.00125055379399907
16.59,0,-0.00125055454396025
16.61,0,-0.00125055529392143
16.63,0,-0.00125055604388261
16.65,0,-0.00125055679384379
16.669999999999998,0,-0.00125055754380497
16.689999999999998,0,-0.00125055829376615
16.709999999999997,0,-0.00125055904372733
16.73,0,-0.00125055979368851
16.75,0,-0.00125056054364969
16.77,0,-0.00125056129361087
16.79,0,-0.00125056204357205
16.81,0,-0.00125056279353323
16.83,0,-0.00125056354349441
16.849999999999998,0,-0.00125056429345559
16.869999999999997,0,-0.00125056504341677
16.89,0,-0.00125056579337795
16.91,0,-0.00125056654333913
16.93,0,-0.00125056729330031
16.95,0,-0.00125056804326149
16.97,0,-0.00125056879322268
16.99,0,-0.00125056954318386
17.009999999999998,0,-0.00125057029314504
17.029999999999998,0,-0.00125057104310622
17.05,0,-0.0012505717930674
17.07,0,-0.00125057254302858
17.09,0,-0.00125057329298976
17.11,0,-0.00125057404295094
17.13,0,-0.00125057479291212
17.15,0,-0.0012505755428733
17.169999999999998,0,-0.00125057629283448
17.189999999999998,0,-0.00125057704279566
17.209999999999997,0,-0.00125057779275684
17.23,0,-0.00125057854271802
17.25,0,-0.0012505792926792
17.27,0,-0.00125058004264038
17.29,0,-0.00125058079260156
17.31,0,-0.00125058154256274
17.33,0,-0.00125058229252392
17.349999999999998,0,-0.0012505830424851
17.369999999999997,0,-0.00125058379244628
17.39,0,-0.00125058454240746
17.41,0,-0.00125058529236864
17.43,0,-0.00125058604232982
17.45,0,-0.001250586792291
17.47,0,-0.00125058754225218
17.49,0,-0.00125058829221336
17.509999999999998,0,-0.00125058904217454
17.529999999999998,0,-0.00125058979213572
17.549999999999997,0,-0.0012505905420969
17.57,0,-0.00125059129205809
17.59,0,-0.00125059204201927
17.61,0,-0.00125059279198045
17.63,0,-0.00125059354194163
17.65,0,-0.00125059429190281
17.669999999999998,0,-0.00125059504186399
17.689999999999998,0,-0.00125059579182517
17.709999999999997,0,-0.00125059654178635
17.73,0,-0.00125059729174753
17.75,0,-0.00125059804170871
17.77,0,-0.00125059879166989
17.79,0,-0.00125059954163107
17.81,0,-0.00125060029159225
17.83,0,-0.00125060104155343
17.849999999999998,0,-0.00125060179151461
17.869999999999997,0,-0.00125060254147579
17.89,0,-0.00125060329143697
17.91,0,-0.00125060404139815
17.93,0,-0.00125060479135933
17.95,0,-0.00125060554132051
17.97,0,-0.00125060629128169
17.99,0,-0.00125060704124287
18.009999999999998,0,-0.00125060779120405
18.029999999999998,0,-0.00125060854116523
18.049999999999997,0,-0.00125060929112641
18.07,0,-0.00125061004108759
18.09,0,-0.00125061079104877
18.11,0,-0.00125061154100995
18.13,0,-0.00125061229097114
18.15,0,-0.00125061304093232
18.169999999999998,0,-0.0012506137908935
18.189999999999998,0,-0.00125061454085468
18.209999999999997,0,-0.00125061529081586
18.23,0,-0.00125061604077704
18.25,0,-0.00125061679073822
18.27,0,-0.0012506175406994
18.29,0,-0.00125061829066058
18.31,0,-0.00125061904062176
18.33,0,-0.00125061979058294
18.349999999999998,0,-0.00125062054054412
18.369999999999997,0,-0.0012506212905053
18.389999999999997,0,-0.00125062204046648
18.41,0,-0.00125062279042766
18.43,0,-0.00125062354038884
18.45,0,-0.00125062429035002
18.47,0,-0.0012506250403112
18.49,0,-0.00125062579027238
18.509999999999998,0,-0.00125062654023356
18.529999999999998,0,-0.00125062729019474
18.549999999999997,0,-0.00125062804015592
18.57,0,-0.0012506287901171
18.59,0,-0.00125062954007828
18.61,0,-0.00125063029003946
18.63,0,-0.00125063104000064
18.65,0,-0.00125063178996182
18.669999999999998,0,-0.00125063253992301
18.689999999999998,0,-0.00125063328988419
18.709999999999997,0,-0.00125063403984537
18.73,0,-0.00125063478980655
18.75,0,-0.00125063553976773
18.77,0,-0.00125063628972891
18.79,0,-0.00125063703969009
18.81,0,-0.00125063778965127
18.83,0,-0.00125063853961245
18.849999999999998,0,-0.00125063928957363
18.869999999999997,0,-0.00125064003953481
18.889999999999997,0,-0.00125064078949599
18.91,0,-0.00125064153945717
18.93,0,-0.00125064228941835
18.95,0,-0.00125064303937953
18.97,0,-0.00125064378934071
18.99,0,-0.00125064453930189
19.009999999999998,0,-0.00125064528926307
19.029999999999998,0,-0.00125064603922425
19.049999999999997,0,-0.00125064678918543
19.07,0,-0.00125064753914661
19.09,0,-0.00125064828910779
19.11,0,-0.00125064903906897
19.13,0,-0.00125064978903015
19.15,0,-0.00125065053899133
19.169999999999998,0,-0.00125065128895251
19.189999999999998,0,-0.0012506520389137
19.209999999999997,0,-0.00125065278887488
19.229999999999997,0,-0.00125065353883606
19.25,0,-0.00125065428879724
19.27,0,-0.00125065503875842
19.29,0,-0.0012506557887196
19.31,0,-0.00125065653868078
19.33,0,-0.00125065728864196
19.349999999999998,0,-0.00125065803860314
19.369999999999997,0,-0.00125065878856432
19.389999999999997,0,-0.0012506595385255
19.41,0,-0.00125066028848668
19.43,0,-0.00125066103844786
19.45,0,-0.00125066178840904
19.47,0,-0.00125066253837022
19.49,0,-0.0012506632883314
19.509999999999998,0,-0.00125066403829258
19.529999999999998,0,-0.00125066478825376
19.549999999999997,0,-0.00125066553821494
19.57,0,-0.00125066628817612
19.59,0,-0.0012506670381373
19.61,0,-0.00125066778809848
19.63,0,-0.00125066853805966
19.65,0,-0.00125066928802084
19.669999999999998,0,-0.00125067003798202
19.689999999999998,0,-0.0012506707879432
19.709999999999997,0,-0.00125067153790439
19.729999999999997,0,-0.00125067228786557
19.75,0,-0.00125067303782675
19.77,0,-0.00125067378778793
19.79,0,-0.00125067453774911
19.81,0,-0.00125067528771029
19.83,0,-0.00125067603767147
19.849999999999998,0,-0.00125067678763265
19.869999999999997,0,-0.00125067753759383
19.889999999999997,0,-0.00125067828755501
19.91,0,-0.00125067903751619
19.93,0,-0.00125067978747737
19.95,0,-0.00125068053743855
19.97,0,-0.00125068128739973
19.99,0,-0.00125068203736091
20.009999999999998,0,-0.00125068278732209
20.029999999999998,0,-0.00125068353728327
20.049999999999997,0,-0.00125068428724445
20.069999999999997,0,-0.00125068503720563
20.09,0,-0.00125068578716681
20.11,0,-0.00125068653712799
20.13,0,-0.00125068728708917
20.15,0,-0.00125068803705035
20.169999999999998,0,-0.00125068878701153
20.189999999999998,0,-0.00125068953697272
20.209999999999997,0,-0.0012506902869339
20.229999999999997,0,-0.00125069103689508
20.25,0,-0.00125069178685626
20.27,0,-0.00125069253681744
20.29,0,-0.00125069328677862
20.31,0,-0.0012506940367398
20.33,0,-0.00125069478670098
20.349999999999998,0,-0.00125069553666216
20.369999999999997,0,-0.00125069628662334
20.389999999999997,0,-0.00125069703658452
20.41,0,-0.0012506977865457
20.43,0,-0.00125069853650688
20.45,0,-0.00125069928646806
20.47,0,-0.00125070003642924
20.49,0,-0.00125070078639042
20.509999999999998,0,-0.0012507015363516
20.529999999999998,0,-0.00125070228631278
20.549999999999997,0,-0.00125070303627396
20.569999999999997,0,-0.00125070378623514
20.59,0,-0.00125070453619632
20.61,0,-0.0012507052861575
20.63,0,-0.00125070603611868
20.65,0,-0.00125070678607986
20.669999999999998,0,-0.00125070753604105
20.689999999999998,0,-0.00125070828600223
20.709999999999997,0,-0.00125070903596341
20.729999999999997,0,-0.00125070978592459
20.75,0,-0.00125071053588577
20.77,0,-0.00125071128584695
20.79,0,-0.00125071203580813
20.81,0,-0.00125071278576931
20.83,0,-0.00125071353573049
20.849999999999998,0,-0.00125071428569167
20.869999999999997,0,-0.00125071503565285
20.889999999999997,0,-0.00125071578561403
20.91,0,-0.00125071653557521
20.93,0,-0.00125071728553639
20.95,0,-0.00125071803549757
20.97,0,-0.00125071878545875
20.99,0,-0.00125071953541993
21.009999999999998,0,-0.00125072028538111
21.029999999999998,0,-0.00125072103534229
21.049999999999997,0,-0.00125072178530347
21.069999999999997,0,-0.00125072253526465
21.09,0,-0.00125072328522583
21.11,0,-0.00125072403518701
21.13,0,-0.0012507247851482
21.15,0,-0.00125072553510938
21.169999999999998,0,-0.00125072628507056
21.189999999999998,0,-0.00125072703503174
21.209999999999997,0,-0.00125072778499292
21.229999999999997,0,-0.0012507285349541
21.25,0,-0.00125072928491528
21.27,0,-0.00125073003487646
21.29,0,-0.00125073078483764
21.31,0,-0.00125073153479882
21.33,0,-0.00125073228476
21.349999999999998,0,-0.00125073303472118
21.369999999999997,0,-0.00125073378468236
21.389999999999997,0,-0.00125073453464354
21.409999999999997,0,-0.00125073528460472
21.43,0,-0.0012507360345659
21.45,0,-0.00125073678452708
21.47,0,-0.00125073753448826
21.49,0,-0.00125073828444944
21.509999999999998,0,-0.00125073903441062
21.529999999999998,0,-0.0012507397843718
21.549999999999997,0,-0.00125074053433298
21.569999999999997,0,-0.00125074128429417
21.59,0,-0.00125074203425535
21.61,0,-0.00125074278421653
21.63,0,-0.00125074353417771
21.65,0,-0.00125074428413889
21.669999999999998,0,-0.00125074503410007
21.689999999999998,0,-0.00125074578406125
21.709999999999997,0,-0.00125074653402243
21.729999999999997,0,-0.00125074728398361
21.75,0,-0.00125074803394479
21.77,0,-0.00125074878390597
21.79,0,-0.00125074953386715
21.81,0,-0.00125075028382833
21.83,0,-0.00125075103378951
21.849999999999998,0,-0.00125075178375069
21.869999999999997,0,-0.00125075253371187
21.889999999999997,0,-0.00125075328367305
21.909999999999997,0,-0.00125075403363423
21.93,0,-0.00125075478359541
21.95,0,-0.00125075553355659
21.97,0,-0.00125075628351777
21.99,0,-0.00125075703347895
22.009999999999998,0,-0.00125075778344014
22.029999999999998,0,-0.00125075853340132
22.049999999999997,0,-0.0012507592833625
22.069999999999997,0,-0.00125076003332368
22.09,0,-0.00125076078328486
22.11,0,-0.00125076153324604
22.13,0,-0.00125076228320722
22.15,0,-0.0012507630331684
22.169999999999998,0,-0.00125076378312958
22.189999999999998,0,-0.00125076453309076
22.209999999999997,0,-0.00125076528305194
22.229999999999997,0,-0.00125076603301312
22.249999999999996,0,-0.0012507667829743
22.27,0,-0.00125076753293548
22.29,0,-0.00125076828289666
22.31,0,-0.00125076903285784
22.33,0,-0.00125076978281902
22.349999999999998,0,-0.0012507705327802
22.369999999999997,0,-0.00125077128274138
22.389999999999997,0,-0.00125077203270256
22.409999999999997,0,-0.00125077278266374
22.43,0,-0.00125077353262493
22.45,0,-0.00125077428258611
22.47,0,-0.00125077503254729
22.49,0,-0.00125077578250847
22.509999999999998,0,-0.00125077653246965
22.529999999999998,0,-0.00125077728243083
22.549999999999997,0,-0.00125077803239201
22.569999999999997,0,-0.00125077878235319
22.59,0,-0.00125077953231437
22.61,0,-0.00125078028227555
22.63,0,-0.00125078103223673
22.65,0,-0.00125078178219791
22.669999999999998,0,-0.00125078253215909
22.689999999999998,0,-0.00125078328212027
22.709999999999997,0,-0.00125078403208145
22.729999999999997,0,-0.00125078478204263
22.749999999999996,0,-0.00125078553200381
22.77,0,-0.00125078628196499
22.79,0,-0.00125078703192617
22.81,0,-0.00125078778188735
22.83,0,-0.00125078853184853
22.849999999999998,0,-0.00125078928180972
22.869999999999997,0,-0.0012507900317709
22.889999999999997,0,-0.00125079078173208
22.909999999999997,0,-0.00125079153169326
22.93,0,-0.00125079228165444
22.95,0,-0.00125079303161562
22.97,0,-0.0012507937815768
22.99,0,-0.00125079453153798
23.009999999999998,0,-0.00125079528149916
23.029999999999998,0,-0.00125079603146034
23.049999999999997,0,-0.00125079678142152
23.069999999999997,0,-0.0012507975313827
23.089999999999996,0,-0.00125079828134388
23.11,0,-0.00125079903130506
23.13,0,-0.00125079978126624
23.15,0,-0.00125080053122742
23.169999999999998,0,-0.0012508012811886
23.189999999999998,0,-0.00125080203114978
23.209999999999997,0,-0.00125080278111096
23.229999999999997,0,-0.00125080353107214
23.249999999999996,0,-0.00125080428103333
23.27,0,-0.00125080503099451
23.29,0,-0.00125080578095569
23.31,0,-0.00125080653091687
23.33,0,-0.00125080728087805
23.349999999999998,0,-0.00125080803083923
23.369999999999997,0,-0.00125080878080041
23.389999999999997,0,-0.00125080953076159
23.409999999999997,0,-0.00125081028072277
23.43,0,-0.00125081103068395
23.45,0,-0.00125081178064513
23.47,0,-0.00125081253060631
23.49,0,-0.00125081328056749
23.509999999999998,0,-0.00125081403052867
23.529999999999998,0,-0.00125081478048985
23.549999999999997,0,-0.00125081553045103
23.569999999999997,0,-0.00125081628041221
23.589999999999996,0,-0.00125081703037339
23.61,0,-0.00125081778033457
23.63,0,-0.00125081853029575
23.65,0,-0.00125081928025694
23.669999999999998,0,-0.00125082003021812
23.689999999999998,0,-0.0012508207801793
23.709999999999997,0,-0.00125082153014048
23.729999999999997,0,-0.00125082228010166
23.749999999999996,0,-0.00125082303006284
23.77,0,-0.00125082378002402
23.79,0,-0.0012508245299852
23.81,0,-0.00125082527994638
23.83,0,-0.00125082602990756
23.849999999999998,0,-0.00125082677986874
23.869999999999997,0,-0.00125082752982992
23.889999999999997,0,-0.0012508282797911
23.909999999999997,0,-0.00125082902975228
23.929999999999996,0,-0.00125082977971346
23.95,0,-0.00125083052967464
23.97,0,-0.00125083127963582
23.99,0,-0.001250832029597
24.009999999999998,0,-0.00125083277955818
24.029999999999998,0,-0.00125083352951937
24.049999999999997,0,-0.00125083427948055
24.069999999999997,0,-0.00125083502944173
24.089999999999996,0,-0.00125083577940291
24.11,0,-0.00125083652936409
24.13,0,-0.00125083727932527
24.15,0,-0.00125083802928645
24.169999999999998,0,-0.00125083877924763
24.189999999999998,0,-0.00125083952920881
24.209999999999997,0,-0.00125084027916999
24.229999999999997,0,-0.00125084102913117
24.249999999999996,0,-0.00125084177909235
24.27,0,-0.00125084252905353
24.29,0,-0.00125084327901471
24.31,0,-0.00125084402897589
24.33,0,-0.00125084477893707
24.349999999999998,0,-0.00125084552889825
24.369999999999997,0,-0.00125084627885943
24.389999999999997,0,-0.00125084702882061
24.409999999999997,0,-0.0012508477787818
24.429999999999996,0,-0.00125084852874298
24.45,0,-0.00125084927870416
24.47,0,-0.00125085002866534
24.49,0,-0.00125085077862652
24.509999999999998,0,-0.0012508515285877
24.529999999999998,0,-0.00125085227854888
24.549999999999997,0,-0.00125085302851006
24.569999999999997,0,-0.00125085377847124
24.589999999999996,0,-0.00125085452843242
24.61,0,-0.0012508552783936
24.63,0,-0.00125085602835478
24.65,0,-0.00125085677831596
24.669999999999998,0,-0.00125085752827714
24.689999999999998,0,-0.00125085827823832
24.709999999999997,0,-0.0012508590281995
24.729999999999997,0,-0.00125085977816068
24.749999999999996,0,-0.00125086052812186
24.769999999999996,0,-0.00125086127808304
24.79,0,-0.00125086202804423
24.81,0,-0.00125086277800541
24.83,0,-0.00125086352796659
24.849999999999998,0,-0.00125086427792777
24.869999999999997,0,-0.00125086502788895
24.889999999999997,0,-0.00125086577785013
24.909999999999997,0,-0.00125086652781131
24.929999999999996,0,-0.00125086727777249
24.95,0,-0.00125086802773367
24.97,0,-0.00125086877769485
24.99,0,-0.00125086952765603
25.009999999999998,0,-0.00125087027761721
25.029999999999998,0,-0.00125087102757839
25.049999999999997,0,-0.00125087177753957
25.069999999999997,0,-0.00125087252750075
25.089999999999996,0,-0.00125087327746193
25.11,0,-0.00125087402742311
25.13,0,-0.00125087477738429
25.15,0,-0.00125087552734548
25.169999999999998,0,-0.00125087627730666
25.189999999999998,0,-0.00125087702726784
25.209999999999997,0,-0.00125087777722902
25.229999999999997,0,-0.0012508785271902
25.249999999999996,0,-0.00125087927715138
25.269999999999996,0,-0.00125088002711256
25.29,0,-0.00125088077707374
25.31,0,-0.00125088152703492
25.33,0,-0.0012508822769961
25.349999999999998,0,-0.00125088302695728
25.369999999999997,0,-0.00125088377691846
25.389999999999997,0,-0.00125088452687964
25.409999999999997,0,-0.00125088527684082
25.429999999999996,0,-0.001250886026802
25.45,0,-0.00125088677676318
25.47,0,-0.00125088752672436
25.49,0,-0.00125088827668554
25.509999999999998,0,-0.00125088902664673
25.529999999999998,0,-0.00125088977660791
25.549999999999997,0,-0.00125089052656909
25.569999999999997,0,-0.00125089127653027
25.589999999999996,0,-0.00125089202649145
25.609999999999996,0,-0.00125089277645263
25.63,0,-0.00125089352641381
25.65,0,-0.00125089427637499
25.669999999999998,0,-0.00125089502633617
25.689999999999998,0,-0.00125089577629735
25.709999999999997,0,-0.00125089652625853
25.729999999999997,0,-0.00125089727621971
25.749999999999996,0,-0.00125089802618089
25.769999999999996,0,-0.00125089877614207
25.79,0,-0.00125089952610325
25.81,0,-0.00125090027606443
25.83,0,-0.00125090102602561
25.849999999999998,0,-0.00125090177598679
25.869999999999997,0,-0.00125090252594798
25.889999999999997,0,-0.00125090327590916
25.909999999999997,0,-0.00125090402587034
25.929999999999996,0,-0.00125090477583152
25.95,0,-0.0012509055257927
25.97,0,-0.00125090627575388
25.99,0,-0.00125090702571506
26.009999999999998,0,-0.00125090777567624
26.029999999999998,0,-0.00125090852563742
26.049999999999997,0,-0.0012509092755986
26.069999999999997,0,-0.00125091002555978
26.089999999999996,0,-0.00125091077552096
26.109999999999996,0,-0.00125091152548214
26.13,0,-0.00125091227544332
26.15,0,-0.0012509130254045
26.169999999999998,0,-0.00125091377536568
26.189999999999998,0,-0.00125091452532686
26.209999999999997,0,-0.00125091527528805
26.229999999999997,0,-0.00125091602524923
26.249999999999996,0,-0.00125091677521041
26.269999999999996,0,-0.00125091752517159
26.29,0,-0.00125091827513277
26.31,0,-0.00125091902509395
26.33,0,-0.00125091977505513
26.349999999999998,0,-0.00125092052501631
26.369999999999997,0,-0.00125092127497749
26.389999999999997,0,-0.00125092202493867
26.409999999999997,0,-0.00125092277489985
26.429999999999996,0,-0.00125092352486103
26.45,0,-0.00125092427482221
26.47,0,-0.00125092502478339
26.49,0,-0.00125092577474457
26.509999999999998,0,-0.00125092652470575
26.529999999999998,0,-0.00125092727466693
26.549999999999997,0,-0.00125092802462811
26.569999999999997,0,-0.0012509287745893
26.589999999999996,0,-0.00125092952455048
26.609999999999996,0,-0.00125093027451166
26.63,0,-0.00125093102447284
26.65,0,-0.00125093177443402
26.669999999999998,0,-0.0012509325243952
26.689999999999998,0,-0.00125093327435638
26.709999999999997,0,-0.00125093402431756
26.729999999999997,0,-0.00125093477427874
26.749999999999996,0,-0.00125093552423992
26.769999999999996,0,-0.0012509362742011
26.79,0,-0.00125093702416228
26.81,0,-0.00125093777412346
26.83,0,-0.00125093852408464
26.849999999999998,0,-0.00125093927404582
26.869999999999997,0,-0.001250940024007
26.889999999999997,0,-0.00125094077396819
26.909999999999997,0,-0.00125094152392937
26.929999999999996,0,-0.00125094227389055
26.949999999999996,0,-0.00125094302385173
26.97,0,-0.00125094377381291
26.99,0,-0.00125094452377409
27.009999999999998,0,-0.00125094527373527
27.029999999999998,0,-0.00125094602369645
27.049999999999997,0,-0.00125094677365763
27.069999999999997,0,-0.00125094752361881
27.089999999999996,0,-0.00125094827357999
27.109999999999996,0,-0.00125094902354117
27.13,0,-0.00125094977350235
27.15,0,-0.00125095052346353
27.169999999999998,0,-0.00125095127342471
27.189999999999998,0,-0.00125095202338589
27.209999999999997,0,-0.00125095277334707
27.229999999999997,0,-0.00125095352330826
27.249999999999996,0,-0.00125095427326944
27.269999999999996,0,-0.00125095502323062
27.29,0,-0.0012509557731918
27.31,0,-0.00125095652315298
27.33,0,-0.00125095727311416
27.349999999999998,0,-0.00125095802307534
27.369999999999997,0,-0.00125095877303652
27.389999999999997,0,-0.0012509595229977
27.409999999999997,0,-0.00125096027295888
27.429999999999996,0,-0.00125096102292006
27.449999999999996,0,-0.00125096177288124
27.47,0,-0.00125096252284242
27.49,0,-0.0012509632728036
27.509999999999998,0,-0.00125096402276478
27.529999999999998,0,-0.00125096477272596
27.549999999999997,0,-0.00125096552268715
27.569999999999997,0,-0.00125096627264833
27.589999999999996,0,-0.00125096702260951
27.609999999999996,0,-0.00125096777257069
27.63,0,-0.00125096852253187
27.65,0,-0.00125096927249305
27.669999999999998,0,-0.00125097002245423
27.689999999999998,0,-0.00125097077241541
27.709999999999997,0,-0.00125097152237659
27.729999999999997,0,-0.00125097227233777
27.749999999999996,0,-0.00125097302229895
27.769999999999996,0,-0.00125097377226013
27.789999999999996,0,-0.00125097452222131
27.81,0,-0.00125097527218249
27.83,0,-0.00125097602214367
27.849999999999998,0,-0.00125097677210485
27.869999999999997,0,-0.00125097752206603
27.889999999999997,0,-0.00125097827202722
27.909999999999997,0,-0.0012509790219884
27.929999999999996,0,-0.00125097977194958
27.949999999999996,0,-0.00125098052191076
27.97,0,-0.00125098127187194
27.99,0,-0.00125098202183312
28.009999999999998,0,-0.0012509827717943
28.029999999999998,0,-0.00125098352175548
28.049999999999997,0,-0.00125098427171666
28.069999999999997,0,-0.00125098502167784
28.089999999999996,0,-0.00125098577163902
28.109999999999996,0,-0.0012509865216002
28.13,0,-0.00125098727156138
28.15,0,-0.00125098802152256
28.169999999999998,0,-0.00125098877148374
28.189999999999998,0,-0.00125098952144493
28.209999999999997,0,-0.00125099027140611
28.229999999999997,0,-0.00125099102136729
28.249999999999996,0,-0.00125099177132847
28.269999999999996,0,-0.00125099252128965
28.289999999999996,0,-0.00125099327125083
28.31,0,-0.00125099402121201
28.33,0,-0.00125099477117319
28.349999999999998,0,-0.00125099552113437
28.369999999999997,0,-0.00125099627109555
28.389999999999997,0,-0.00125099702105673
28.409999999999997,0,-0.00125099777101791
28.429999999999996,0,-0.00125099852097909
28.449999999999996,0,-0.00125099927094027
28.47,0,-0.00125100002090145
28.49,0,-0.00125100077086263
28.509999999999998,0,-0.00125100152082382
28.529999999999998,0,-0.001251002270785
28.549999999999997,0,-0.00125100302074618
28.569999999999997,0,-0.00125100377070736
28.589999999999996,0,-0.00125100452066854
28.609999999999996,0,-0.00125100527062972
28.629999999999995,0,-0.0012510060205909
28.65,0,-0.00125100677055208
28.669999999999998,0,-0.00125100752051326
28.689999999999998,0,-0.00125100827047444
28.709999999999997,0,-0.00125100902043562
28.729999999999997,0,-0.0012510097703968
28.749999999999996,0,-0.00125101052035798
28.769999999999996,0,-0.00125101127031916
28.789999999999996,0,-0.00125101202028034
28.81,0,-0.00125101277024152
28.83,0,-0.00125101352020271
28.849999999999998,0,-0.00125101427016389
28.869999999999997,0,-0.00125101502012507
28.889999999999997,0,-0.00125101577008625
28.909999999999997,0,-0.00125101652004743
28.929999999999996,0,-0.00125101727000861
28.949999999999996,0,-0.00125101801996979
28.97,0,-0.00125101876993097
28.99,0,-0.00125101951989215
29.009999999999998,0,-0.00125102026985333
29.029999999999998,0,-0.00125102101981451
29.049999999999997,0,-0.00125102176977569
29.069999999999997,0,-0.00125102251973687
29.089999999999996,0,-0.00125102326969805
29.109999999999996,0,-0.00125102401965923
29.129999999999995,0,-0.00125102476962042
29.15,0,-0.0012510255195816
29.169999999999998,0,-0.00125102626954278
29.189999999999998,0,-0.00125102701950396
29.209999999999997,0,-0.00125102776946514
29.229999999999997,0,-0.00125102851942632
29.249999999999996,0,-0.0012510292693875
29.269999999999996,0,-0.00125103001934868
29.289999999999996,0,-0.00125103076930986
29.31,0,-0.00125103151927104
29.33,0,-0.00125103226923222
29.349999999999998,0,-0.0012510330191934
29.369999999999997,0,-0.00125103376915458
29.389999999999997,0,-0.00125103451911576
29.409999999999997,0,-0.00125103526907694
29.429999999999996,0,-0.00125103601903813
29.449999999999996,0,-0.00125103676899931
29.469999999999995,0,-0.00125103751896049
29.49,0,-0.00125103826892167
29.509999999999998,0,-0.00125103901888285
29.529999999999998,0,-0.00125103976884403
29.549999999999997,0,-0.00125104051880521
29.569999999999997,0,-0.00125104126876639
29.589999999999996,0,-0.00125104201872757
29.609999999999996,0,-0.00125104276868875
29.629999999999995,0,-0.00125104351864993
29.65,0,-0.00125104426861111
29.669999999999998,0,-0.00125104501857229
29.689999999999998,0,-0.00125104576853347
29.709999999999997,0,-0.00125104651849465
29.729999999999997,0,-0.00125104726845584
29.749999999999996,0,-0.00125104801841702
29.769999999999996,0,-0.0012510487683782
29.789999999999996,0,-0.00125104951833938
29.81,0,-0.00125105026830056
29.83,0,-0.00125105101826174
29.849999999999998,0,-0.00125105176822292
29.869999999999997,0,-0.0012510525181841
29.889999999999997,0,-0.00125105326814528
29.909999999999997,0,-0.00125105401810646
29.929999999999996,0,-0.00125105476806764
29.949999999999996,0,-0.00125105551802882
29.969999999999995,0,-0.00125105626799
29.99,0,-0.00125105701795118
30.009999999999998,0,-0.00125105776791236
30.029999999999998,0,-0.00125105851787355
30.049999999999997,0,-0.00125105926783473
30.069999999999997,0,-0.00125106001779591
30.089999999999996,0,-0.00125106076775709
30.109999999999996,0,-0.00125106151771827
30.129999999999995,0,-0.00125106226767945
30.15,0,-0.00125106301764063
30.169999999999998,0,-0.00125106376760181
30.189999999999998,0,-0.00125106451756299
30.209999999999997,0,-0.00125106526752417
30.229999999999997,0,-0.00125106601748535
30.249999999999996,0,-0.00125106676744653
30.269999999999996,0,-0.00125106751740771
30.289999999999996,0,-0.00125106826736889
30.309999999999995,0,-0.00125106901733008
30.33,0,-0.00125106976729126
30.349999999999998,0,-0.00125107051725244
30.369999999999997,0,-0.00125107126721362
30.389999999999997,0,-0.0012510720171748
30.409999999999997,0,-0.00125107276713598
30.429999999999996,0,-0.00125107351709716
30.449999999999996,0,-0.00125107426705834
30.469999999999995,0,-0.00125107501701952
30.49,0,-0.0012510757669807
30.509999999999998,0,-0.00125107651694188
30.529999999999998,0,-0.00125107726690306
30.549999999999997,0,-0.00125107801686424
30.569999999999997,0,-0.00125107876682542
30.589999999999996,0,-0.0012510795167866
30.609999999999996,0,-0.00125108026674779
30.629999999999995,0,-0.00125108101670897
30.65,0,-0.00125108176667015
30.669999999999998,0,-0.00125108251663133
30.689999999999998,0,-0.00125108326659251
30.709999999999997,0,-0.00125108401655369
30.729999999999997,0,-0.00125108476651487
30.749999999999996,0,-0.00125108551647605
30.769999999999996,0,-0.00125108626643723
30.789999999999996,0,-0.00125108701639841
30.809999999999995,0,-0.00125108776635959
30.83,0,-0.00125108851632077
30.849999999999998,0,-0.00125108926628195
30.869999999999997,0,-0.00125109001624313
30.889999999999997,0,-0.00125109076620432
30.909999999999997,0,-0.0012510915161655
30.929999999999996,0,-0.00125109226612668
30.949999999999996,0,-0.00125109301608786
30.969999999999995,0,-0.00125109376604904
30.99,0,-0.00125109451601022
31.009999999999998,0,-0.0012510952659714
31.029999999999998,0,-0.00125109601593258
31.049999999999997,0,-0.00125109676589376
31.069999999999997,0,-0.00125109751585494
31.089999999999996,0,-0.00125109826581612
31.109999999999996,0,-0.0012510990157773
31.129999999999995,0,-0.00125109976573848
31.15,0,-0.00125110051569966
31.169999999999998,0,-0.00125110126566085
31.189999999999998,0,-0.00125110201562203
31.209999999999997,0,-0.00125110276558321
31.229999999999997,0,-0.00125110351554439
31.249999999999996,0,-0.00125110426550557
31.269999999999996,0,-0.00125110501546675
31.289999999999996,0,-0.00125110576542793
31.309999999999995,0,-0.00125110651538911
31.33,0,-0.00125110726535029
31.349999999999998,0,-0.00125110801531147
31.369999999999997,0,-0.00125110876527265
31.389999999999997,0,-0.00125110951523383
31.409999999999997,0,-0.00125111026519501
31.429999999999996,0,-0.00125111101515619
31.449999999999996,0,-0.00125111176511738
31.469999999999995,0,-0.00125111251507856
31.49,0,-0.00125111326503974
31.509999999999998,0,-0.00125111401500092
31.529999999999998,0,-0.0012511147649621
31.549999999999997,0,-0.00125111551492328
31.569999999999997,0,-0.00125111626488446
31.589999999999996,0,-0.00125111701484564
31.609999999999996,0,-0.00125111776480682
31.629999999999995,0,-0.001251118514768
31.649999999999995,0,-0.00125111926472918
31.669999999999998,0,-0.00125112001469036
31.689999999999998,0,-0.00125112076465154
31.709999999999997,0,-0.00125112151461272
31.729999999999997,0,-0.00125112226457391
31.749999999999996,0,-0.00125112301453509
31.769999999999996,0,-0.00125112376449627
31.789999999999996,0,-0.00125112451445745
31.809999999999995,0,-0.00125112526441863
31.83,0,-0.00125112601437981
31.849999999999998,0,-0.00125112676434099
31.869999999999997,0,-0.00125112751430217
31.889999999999997,0,-0.00125112826426335
31.909999999999997,0,-0.00125112901422453
31.929999999999996,0,-0.00125112976418571
31.949999999999996,0,-0.00125113051414689
31.969999999999995,0,-0.00125113126410807
31.99,0,-0.00125113201406926
32.01,0,-0.00125113276403044
32.029999999999994,0,-0.00125113351399162
32.04999999999999,0,-0.0012511342639528
32.06999999999999,0,-0.00125113501391398
32.089999999999996,0,-0.00125113576387516
32.10999999999999,0,-0.00125113651383634
32.129999999999995,0,-0.00125113726379752
32.14999999999999,0,-0.0012511380137587
32.169999999999995,0,-0.00125113876371988
32.18999999999999,0,-0.00125113951368106
32.209999999999994,0,-0.00125114026364224
32.22999999999999,0,-0.00125114101360342
32.24999999999999,0,-0.0012511417635646
32.269999999999996,0,-0.00125114251352579
32.28999999999999,0,-0.00125114326348697
32.309999999999995,0,-0.00125114401344815
32.32999999999999,0,-0.00125114476340933
32.349999999999994,0,-0.00125114551337051
32.36999999999999,0,-0.00125114626333169
32.38999999999999,0,-0.00125114701329287
32.41,0,-0.00125114776325405
32.42999999999999,0,-0.00125114851321523
32.449999999999996,0,-0.00125114926317641
32.46999999999999,0,-0.00125115001313759
32.489999999999995,0,-0.00125115076309877
32.50999999999999,0,-0.00125115151305995
32.529999999999994,0,-0.00125115226302114
32.54999999999999,0,-0.00125115301298232
32.56999999999999,0,-0.0012511537629435
32.589999999999996,0,-0.00125115451290468
32.60999999999999,0,-0.00125115526286586
32.629999999999995,0,-0.00125115601282704
32.64999999999999,0,-0.00125115676278822
32.669999999999995,0,-0.0012511575127494
32.68999999999999,0,-0.00125115826271058
32.709999999999994,0,-0.00125115901267176
32.72999999999999,0,-0.00125115976263294
32.74999999999999,0,-0.00125116051259412
32.769999999999996,0,-0.0012511612625553
32.78999999999999,0,-0.00125116201251648
32.809999999999995,0,-0.00125116276247767
32.82999999999999,0,-0.00125116351243885
32.849999999999994,0,-0.00125116426240003
32.86999999999999,0,-0.00125116501236121
32.88999999999999,0,-0.00125116576232239
32.90999999999999,0,-0.00125116651228357
32.92999999999999,0,-0.00125116726224475
32.949999999999996,0,-0.00125116801220593
32.96999999999999,0,-0.00125116876216711
32.989999999999995,0,-0.00125116951212829
33.00999999999999,0,-0.00125117026208947
33.029999999999994,0,-0.00125117101205065
33.04999999999999,0,-0.00125117176201183
33.06999999999999,0,-0.00125117251197302
33.089999999999996,0,-0.0012511732619342
33.10999999999999,0,-0.00125117401189538
33.129999999999995,0,-0.00125117476185656
33.14999999999999,0,-0.00125117551181774
33.169999999999995,0,-0.00125117626177892
33.18999999999999,0,-0.0012511770117401
33.209999999999994,0,-0.00125117776170128
33.22999999999999,0,-0.00125117851166246
33.24999999999999,0,-0.00125117926162364
33.269999999999996,0,-0.00125118001158482
33.28999999999999,0,-0.001251180761546
33.309999999999995,0,-0.00125118151150718
33.32999999999999,0,-0.00125118226146837
33.349999999999994,0,-0.00125118301142955
33.36999999999999,0,-0.00125118376139073
33.38999999999999,0,-0.00125118451135191
33.40999999999999,0,-0.00125118526131309
33.42999999999999,0,-0.00125118601127427
33.449999999999996,0,-0.00125118676123545
33.46999999999999,0,-0.00125118751119663
33.489999999999995,0,-0.00125118826115781
33.50999999999999,0,-0.00125118901111899
33.529999999999994,0,-0.00125118976108017
33.54999999999999,0,-0.00125119051104135
33.56999999999999,0,-0.00125119126100253
33.589999999999996,0,-0.00125119201096372
33.60999999999999,0,-0.0012511927609249
33.629999999999995,0,-0.00125119351088608
33.64999999999999,0,-0.00125119426084726
33.669999999999995,0,-0.00125119501080844
33.68999999999999,0,-0.00125119576076962
33.709999999999994,0,-0.0012511965107308
33.72999999999999,0,-0.00125119726069198
33.74999999999999,0,-0.00125119801065316
33.769999999999996,0,-0.00125119876061434
33.78999999999999,0,-0.00125119951057552
33.809999999999995,0,-0.0012512002605367
33.82999999999999,0,-0.00125120101049789
33.849999999999994,0,-0.00125120176045907
33.86999999999999,0,-0.00125120251042025
33.88999999999999,0,-0.00125120326038143
33.90999999999999,0,-0.00125120401034261
33.92999999999999,0,-0.00125120476030379
33.949999999999996,0,-0.00125120551026497
33.96999999999999,0,-0.00125120626022615
33.989999999999995,0,-0.00125120701018733
34.00999999999999,0,-0.00125120776014851
34.029999999999994,0,-0.00125120851010969
34.04999999999999,0,-0.00125120926007087
34.06999999999999,0,-0.00125121001003205
34.089999999999996,0,-0.00125121075999324
34.10999999999999,0,-0.00125121150995442
34.129999999999995,0,-0.0012512122599156
34.14999999999999,0,-0.00125121300987678
34.169999999999995,0,-0.00125121375983796
34.18999999999999,0,-0.00125121450979914
34.209999999999994,0,-0.00125121525976032
34.22999999999999,0,-0.0012512160097215
34.24999999999999,0,-0.00125121675968268
34.269999999999996,0,-0.00125121750964386
34.28999999999999,0,-0.00125121825960504
34.309999999999995,0,-0.00125121900956622
34.32999999999999,0,-0.0012512197595274
34.349999999999994,0,-0.00125122050948859
34.36999999999999,0,-0.00125122125944977
34.38999999999999,0,-0.00125122200941095
34.40999999999999,0,-0.00125122275937213
34.42999999999999,0,-0.00125122350933331
34.449999999999996,0,-0.00125122425929449
34.46999999999999,0,-0.00125122500925567
34.489999999999995,0,-0.00125122575921685
34.50999999999999,0,-0.00125122650917803
34.529999999999994,0,-0.00125122725913921
34.54999999999999,0,-0.00125122800910039
34.56999999999999,0,-0.00125122875906157
34.58999999999999,0,-0.00125122950902276
34.60999999999999,0,-0.00125123025898394
34.629999999999995,0,-0.00125123100894512
34.64999999999999,0,-0.0012512317589063
34.669999999999995,0,-0.00125123250886748
34.68999999999999,0,-0.00125123325882866
34.709999999999994,0,-0.00125123400878984
34.72999999999999,0,-0.00125123475875102
34.74999999999999,0,-0.0012512355087122
34.769999999999996,0,-0.00125123625867338
34.78999999999999,0,-0.00125123700863456
34.809999999999995,0,-0.00125123775859574
34.82999999999999,0,-0.00125123850855693
34.849999999999994,0,-0.00125123925851811
34.86999999999999,0,-0.00125124000847929
34.88999999999999,0,-0.00125124075844047
34.90999999999999,0,-0.00125124150840165
34.92999999999999,0,-0.00125124225836283
34.949999999999996,0,-0.00125124300832401
34.96999999999999,0,-0.00125124375828519
34.989999999999995,0,-0.00125124450824637
35.00999999999999,0,-0.00125124525820755
35.029999999999994,0,-0.00125124600816873
35.04999999999999,0,-0.00125124675812991
35.06999999999999,0,-0.00125124750809109
35.08999999999999,0,-0.00125124825805228
35.10999999999999,0,-0.00125124900801346
35.129999999999995,0,-0.00125124975797464
35.14999999999999,0,-0.00125125050793582
35.169999999999995,0,-0.001251251257897
35.18999999999999,0,-0.00125125200785818
35.209999999999994,0,-0.00125125275781936
35.22999999999999,0,-0.00125125350778054
35.24999999999999,0,-0.00125125425774172
35.269999999999996,0,-0.0012512550077029
35.28999999999999,0,-0.00125125575766408
35.309999999999995,0,-0.00125125650762526
35.32999999999999,0,-0.00125125725758645
35.349999999999994,0,-0.00125125800754763
35.36999999999999,0,-0.00125125875750881
35.38999999999999,0,-0.00125125950746999
35.40999999999999,0,-0.00125126025743117
35.42999999999999,0,-0.00125126100739235
35.449999999999996,0,-0.00125126175735353
35.46999999999999,0,-0.00125126250731471
35.489999999999995,0,-0.00125126325727589
35.50999999999999,0,-0.00125126400723707
35.529999999999994,0,-0.00125126475719825
35.54999999999999,0,-0.00125126550715943
35.56999999999999,0,-0.00125126625712062
35.58999999999999,0,-0.0012512670070818
35.60999999999999,0,-0.00125126775704298
35.629999999999995,0,-0.00125126850700416
35.64999999999999,0,-0.00125126925696534
35.669999999999995,0,-0.00125127000692652
35.68999999999999,0,-0.0012512707568877
35.709999999999994,0,-0.00125127150684888
35.72999999999999,0,-0.00125127225681006
35.74999999999999,0,-0.00125127300677124
35.769999999999996,0,-0.00125127375673242
35.78999999999999,0,-0.0012512745066936
35.809999999999995,0,-0.00125127525665479
35.82999999999999,0,-0.00125127600661597
35.849999999999994,0,-0.00125127675657715
35.86999999999999,0,-0.00125127750653833
35.88999999999999,0,-0.00125127825649951
35.90999999999999,0,-0.00125127900646069
35.92999999999999,0,-0.00125127975642187
35.949999999999996,0,-0.00125128050638305
35.96999999999999,0,-0.00125128125634423
35.989999999999995,0,-0.00125128200630541
36.00999999999999,0,-0.00125128275626659
36.029999999999994,0,-0.00125128350622777
36.04999999999999,0,-0.00125128425618896
36.06999999999999,0,-0.00125128500615014
36.08999999999999,0,-0.00125128575611132
36.10999999999999,0,-0.0012512865060725
36.129999999999995,0,-0.00125128725603368
36.14999999999999,0,-0.00125128800599486
36.169999999999995,0,-0.00125128875595604
36.18999999999999,0,-0.00125128950591722
36.209999999999994,0,-0.0012512902558784
36.22999999999999,0,-0.00125129100583958
36.24999999999999,0,-0.00125129175580076
36.269999999999996,0,-0.00125129250576194
36.28999999999999,0,-0.00125129325572313
36.309999999999995,0,-0.00125129400568431
36.32999999999999,0,-0.00125129475564549
36.349999999999994,0,-0.00125129550560667
36.36999999999999,0,-0.00125129625556785
36.38999999999999,0,-0.00125129700552903
36.40999999999999,0,-0.00125129775549021
36.42999999999999,0,-0.00125129850545139
36.449999999999996,0,-0.00125129925541257
36.46999999999999,0,-0.00125130000537375
36.489999999999995,0,-0.00125130075533493
36.50999999999999,0,-0.00125130150529612
36.529999999999994,0,-0.0012513022552573
36.54999999999999,0,-0.00125130300521848
36.56999999999999,0,-0.00125130375517966
36.58999999999999,0,-0.00125130450514084
36.60999999999999,0,-0.00125130525510202
36.629999999999995,0,-0.0012513060050632
36.64999999999999,0,-0.00125130675502438
36.669999999999995,0,-0.00125130750498556
36.68999999999999,0,-0.00125130825494674
36.709999999999994,0,-0.00125130900490792
36.72999999999999,0,-0.0012513097548691
36.74999999999999,0,-0.00125131050483029
36.76999999999999,0,-0.00125131125479147
36.78999999999999,0,-0.00125131200475265
36.809999999999995,0,-0.00125131275471383
36.82999999999999,0,-0.00125131350467501
36.849999999999994,0,-0.00125131425463619
36.86999999999999,0,-0.00125131500459737
36.88999999999999,0,-0.00125131575455855
36.90999999999999,0,-0.00125131650451973
36.92999999999999,0,-0.00125131725448091
36.949999999999996,0,-0.00125131800444209
36.96999999999999,0,-0.00125131875440328
36.989999999999995,0,-0.00125131950436446
37.00999999999999,0,-0.00125132025432564
37.029999999999994,0,-0.00125132100428682
37.04999999999999,0,-0.001251321754248
37.06999999999999,0,-0.00125132250420918
37.08999999999999,0,-0.00125132325417036
37.10999999999999,0,-0.00125132400413154
37.129999999999995,0,-0.00125132475409272
37.14999999999999,0,-0.0012513255040539
37.169999999999995,0,-0.00125132625401508
37.18999999999999,0,-0.00125132700397626
37.209999999999994,0,-0.00125132775393745
37.22999999999999,0,-0.00125132850389863
37.24999999999999,0,-0.00125132925385981
37.26999999999999,0,-0.00125133000382099
37.28999999999999,0,-0.00125133075378217
37.309999999999995,0,-0.00125133150374335
37.32999999999999,0,-0.00125133225370453
37.349999999999994,0,-0.00125133300366571
37.36999999999999,0,-0.00125133375362689
37.38999999999999,0,-0.00125133450358807
37.40999999999999,0,-0.00125133525354925
37.42999999999999,0,-0.00125133600351044
37.449999999999996,0,-0.00125133675347162
37.46999999999999,0,-0.0012513375034328
37.489999999999995,0,-0.00125133825339398
37.50999999999999,0,-0.00125133900335516
37.529999999999994,0,-0.00125133975331634
37.54999999999999,0,-0.00125134050327752
37.56999999999999,0,-0.0012513412532387
37.58999999999999,0,-0.00125134200319988
37.60999999999999,0,-0.00125134275316106
37.629999999999995,0,-0.00125134350312224
37.64999999999999,0,-0.00125134425308342
37.669999999999995,0,-0.00125134500304461
37.68999999999999,0,-0.00125134575300579
37.709999999999994,0,-0.00125134650296697
37.72999999999999,0,-0.00125134725292815
37.74999999999999,0,-0.00125134800288933
37.76999999999999,0,-0.00125134875285051
37.78999999999999,0,-0.00125134950281169
37.809999999999995,0,-0.00125135025277287
37.82999999999999,0,-0.00125135100273405
37.849999999999994,0,-0.00125135175269523
37.86999999999999,0,-0.00125135250265641
37.88999999999999,0,-0.0012513532526176
37.90999999999999,0,-0.00125135400257878
37.92999999999999,0,-0.00125135475253996
37.949999999999996,0,-0.00125135550250114
37.96999999999999,0,-0.00125135625246232
37.989999999999995,0,-0.0012513570024235
38.00999999999999,0,-0.00125135775238468
38.029999999999994,0,-0.00125135850234586
38.04999999999999,0,-0.00125135925230704
38.06999999999999,0,-0.00125136000226822
38.08999999999999,0,-0.0012513607522294
38.10999999999999,0,-0.00125136150219059
38.129999999999995,0,-0.00125136225215177
38.14999999999999,0,-0.00125136300211295
38.169999999999995,0,-0.00125136375207413
38.18999999999999,0,-0.00125136450203531
38.209999999999994,0,-0.00125136525199649
38.22999999999999,0,-0.00125136600195767
38.24999999999999,0,-0.00125136675191885
38.26999999999999,0,-0.00125136750188003
38.28999999999999,0,-0.00125136825184121
38.309999999999995,0,-0.00125136900180239
38.32999999999999,0,-0.00125136975176358
38.349999999999994,0,-0.00125137050172476
38.36999999999999,0,-0.00125137125168594
38.38999999999999,0,-0.00125137200164712
38.40999999999999,0,-0.0012513727516083
38.42999999999999,0,-0.00125137350156948
38.44999999999999,0,-0.00125137425153066
38.46999999999999,0,-0.00125137500149184
38.489999999999995,0,-0.00125137575145302
38.50999999999999,0,-0.0012513765014142
38.529999999999994,0,-0.00125137725137538
38.54999999999999,0,-0.00125137800133657
38.56999999999999,0,-0.00125137875129775
38.58999999999999,0,-0.00125137950125893
38.60999999999999,0,-0.00125138025122011
38.629999999999995,0,-0.00125138100118129
38.64999999999999,0,-0.00125138175114247
38.669999999999995,0,-0.00125138250110365
38.68999999999999,0,-0.00125138325106483
38.709999999999994,0,-0.00125138400102601
38.72999999999999,0,-0.00125138475098719
38.74999999999999,0,-0.00125138550094837
38.76999999999999,0,-0.00125138625090956
38.78999999999999,0,-0.00125138700087074
38.809999999999995,0,-0.00125138775083192
38.82999999999999,0,-0.0012513885007931
38.849999999999994,0,-0.00125138925075428
38.86999999999999,0,-0.00125139000071546
38.88999999999999,0,-0.00125139075067664
38.90999999999999,0,-0.00125139150063782
38.92999999999999,0,-0.001251392250599
38.94999999999999,0,-0.00125139300056018
38.96999999999999,0,-0.00125139375052136
38.989999999999995,0,-0.00125139450048255
39.00999999999999,0,-0.00125139525044373
39.029999999999994,0,-0.00125139600040491
39.04999999999999,0,-0.00125139675036609
39.06999999999999,0,-0.00125139750032727
39.08999999999999,0,-0.00125139825028845
39.10999999999999,0,-0.00125139900024963
39.129999999999995,0,-0.00125139975021081
39.14999999999999,0,-0.00125140050017199
39.169999999999995,0,-0.00125140125013317
39.18999999999999,0,-0.00125140200009436
39.209999999999994,0,-0.00125140275005554
39.22999999999999,0,-0.00125140350001672
39.24999999999999,0,-0.0012514042499779
39.26999999999999,0,-0.00125140499993908
39.28999999999999,0,-0.00125140574990026
39.309999999999995,0,-0.00125140649986144
39.32999999999999,0,-0.00125140724982262
39.349999999999994,0,-0.0012514079997838
39.36999999999999,0,-0.00125140874974498
39.38999999999999,0,-0.00125140949970616
39.40999999999999,0,-0.00125141024966735
39.42999999999999,0,-0.00125141099962853
39.44999999999999,0,-0.00125141174958971
39.46999999999999,0,-0.00125141249955089
39.489999999999995,0,-0.00125141324951207
39.50999999999999,0,-0.00125141399947325
39.529999999999994,0,-0.00125141474943443
39.54999999999999,0,-0.00125141549939561
39.56999999999999,0,-0.00125141624935679
39.58999999999999,0,-0.00125141699931797
39.60999999999999,0,-0.00125141774927915
39.629999999999995,0,-0.00125141849924034
39.64999999999999,0,-0.00125141924920152
39.669999999999995,0,-0.0012514199991627
39.68999999999999,0,-0.00125142074912388
39.709999999999994,0,-0.00125142149908506
39.72999999999999,0,-0.00125142224904624
39.74999999999999,0,-0.00125142299900742
39.76999999999999,0,-0.0012514237489686
39.78999999999999,0,-0.00125142449892978
39.809999999999995,0,-0.00125142524889096
39.82999999999999,0,-0.00125142599885215
39.849999999999994,0,-0.00125142674881333
39.86999999999999,0,-0.00125142749877451
39.88999999999999,0,-0.00125142824873569
39.90999999999999,0,-0.00125142899869687
39.92999999999999,0,-0.00125142974865805
39.94999999999999,0,-0.00125143049861923
39.96999999999999,0,-0.00125143124858041
39.989999999999995,0,-0.00125143199854159
40.00999999999999,0,-0.00125143274850277
40.029999999999994,0,-0.00125143349846395
40.04999999999999,0,-0.00125143424842514
40.06999999999999,0,-0.00125143499838632
40.08999999999999,0,-0.0012514357483475
40.10999999999999,0,-0.00125143649830868
40.12999999999999,0,-0.00125143724826986
40.14999999999999,0,-0.00125143799823104
40.169999999999995,0,-0.00125143874819222
40.18999999999999,0,-0.0012514394981534
40.209999999999994,0,-0.00125144024811458
40.22999999999999,0,-0.00125144099807576
40.24999999999999,0,-0.00125144174803695
40.26999999999999,0,-0.00125144249799813
40.28999999999999,0,-0.00125144324795931
40.309999999999995,0,-0.00125144399792049
40.32999999999999,0,-0.00125144474788167
40.349999999999994,0,-0.00125144549784285
40.36999999999999,0,-0.00125144624780403
40.38999999999999,0,-0.00125144699776521
40.40999999999999,0,-0.00125144774772639
40.42999999999999,0,-0.00125144849768757
40.44999999999999,0,-0.00125144924764875
40.46999999999999,0,-0.00125144999760994
40.489999999999995,0,-0.00125145074757112
40.50999999999999,0,-0.0012514514975323
40.529999999999994,0,-0.00125145224749348
40.54999999999999,0,-0.00125145299745466
40.56999999999999,0,-0.00125145374741584
40.58999999999999,0,-0.00125145449737702
40.60999999999999,0,-0.0012514552473382
40.62999999999999,0,-0.00125145599729938
40.64999999999999,0,-0.00125145674726056
40.669999999999995,0,-0.00125145749722175
40.68999999999999,0,-0.00125145824718293
40.709999999999994,0,-0.00125145899714411
40.72999999999999,0,-0.00125145974710529
40.74999999999999,0,-0.00125146049706647
40.76999999999999,0,-0.00125146124702765
40.78999999999999,0,-0.00125146199698883
40.809999999999995,0,-0.00125146274695001
40.82999999999999,0,-0.00125146349691119
40.849999999999994,0,-0.00125146424687237
40.86999999999999,0,-0.00125146499683356
40.88999999999999,0,-0.00125146574679474
40.90999999999999,0,-0.00125146649675592
40.92999999999999,0,-0.0012514672467171
40.94999999999999,0,-0.00125146799667828
40.96999999999999,0,-0.00125146874663946
40.989999999999995,0,-0.00125146949660064
41.00999999999999,0,-0.00125147024656182
41.029999999999994,0,-0.001251470996523
41.04999999999999,0,-0.00125147174648418
41.06999999999999,0,-0.00125147249644536
41.08999999999999,0,-0.00125147324640655
41.10999999999999,0,-0.00125147399636773
41.12999999999999,0,-0.00125147474632891
41.14999999999999,0,-0.00125147549629009
41.169999999999995,0,-0.00125147624625127
41.18999999999999,0,-0.00125147699621245
41.209999999999994,0,-0.00125147774617363
41.22999999999999,0,-0.00125147849613481
41.24999999999999,0,-0.00125147924609599
41.26999999999999,0,-0.00125147999605717
41.28999999999999,0,-0.00125148074601836
41.309999999999995,0,-0.00125148149597954
41.32999999999999,0,-0.00125148224594072
41.349999999999994,0,-0.0012514829959019
41.36999999999999,0,-0.00125148374586308
41.38999999999999,0,-0.00125148449582426
41.40999999999999,0,-0.00125148524578544
41.42999999999999,0,-0.00125148599574662
41.44999999999999,0,-0.0012514867457078
41.46999999999999,0,-0.00125148749566898
41.489999999999995,0,-0.00125148824563017
41.50999999999999,0,-0.00125148899559135
41.529999999999994,0,-0.00125148974555253
41.54999999999999,0,-0.00125149049551371
41.56999999999999,0,-0.00125149124547489
41.58999999999999,0,-0.00125149199543607
41.60999999999999,0,-0.00125149274539725
41.62999999999999,0,-0.00125149349535843
41.64999999999999,0,-0.00125149424531961
41.669999999999995,0,-0.00125149499528079
41.68999999999999,0,-0.00125149574524198
41.709999999999994,0,-0.00125149649520316
41.72999999999999,0,-0.00125149724516434
41.74999999999999,0,-0.00125149799512552
41.76999999999999,0,-0.0012514987450867
41.78999999999999,0,-0.00125149949504788
41.809999999999995,0,-0.00125150024500906
41.82999999999999,0,-0.00125150099497024
41.849999999999994,0,-0.00125150174493142
41.86999999999999,0,-0.0012515024948926
41.88999999999999,0,-0.00125150324485379
41.90999999999999,0,-0.00125150399481497
41.92999999999999,0,-0.00125150474477615
41.94999999999999,0,-0.00125150549473733
41.96999999999999,0,-0.00125150624469851
41.989999999999995,0,-0.00125150699465969
42.00999999999999,0,-0.00125150774462087
42.029999999999994,0,-0.00125150849458205
42.04999999999999,0,-0.00125150924454323
42.06999999999999,0,-0.00125150999450441
42.08999999999999,0,-0.0012515107444656
42.10999999999999,0,-0.00125151149442678
42.12999999999999,0,-0.00125151224438796
42.14999999999999,0,-0.00125151299434914
42.169999999999995,0,-0.00125151374431032
42.18999999999999,0,-0.0012515144942715
42.209999999999994,0,-0.00125151524423268
42.22999999999999,0,-0.00125151599419386
42.24999999999999,0,-0.00125151674415504
42.26999999999999,0,-0.00125151749411622
42.28999999999999,0,-0.00125151824407741
42.30999999999999,0,-0.00125151899403859
42.32999999999999,0,-0.00125151974399977
42.349999999999994,0,-0.00125152049396095
42.36999999999999,0,-0.00125152124392213
42.38999999999999,0,-0.00125152199388331
42.40999999999999,0,-0.00125152274384449
42.42999999999999,0,-0.00125152349380567
42.44999999999999,0,-0.00125152424376685
42.46999999999999,0,-0.00125152499372804
42.489999999999995,0,-0.00125152574368922
42.50999999999999,0,-0.0012515264936504
42.529999999999994,0,-0.00125152724361158
42.54999999999999,0,-0.00125152799357276
42.56999999999999,0,-0.00125152874353394
42.58999999999999,0,-0.00125152949349512
42.60999999999999,0,-0.0012515302434563
42.62999999999999,0,-0.00125153099341748
42.64999999999999,0,-0.00125153174337866
42.669999999999995,0,-0.00125153249333985
42.68999999999999,0,-0.00125153324330103
42.709999999999994,0,-0.00125153399326221
42.72999999999999,0,-0.00125153474322339
42.74999999999999,0,-0.00125153549318457
42.76999999999999,0,-0.00125153624314575
42.78999999999999,0,-0.00125153699310693
42.80999999999999,0,-0.00125153774306811
42.82999999999999,0,-0.00125153849302929
42.849999999999994,0,-0.00125153924299047
42.86999999999999,0,-0.00125153999295166
42.88999999999999,0,-0.00125154074291284
42.90999999999999,0,-0.00125154149287402
42.92999999999999,0,-0.0012515422428352
42.94999999999999,0,-0.00125154299279638
42.96999999999999,0,-0.00125154374275756
42.989999999999995,0,-0.00125154449271874
43.00999999999999,0,-0.00125154524267992
43.029999999999994,0,-0.0012515459926411
43.04999999999999,0,-0.00125154674260228
43.06999999999999,0,-0.00125154749256347
43.08999999999999,0,-0.00125154824252465
43.10999999999999,0,-0.00125154899248583
43.12999999999999,0,-0.00125154974244701
43.14999999999999,0,-0.00125155049240819
43.169999999999995,0,-0.00125155124236937
43.18999999999999,0,-0.00125155199233055
43.209999999999994,0,-0.00125155274229173
43.22999999999999,0,-0.00125155349225291
43.24999999999999,0,-0.0012515542422141
43.26999999999999,0,-0.00125155499217528
43.28999999999999,0,-0.00125155574213646
43.30999999999999,0,-0.00125155649209764
43.32999999999999,0,-0.00125155724205882
43.349999999999994,0,-0.00125155799202
43.36999999999999,0,-0.00125155874198118
43.38999999999999,0,-0.00125155949194236
43.40999999999999,0,-0.00125156024190354
43.42999999999999,0,-0.00125156099186472
43.44999999999999,0,-0.00125156174182591
43.46999999999999,0,-0.00125156249178709
43.489999999999995,0,-0.00125156324174827
43.50999999999999,0,-0.00125156399170945
43.529999999999994,0,-0.00125156474167063
43.54999999999999,0,-0.00125156549163181
43.56999999999999,0,-0.00125156624159299
43.58999999999999,0,-0.00125156699155417
43.60999999999999,0,-0.00125156774151535
43.62999999999999,0,-0.00125156849147654
43.64999999999999,0,-0.00125156924143772
43.669999999999995,0,-0.0012515699913989
43.68999999999999,0,-0.00125157074136008
43.709999999999994,0,-0.00125157149132126
43.72999999999999,0,-0.00125157224128244
43.74999999999999,0,-0.00125157299124362
43.76999999999999,0,-0.0012515737412048
43.78999999999999,0,-0.00125157449116598
43.80999999999999,0,-0.00125157524112716
43.82999999999999,0,-0.00125157599108835
43.849999999999994,0,-0.00125157674104953
43.86999999999999,0,-0.00125157749101071
43.88999999999999,0,-0.00125157824097189
43.90999999999999,0,-0.00125157899093307
43.92999999999999,0,-0.00125157974089425
43.94999999999999,0,-0.00125158049085543
43.96999999999999,0,-0.00125158124081661
43.98999999999999,0,-0.00125158199077779
44.00999999999999,0,-0.00125158274073898
44.029999999999994,0,-0.00125158349070016
44.04999999999999,0,-0.00125158424066134
44.06999999999999,0,-0.00125158499062252
44.08999999999999,0,-0.0012515857405837
44.10999999999999,0,-0.00125158649054488
44.12999999999999,0,-0.00125158724050606
44.14999999999999,0,-0.00125158799046724
44.169999999999995,0,-0.00125158874042842
44.18999999999999,0,-0.0012515894903896
44.209999999999994,0,-0.00125159024035079
44.22999999999999,0,-0.00125159099031197
44.24999999999999,0,-0.00125159174027315
44.26999999999999,0,-0.00125159249023433
44.28999999999999,0,-0.00125159324019551
44.30999999999999,0,-0.00125159399015669
44.32999999999999,0,-0.00125159474011787
44.349999999999994,0,-0.00125159549007905
44.36999999999999,0,-0.00125159624004023
44.38999999999999,0,-0.00125159699000142
44.40999999999999,0,-0.0012515977399626
44.42999999999999,0,-0.00125159848992378
44.44999999999999,0,-0.00125159923988496
44.46999999999999,0,-0.00125159998984614
44.48999999999999,0,-0.00125160073980732
44.50999999999999,0,-0.0012516014897685
44.529999999999994,0,-0.00125160223972968
44.54999999999999,0,-0.00125160298969086
44.56999999999999,0,-0.00125160373965205
44.58999999999999,0,-0.00125160448961323
44.60999999999999,0,-0.00125160523957441
44.62999999999999,0,-0.00125160598953559
44.64999999999999,0,-0.00125160673949677
44.669999999999995,0,-0.00125160748945795
44.68999999999999,0,-0.00125160823941913
44.709999999999994,0,-0.00125160898938031
44.72999999999999,0,-0.00125160973934149
44.74999999999999,0,-0.00125161048930267
44.76999999999999,0,-0.00125161123926386
44.78999999999999,0,-0.00125161198922504
44.80999999999999,0,-0.00125161273918622
44.82999999999999,0,-0.0012516134891474
44.849999999999994,0,-0.00125161423910858
44.86999999999999,0,-0.00125161498906976
44.88999999999999,0,-0.00125161573903094
44.90999999999999,0,-0.00125161648899212
44.92999999999999,0,-0.0012516172389533
44.94999999999999,0,-0.00125161798891449
44.96999999999999,0,-0.00125161873887567
44.98999999999999,0,-0.00125161948883685
45.00999999999999,0,-0.00125162023879803
45.029999999999994,0,-0.00125162098875921
45.04999999999999,0,-0.00125162173872039
45.06999999999999,0,-0.00125162248868157
45.08999999999999,0,-0.00125162323864275
45.10999999999999,0,-0.00125162398860393
45.12999999999999,0,-0.00125162473856512
45.14999999999999,0,-0.0012516254885263
45.169999999999995,0,-0.00125162623848748
45.18999999999999,0,-0.00125162698844866
45.209999999999994,0,-0.00125162773840984
45.22999999999999,0,-0.00125162848837102
45.24999999999999,0,-0.0012516292383322
45.26999999999999,0,-0.00125162998829338
45.28999999999999,0,-0.00125163073825456
45.30999999999999,0,-0.00125163148821575
45.32999999999999,0,-0.00125163223817693
45.349999999999994,0,-0.00125163298813811
45.36999999999999,0,-0.00125163373809929
45.38999999999999,0,-0.00125163448806047
45.40999999999999,0,-0.00125163523802165
45.42999999999999,0,-0.00125163598798283
45.44999999999999,0,-0.00125163673794401
45.46999999999999,0,-0.00125163748790519
45.48999999999999,0,-0.00125163823786638
45.50999999999999,0,-0.00125163898782756
45.529999999999994,0,-0.00125163973778874
45.54999999999999,0,-0.00125164048774992
45.56999999999999,0,-0.0012516412377111
45.58999999999999,0,-0.00125164198767228
45.60999999999999,0,-0.00125164273763346
45.62999999999999,0,-0.00125164348759464
45.64999999999999,0,-0.00125164423755582
45.66999999999999,0,-0.00125164498751701
45.68999999999999,0,-0.00125164573747819
45.709999999999994,0,-0.00125164648743937
45.72999999999999,0,-0.00125164723740055
45.74999999999999,0,-0.00125164798736173
45.76999999999999,0,-0.00125164873732291
45.78999999999999,0,-0.00125164948728409
45.80999999999999,0,-0.00125165023724527
45.82999999999999,0,-0.00125165098720645
45.849999999999994,0,-0.00125165173716764
45.86999999999999,0,-0.00125165248712882
45.88999999999999,0,-0.00125165323709
45.90999999999999,0,-0.00125165398705118
45.92999999999999,0,-0.00125165473701236
45.94999999999999,0,-0.00125165548697354
45.96999999999999,0,-0.00125165623693472
45.98999999999999,0,-0.0012516569868959
46.00999999999999,0,-0.00125165773685708
46.029999999999994,0,-0.00125165848681827
46.04999999999999,0,-0.00125165923677945
46.06999999999999,0,-0.00125165998674063
46.08999999999999,0,-0.00125166073670181
46.10999999999999,0,-0.00125166148666299
46.12999999999999,0,-0.00125166223662417
46.14999999999999,0,-0.00125166298658535
46.16999999999999,0,-0.00125166373654653
46.18999999999999,0,-0.00125166448650771
46.209999999999994,0,-0.0012516652364689
46.22999999999999,0,-0.00125166598643008
46.24999999999999,0,-0.00125166673639126
46.26999999999999,0,-0.00125166748635244
46.28999999999999,0,-0.00125166823631362
46.30999999999999,0,-0.0012516689862748
46.32999999999999,0,-0.00125166973623598
46.349999999999994,0,-0.00125167048619716
46.36999999999999,0,-0.00125167123615834
46.38999999999999,0,-0.00125167198611953
46.40999999999999,0,-0.00125167273608071
46.42999999999999,0,-0.00125167348604189
46.44999999999999,0,-0.00125167423600307
46.46999999999999,0,-0.00125167498596425
46.48999999999999,0,-0.00125167573592543
46.50999999999999,0,-0.00125167648588661
46.529999999999994,0,-0.00125167723584779
46.54999999999999,0,-0.00125167798580897
46.56999999999999,0,-0.00125167873577016
46.58999999999999,0,-0.00125167948573134
46.60999999999999,0,-0.00125168023569252
46.62999999999999,0,-0.0012516809856537
46.64999999999999,0,-0.00125168173561488
46.66999999999999,0,-0.00125168248557606
46.68999999999999,0,-0.00125168323553724
46.709999999999994,0,-0.00125168398549842
46.72999999999999,0,-0.0012516847354596
46.74999999999999,0,-0.00125168548542079
46.76999999999999,0,-0.00125168623538197
46.78999999999999,0,-0.00125168698534315
46.80999999999999,0,-0.00125168773530433
46.82999999999999,0,-0.00125168848526551
46.849999999999994,0,-0.00125168923522669
46.86999999999999,0,-0.00125168998518787
46.88999999999999,0,-0.00125169073514905
46.90999999999999,0,-0.00125169148511023
46.92999999999999,0,-0.00125169223507142
46.94999999999999,0,-0.0012516929850326
46.96999999999999,0,-0.00125169373499378
46.98999999999999,0,-0.00125169448495496
47.00999999999999,0,-0.00125169523491614
47.029999999999994,0,-0.00125169598487732
47.04999999999999,0,-0.0012516967348385
47.06999999999999,0,-0.00125169748479968
47.08999999999999,0,-0.00125169823476086
47.10999999999999,0,-0.00125169898472205
47.12999999999999,0,-0.00125169973468323
47.14999999999999,0,-0.00125170048464441
47.16999999999999,0,-0.00125170123460559
47.18999999999999,0,-0.00125170198456677
47.209999999999994,0,-0.00125170273452795
47.22999999999999,0,-0.00125170348448913
47.24999999999999,0,-0.00125170423445031
47.26999999999999,0,-0.0012517049844115
47.28999999999999,0,-0.00125170573437268
47.30999999999999,0,-0.00125170648433386
47.32999999999999,0,-0.00125170723429504
47.349999999999994,0,-0.00125170798425622
47.36999999999999,0,-0.0012517087342174
47.38999999999999,0,-0.00125170948417858
47.40999999999999,0,-0.00125171023413976
47.42999999999999,0,-0.00125171098410094
47.44999999999999,0,-0.00125171173406213
47.46999999999999,0,-0.00125171248402331
47.48999999999999,0,-0.00125171323398449
47.50999999999999,0,-0.00125171398394567
47.529999999999994,0,-0.00125171473390685
47.54999999999999,0,-0.00125171548386803
47.56999999999999,0,-0.00125171623382921
47.58999999999999,0,-0.00125171698379039
47.60999999999999,0,-0.00125171773375157
47.62999999999999,0,-0.00125171848371276
47.64999999999999,0,-0.00125171923367394
47.66999999999999,0,-0.00125171998363512
47.68999999999999,0,-0.0012517207335963
47.709999999999994,0,-0.00125172148355748
47.72999999999999,0,-0.00125172223351866
47.74999999999999,0,-0.00125172298347984
47.76999999999999,0,-0.00125172373344102
47.78999999999999,0,-0.00125172448340221
47.80999999999999,0,-0.00125172523336339
47.82999999999999,0,-0.00125172598332457
47.84999999999999,0,-0.00125172673328575
47.86999999999999,0,-0.00125172748324693
47.88999999999999,0,-0.00125172823320811
47.90999999999999,0,-0.00125172898316929
47.92999999999999,0,-0.00125172973313047
47.94999999999999,0,-0.00125173048309165
47.96999999999999,0,-0.00125173123305284
47.98999999999999,0,-0.00125173198301402
48.00999999999999,0,-0.0012517327329752
48.029999999999994,0,-0.00125173348293638
48.04999999999999,0,-0.00125173423289756
48.06999999999999,0,-0.00125173498285874
48.08999999999999,0,-0.00125173573281992
48.10999999999999,0,-0.0012517364827811
48.12999999999999,0,-0.00125173723274229
48.14999999999999,0,-0.00125173798270347
48.16999999999999,0,-0.00125173873266465
48.18999999999999,0,-0.00125173948262583
48.209999999999994,0,-0.00125174023258701
48.22999999999999,0,-0.00125174098254819
48.24999999999999,0,-0.00125174173250937
48.26999999999999,0,-0.00125174248247055
48.28999999999999,0,-0.00125174323243173
48.30999999999999,0,-0.00125174398239292
48.32999999999999,0,-0.0012517447323541
48.34999999999999,0,-0.00125174548231528
48.36999999999999,0,-0.00125174623227646
48.38999999999999,0,-0.00125174698223764
48.40999999999999,0,-0.00125174773219882
48.42999999999999,0,-0.00125174848216
48.44999999999999,0,-0.00125174923212118
48.46999999999999,0,-0.00125174998208237
48.48999999999999,0,-0.00125175073204355
48.50999999999999,0,-0.00125175148200473
48.529999999999994,0,-0.00125175223196591
48.54999999999999,0,-0.00125175298192709
48.56999999999999,0,-0.00125175373188827
48.58999999999999,0,-0.00125175448184945
48.60999999999999,0,-0.00125175523181063
48.62999999999999,0,-0.00125175598177181
48.64999999999999,0,-0.001251756731733
48.66999999999999,0,-0.00125175748169418
48.68999999999999,0,-0.00125175823165536
48.709999999999994,0,-0.00125175898161654
48.72999999999999,0,-0.00125175973157772
48.74999999999999,0,-0.0012517604815389
48.76999999999999,0,-0.00125176123150008
48.78999999999999,0,-0.00125176198146126
48.80999999999999,0,-0.00125176273142245
48.82999999999999,0,-0.00125176348138363
48.84999999999999,0,-0.00125176423134481
48.86999999999999,0,-0.00125176498130599
48.88999999999999,0,-0.00125176573126717
48.90999999999999,0,-0.00125176648122835
48.92999999999999,0,-0.00125176723118953
48.94999999999999,0,-0.00125176798115071
48.96999999999999,0,-0.00125176873111189
48.98999999999999,0,-0.00125176948107308
49.00999999999999,0,-0.00125177023103426
49.029999999999994,0,-0.00125177098099544
49.04999999999999,0,-0.00125177173095662
49.06999999999999,0,-0.0012517724809178
49.08999999999999,0,-0.00125177323087898
49.10999999999999,0,-0.00125177398084016
49.12999999999999,0,-0.00125177473080134
49.14999999999999,0,-0.00125177548076253
49.16999999999999,0,-0.00125177623072371
49.18999999999999,0,-0.00125177698068489
49.209999999999994,0,-0.00125177773064607
49.22999999999999,0,-0.00125177848060725
49.24999999999999,0,-0.00125177923056843
49.26999999999999,0,-0.00125177998052961
49.28999999999999,0,-0.00125178073049079
49.30999999999999,0,-0.00125178148045198
49.32999999999999,0,-0.00125178223041316
49.34999999999999,0,-0.00125178298037434
49.36999999999999,0,-0.00125178373033552
49.38999999999999,0,-0.0012517844802967
49.40999999999999,0,-0.00125178523025788
49.42999999999999,0,-0.00125178598021906
49.44999999999999,0,-0.00125178673018024
49.46999999999999,0,-0.00125178748014143
49.48999999999999,0,-0.00125178823010261
49.50999999999999,0,-0.00125178898006379
49.52999999999999,0,-0.00125178973002497
49.54999999999999,0,-0.00125179047998615
49.56999999999999,0,-0.00125179122994733
49.58999999999999,0,-0.00125179197990851
49.60999999999999,0,-0.00125179272986969
49.62999999999999,0,-0.00125179347983087
49.64999999999999,0,-0.00125179422979206
49.66999999999999,0,-0.00125179497975324
49.68999999999999,0,-0.00125179572971442
49.709999999999994,0,-0.0012517964796756
49.72999999999999,0,-0.00125179722963678
49.74999999999999,0,-0.00125179797959796
49.76999999999999,0,-0.00125179872955914
49.78999999999999,0,-0.00125179947952032
49.80999999999999,0,-0.00125180022948151
49.82999999999999,0,-0.00125180097944269
49.84999999999999,0,-0.00125180172940387
49.86999999999999,0,-0.00125180247936505
49.88999999999999,0,-0.00125180322932623
49.90999999999999,0,-0.00125180397928741
49.92999999999999,0,-0.00125180472924859
49.94999999999999,0,-0.00125180547920977
49.96999999999999,0,-0.00125180622917096
49.98999999999999,0,-0.00125180697913214
50.00999999999999,0,-0.00125180772909332
50.02999999999999,0,-0.0012518084790545
50.04999999999999,0,-0.00125180922901568
50.06999999999999,0,-0.00125180997897686
50.08999999999999,0,-0.00125181072893804
50.10999999999999,0,-0.00125181147889922
50.12999999999999,0,-0.00125181222886041
50.14999999999999,0,-0.00125181297882159
50.16999999999999,0,-0.00125181372878277
50.18999999999999,0,-0.00125181447874395
50.209999999999994,0,-0.00125181522870513
50.22999999999999,0,-0.00125181597866631
50.24999999999999,0,-0.00125181672862749
50.26999999999999,0,-0.00125181747858867
50.28999999999999,0,-0.00125181822854986
50.30999999999999,0,-0.00125181897851104
50.32999999999999,0,-0.00125181972847222
50.34999999999999,0,-0.0012518204784334
50.36999999999999,0,-0.00125182122839458
50.38999999999999,0,-0.00125182197835576
50.40999999999999,0,-0.00125182272831694
50.42999999999999,0,-0.00125182347827812
50.44999999999999,0,-0.0012518242282393
50.46999999999999,0,-0.00125182497820049
50.48999999999999,0,-0.00125182572816167
50.50999999999999,0,-0.00125182647812285
50.52999999999999,0,-0.00125182722808403
50.54999999999999,0,-0.00125182797804521
50.56999999999999,0,-0.00125182872800639
50.58999999999999,0,-0.00125182947796757
50.60999999999999,0,-0.00125183022792875
50.62999999999999,0,-0.00125183097788994
50.64999999999999,0,-0.00125183172785112
50.66999999999999,0,-0.0012518324778123
50.68999999999999,0,-0.00125183322777348
50.709999999999994,0,-0.00125183397773466
50.72999999999999,0,-0.00125183472769584
50.74999999999999,0,-0.00125183547765702
50.76999999999999,0,-0.0012518362276182
50.78999999999999,0,-0.00125183697757939
50.80999999999999,0,-0.00125183772754057
50.82999999999999,0,-0.00125183847750175
50.84999999999999,0,-0.00125183922746293
50.86999999999999,0,-0.00125183997742411
50.88999999999999,0,-0.00125184072738529
50.90999999999999,0,-0.00125184147734647
50.92999999999999,0,-0.00125184222730765
50.94999999999999,0,-0.00125184297726884
50.96999999999999,0,-0.00125184372723002
50.98999999999999,0,-0.0012518444771912
51.00999999999999,0,-0.00125184522715238
51.02999999999999,0,-0.00125184597711356
51.04999999999999,0,-0.00125184672707474
51.06999999999999,0,-0.00125184747703592
51.08999999999999,0,-0.0012518482269971
51.10999999999999,0,-0.00125184897695829
51.12999999999999,0,-0.00125184972691947
51.14999999999999,0,-0.00125185047688065
51.16999999999999,0,-0.00125185122684183
51.18999999999999,0,-0.00125185197680301
51.20999999999999,0,-0.00125185272676419
51.22999999999999,0,-0.00125185347672537
51.24999999999999,0,-0.00125185422668655
51.26999999999999,0,-0.00125185497664774
51.28999999999999,0,-0.00125185572660892
51.30999999999999,0,-0.0012518564765701
51.32999999999999,0,-0.00125185722653128
51.34999999999999,0,-0.00125185797649246
51.36999999999999,0,-0.00125185872645364
51.38999999999999,0,-0.00125185947641482
51.40999999999999,0,-0.001251860226376
51.42999999999999,0,-0.00125186097633719
51.44999999999999,0,-0.00125186172629837
51.46999999999999,0,-0.00125186247625955
51.48999999999999,0,-0.00125186322622073
51.50999999999999,0,-0.00125186397618191
51.52999999999999,0,-0.00125186472614309
51.54999999999999,0,-0.00125186547610427
51.56999999999999,0,-0.00125186622606546
51.58999999999999,0,-0.00125186697602664
51.60999999999999,0,-0.00125186772598782
51.62999999999999,0,-0.001251868475949
51.64999999999999,0,-0.00125186922591018
51.66999999999999,0,-0.00125186997587136
51.68999999999999,0,-0.00125187072583254
51.70999999999999,0,-0.00125187147579372
51.72999999999999,0,-0.00125187222575491
51.74999999999999,0,-0.00125187297571609
51.76999999999999,0,-0.00125187372567727
51.78999999999999,0,-0.00125187447563845
51.80999999999999,0,-0.00125187522559963
51.82999999999999,0,-0.00125187597556081
51.84999999999999,0,-0.00125187672552199
51.86999999999999,0,-0.00125187747548317
51.88999999999999,0,-0.00125187822544436
51.90999999999999,0,-0.00125187897540554
51.92999999999999,0,-0.00125187972536672
51.94999999999999,0,-0.0012518804753279
51.96999999999999,0,-0.00125188122528908
51.98999999999999,0,-0.00125188197525026
52.00999999999999,0,-0.00125188272521144
52.02999999999999,0,-0.00125188347517262
52.04999999999999,0,-0.00125188422513381
52.06999999999999,0,-0.00125188497509499
52.08999999999999,0,-0.00125188572505617
52.10999999999999,0,-0.00125188647501735
52.12999999999999,0,-0.00125188722497853
52.14999999999999,0,-0.00125188797493971
52.16999999999999,0,-0.00125188872490089
52.18999999999999,0,-0.00125188947486207
52.20999999999999,0,-0.00125189022482326
52.22999999999999,0,-0.00125189097478444
52.24999999999999,0,-0.00125189172474562
52.26999999999999,0,-0.0012518924747068
52.28999999999999,0,-0.00125189322466798
52.30999999999999,0,-0.00125189397462916
52.32999999999999,0,-0.00125189472459034
52.34999999999999,0,-0.00125189547455152
52.36999999999999,0,-0.00125189622451271
52.38999999999999,0,-0.00125189697447389
52.40999999999999,0,-0.00125189772443507
52.42999999999999,0,-0.00125189847439625
52.44999999999999,0,-0.00125189922435743
52.46999999999999,0,-0.00125189997431861
52.48999999999999,0,-0.00125190072427979
52.50999999999999,0,-0.00125190147424098
52.52999999999999,0,-0.00125190222420216
52.54999999999999,0,-0.00125190297416334
52.56999999999999,0,-0.00125190372412452
52.58999999999999,0,-0.0012519044740857
52.60999999999999,0,-0.00125190522404688
52.62999999999999,0,-0.00125190597400806
52.64999999999999,0,-0.00125190672396924
52.66999999999999,0,-0.00125190747393043
52.68999999999999,0,-0.00125190822389161
52.70999999999999,0,-0.00125190897385279
52.72999999999999,0,-0.00125190972381397
52.74999999999999,0,-0.00125191047377515
52.76999999999999,0,-0.00125191122373633
52.78999999999999,0,-0.00125191197369751
52.80999999999999,0,-0.00125191272365869
52.82999999999999,0,-0.00125191347361988
52.84999999999999,0,-0.00125191422358106
52.86999999999999,0,-0.00125191497354224
52.88999999999999,0,-0.00125191572350342
52.90999999999999,0,-0.0012519164734646
52.92999999999999,0,-0.00125191722342578
52.94999999999999,0,-0.00125191797338696
52.96999999999999,0,-0.00125191872334814
52.98999999999999,0,-0.00125191947330933
53.00999999999999,0,-0.00125192022327051
53.02999999999999,0,-0.00125192097323169
53.04999999999999,0,-0.00125192172319287
53.06999999999999,0,-0.00125192247315405
53.08999999999999,0,-0.00125192322311523
53.10999999999999,0,-0.00125192397307641
53.12999999999999,0,-0.0012519247230376
53.14999999999999,0,-0.00125192547299878
53.16999999999999,0,-0.00125192622295996
53.18999999999999,0,-0.00125192697292114
53.20999999999999,0,-0.00125192772288232
53.22999999999999,0,-0.0012519284728435
53.24999999999999,0,-0.00125192922280468
53.26999999999999,0,-0.00125192997276586
53.28999999999999,0,-0.00125193072272705
53.30999999999999,0,-0.00125193147268823
53.32999999999999,0,-0.00125193222264941
53.34999999999999,0,-0.00125193297261059
53.36999999999999,0,-0.00125193372257177
53.389999999999986,0,-0.00125193447253295
53.40999999999999,0,-0.00125193522249413
53.42999999999999,0,-0.00125193597245532
53.44999999999999,0,-0.0012519367224165
53.46999999999999,0,-0.00125193747237768
53.48999999999999,0,-0.00125193822233886
53.50999999999999,0,-0.00125193897230004
53.52999999999999,0,-0.00125193972226122
53.54999999999999,0,-0.0012519404722224
53.56999999999999,0,-0.00125194122218358
53.58999999999999,0,-0.00125194197214477
53.60999999999999,0,-0.00125194272210595
53.62999999999999,0,-0.00125194347206713
53.64999999999999,0,-0.00125194422202831
53.66999999999999,0,-0.00125194497198949
53.68999999999999,0,-0.00125194572195067
53.70999999999999,0,-0.00125194647191185
53.72999999999999,0,-0.00125194722187303
53.74999999999999,0,-0.00125194797183422
53.76999999999999,0,-0.0012519487217954
53.78999999999999,0,-0.00125194947175658
53.80999999999999,0,-0.00125195022171776
53.82999999999999,0,-0.00125195097167894
53.84999999999999,0,-0.00125195172164012
53.86999999999999,0,-0.0012519524716013
53.889999999999986,0,-0.00125195322156249
53.90999999999999,0,-0.00125195397152367
53.92999999999999,0,-0.00125195472148485
53.94999999999999,0,-0.00125195547144603
53.96999999999999,0,-0.00125195622140721
53.98999999999999,0,-0.00125195697136839
54.00999999999999,0,-0.00125195772132957
54.02999999999999,0,-0.00125195847129075
54.04999999999999,0,-0.00125195922125194
54.06999999999999,0,-0.00125195997121312
54.08999999999999,0,-0.0012519607211743
54.10999999999999,0,-0.00125196147113548
54.12999999999999,0,-0.00125196222109666
54.14999999999999,0,-0.00125196297105784
54.16999999999999,0,-0.00125196372101902
54.18999999999999,0,-0.00125196447098021
54.20999999999999,0,-0.00125196522094139
54.22999999999999,0,-0.00125196597090257
54.24999999999999,0,-0.00125196672086375
54.26999999999999,0,-0.00125196747082493
54.28999999999999,0,-0.00125196822078611
54.30999999999999,0,-0.00125196897074729
54.32999999999999,0,-0.00125196972070847
54.34999999999999,0,-0.00125197047066966
54.36999999999999,0,-0.00125197122063084
54.389999999999986,0,-0.00125197197059202
54.40999999999999,0,-0.0012519727205532
54.42999999999999,0,-0.00125197347051438
54.44999999999999,0,-0.00125197422047556
54.46999999999999,0,-0.00125197497043674
54.48999999999999,0,-0.00125197572039793
54.50999999999999,0,-0.00125197647035911
54.52999999999999,0,-0.00125197722032029
54.54999999999999,0,-0.00125197797028147
54.56999999999999,0,-0.00125197872024265
54.58999999999999,0,-0.00125197947020383
54.60999999999999,0,-0.00125198022016501
54.62999999999999,0,-0.0012519809701262
54.64999999999999,0,-0.00125198172008738
54.66999999999999,0,-0.00125198247004856
54.68999999999999,0,-0.00125198322000974
54.70999999999999,0,-0.00125198396997092
54.72999999999999,0,-0.0012519847199321
54.74999999999999,0,-0.00125198546989328
54.76999999999999,0,-0.00125198621985446
54.78999999999999,0,-0.00125198696981565
54.80999999999999,0,-0.00125198771977683
54.82999999999999,0,-0.00125198846973801
54.84999999999999,0,-0.00125198921969919
54.86999999999999,0,-0.00125198996966037
54.889999999999986,0,-0.00125199071962155
54.90999999999999,0,-0.00125199146958273
54.92999999999999,0,-0.00125199221954392
54.94999999999999,0,-0.0012519929695051
54.96999999999999,0,-0.00125199371946628
54.98999999999999,0,-0.00125199446942746
55.00999999999999,0,-0.00125199521938864
55.02999999999999,0,-0.00125199596934982
55.04999999999999,0,-0.001251996719311
55.069999999999986,0,-0.00125199746927218
55.08999999999999,0,-0.00125199821923337
55.10999999999999,0,-0.00125199896919455
55.12999999999999,0,-0.00125199971915573
55.14999999999999,0,-0.00125200046911691
55.16999999999999,0,-0.00125200121907809
55.18999999999999,0,-0.00125200196903927
55.20999999999999,0,-0.00125200271900045
55.22999999999999,0,-0.00125200346896164
55.24999999999999,0,-0.00125200421892282
55.26999999999999,0,-0.001252004968884
55.28999999999999,0,-0.00125200571884518
55.30999999999999,0,-0.00125200646880636
55.32999999999999,0,-0.00125200721876754
55.34999999999999,0,-0.00125200796872872
55.36999999999999,0,-0.00125200871868991
55.389999999999986,0,-0.00125200946865109
55.40999999999999,0,-0.00125201021861227
55.42999999999999,0,-0.00125201096857345
55.44999999999999,0,-0.00125201171853463
55.46999999999999,0,-0.00125201246849581
55.48999999999999,0,-0.00125201321845699
55.50999999999999,0,-0.00125201396841817
55.52999999999999,0,-0.00125201471837936
55.54999999999999,0,-0.00125201546834054
55.569999999999986,0,-0.00125201621830172
55.58999999999999,0,-0.0012520169682629
55.60999999999999,0,-0.00125201771822408
55.62999999999999,0,-0.00125201846818526
55.64999999999999,0,-0.00125201921814644
55.66999999999999,0,-0.00125201996810763
55.68999999999999,0,-0.00125202071806881
55.70999999999999,0,-0.00125202146802999
55.72999999999999,0,-0.00125202221799117
55.74999999999999,0,-0.00125202296795235
55.76999999999999,0,-0.00125202371791353
55.78999999999999,0,-0.00125202446787471
55.80999999999999,0,-0.0012520252178359
55.82999999999999,0,-0.00125202596779708
55.84999999999999,0,-0.00125202671775826
55.86999999999999,0,-0.00125202746771944
55.889999999999986,0,-0.00125202821768062
55.90999999999999,0,-0.0012520289676418
55.92999999999999,0,-0.00125202971760298
55.94999999999999,0,-0.00125203046756417
55.96999999999999,0,-0.00125203121752535
55.98999999999999,0,-0.00125203196748653
56.00999999999999,0,-0.00125203271744771
56.02999999999999,0,-0.00125203346740889
56.04999999999999,0,-0.00125203421737007
56.069999999999986,0,-0.00125203496733125
56.08999999999999,0,-0.00125203571729243
56.10999999999999,0,-0.00125203646725362
56.12999999999999,0,-0.0012520372172148
56.14999999999999,0,-0.00125203796717598
56.16999999999999,0,-0.00125203871713716
56.18999999999999,0,-0.00125203946709834
56.20999999999999,0,-0.00125204021705952
56.22999999999999,0,-0.0012520409670207
56.24999999999999,0,-0.00125204171698189
56.26999999999999,0,-0.00125204246694307
56.28999999999999,0,-0.00125204321690425
56.30999999999999,0,-0.00125204396686543
56.32999999999999,0,-0.00125204471682661
56.34999999999999,0,-0.00125204546678779
56.36999999999999,0,-0.00125204621674897
56.389999999999986,0,-0.00125204696671016
56.40999999999999,0,-0.00125204771667134
56.42999999999999,0,-0.00125204846663252
56.44999999999999,0,-0.0012520492165937
56.46999999999999,0,-0.00125204996655488
56.48999999999999,0,-0.00125205071651606
56.50999999999999,0,-0.00125205146647724
56.52999999999999,0,-0.00125205221643843
56.54999999999999,0,-0.00125205296639961
56.569999999999986,0,-0.00125205371636079
56.58999999999999,0,-0.00125205446632197
56.60999999999999,0,-0.00125205521628315
56.62999999999999,0,-0.00125205596624433
56.64999999999999,0,-0.00125205671620551
56.66999999999999,0,-0.0012520574661667
56.68999999999999,0,-0.00125205821612788
56.70999999999999,0,-0.00125205896608906
56.72999999999999,0,-0.00125205971605024
56.74999999999999,0,-0.00125206046601142
56.76999999999999,0,-0.0012520612159726
56.78999999999999,0,-0.00125206196593378
56.80999999999999,0,-0.00125206271589497
56.82999999999999,0,-0.00125206346585615
56.84999999999999,0,-0.00125206421581733
56.86999999999999,0,-0.00125206496577851
56.889999999999986,0,-0.00125206571573969
56.90999999999999,0,-0.00125206646570087
56.92999999999999,0,-0.00125206721566205
56.94999999999999,0,-0.00125206796562324
56.96999999999999,0,-0.00125206871558442
56.98999999999999,0,-0.0012520694655456
57.00999999999999,0,-0.00125207021550678
57.02999999999999,0,-0.00125207096546796
57.04999999999999,0,-0.00125207171542914
57.069999999999986,0,-0.00125207246539032
57.08999999999999,0,-0.00125207321535151
57.10999999999999,0,-0.00125207396531269
57.12999999999999,0,-0.00125207471527387
57.14999999999999,0,-0.00125207546523505
57.16999999999999,0,-0.00125207621519623
57.18999999999999,0,-0.00125207696515741
57.20999999999999,0,-0.00125207771511859
57.22999999999999,0,-0.00125207846507978
57.249999999999986,0,-0.00125207921504096
57.26999999999999,0,-0.00125207996500214
57.28999999999999,0,-0.00125208071496332
57.30999999999999,0,-0.0012520814649245
57.32999999999999,0,-0.00125208221488568
57.34999999999999,0,-0.00125208296484686
57.36999999999999,0,-0.00125208371480804
57.389999999999986,0,-0.00125208446476923
57.40999999999999,0,-0.00125208521473041
57.42999999999999,0,-0.00125208596469159
57.44999999999999,0,-0.00125208671465277
57.46999999999999,0,-0.00125208746461395
57.48999999999999,0,-0.00125208821457513
57.50999999999999,0,-0.00125208896453631
57.52999999999999,0,-0.0012520897144975
57.54999999999999,0,-0.00125209046445868
57.569999999999986,0,-0.00125209121441986
57.58999999999999,0,-0.00125209196438104
57.60999999999999,0,-0.00125209271434222
57.62999999999999,0,-0.0012520934643034
57.64999999999999,0,-0.00125209421426458
57.66999999999999,0,-0.00125209496422577
57.68999999999999,0,-0.00125209571418695
57.70999999999999,0,-0.00125209646414813
57.72999999999999,0,-0.00125209721410931
57.749999999999986,0,-0.00125209796407049
57.76999999999999,0,-0.00125209871403167
57.78999999999999,0,-0.00125209946399285
57.80999999999999,0,-0.00125210021395404
57.82999999999999,0,-0.00125210096391522
57.84999999999999,0,-0.0012521017138764
57.86999999999999,0,-0.00125210246383758
57.889999999999986,0,-0.00125210321379876
57.90999999999999,0,-0.00125210396375994
57.92999999999999,0,-0.00125210471372113
57.94999999999999,0,-0.00125210546368231
57.96999999999999,0,-0.00125210621364349
57.98999999999999,0,-0.00125210696360467
58.00999999999999,0,-0.00125210771356585
58.02999999999999,0,-0.00125210846352703
58.04999999999999,0,-0.00125210921348821
58.069999999999986,0,-0.0012521099634494
58.08999999999999,0,-0.00125211071341058
58.10999999999999,0,-0.00125211146337176
58.12999999999999,0,-0.00125211221333294
58.14999999999999,0,-0.00125211296329412
58.16999999999999,0,-0.0012521137132553
58.18999999999999,0,-0.00125211446321648
58.20999999999999,0,-0.00125211521317767
58.22999999999999,0,-0.00125211596313885
58.249999999999986,0,-0.00125211671310003
58.26999999999999,0,-0.00125211746306121
58.28999999999999,0,-0.00125211821302239
58.30999999999999,0,-0.00125211896298357
58.32999999999999,0,-0.00125211971294475
58.34999999999999,0,-0.00125212046290594
58.36999999999999,0,-0.00125212121286712
58.389999999999986,0,-0.0012521219628283
58.40999999999999,0,-0.00125212271278948
58.42999999999999,0,-0.00125212346275066
58.44999999999999,0,-0.00125212421271184
58.46999999999999,0,-0.00125212496267302
58.48999999999999,0,-0.00125212571263421
58.50999999999999,0,-0.00125212646259539
58.52999999999999,0,-0.00125212721255657
58.54999999999999,0,-0.00125212796251775
58.569999999999986,0,-0.00125212871247893
58.58999999999999,0,-0.00125212946244011
58.60999999999999,0,-0.00125213021240129
58.62999999999999,0,-0.00125213096236248
58.64999999999999,0,-0.00125213171232366
58.66999999999999,0,-0.00125213246228484
58.68999999999999,0,-0.00125213321224602
58.70999999999999,0,-0.0012521339622072
58.72999999999999,0,-0.00125213471216838
58.749999999999986,0,-0.00125213546212956
58.76999999999999,0,-0.00125213621209075
58.78999999999999,0,-0.00125213696205193
58.80999999999999,0,-0.00125213771201311
58.82999999999999,0,-0.00125213846197429
58.84999999999999,0,-0.00125213921193547
58.86999999999999,0,-0.00125213996189665
58.889999999999986,0,-0.00125214071185783
58.90999999999999,0,-0.00125214146181902
58.929999999999986,0,-0.0012521422117802
58.94999999999999,0,-0.00125214296174138
58.96999999999999,0,-0.00125214371170256
58.98999999999999,0,-0.00125214446166374
59.00999999999999,0,-0.00125214521162492
59.02999999999999,0,-0.0012521459615861
59.04999999999999,0,-0.00125214671154729
59.069999999999986,0,-0.00125214746150847
59.08999999999999,0,-0.00125214821146965
59.10999999999999,0,-0.00125214896143083
59.12999999999999,0,-0.00125214971139201
59.14999999999999,0,-0.00125215046135319
59.16999999999999,0,-0.00125215121131438
59.18999999999999,0,-0.00125215196127556
59.20999999999999,0,-0.00125215271123674
59.22999999999999,0,-0.00125215346119792
59.249999999999986,0,-0.0012521542111591
59.26999999999999,0,-0.00125215496112028
59.28999999999999,0,-0.00125215571108146
59.30999999999999,0,-0.00125215646104265
59.32999999999999,0,-0.00125215721100383
59.34999999999999,0,-0.00125215796096501
59.36999999999999,0,-0.00125215871092619
59.389999999999986,0,-0.00125215946088737
59.40999999999999,0,-0.00125216021084855
59.429999999999986,0,-0.00125216096080973
59.44999999999999,0,-0.00125216171077092
59.46999999999999,0,-0.0012521624607321
59.48999999999999,0,-0.00125216321069328
59.50999999999999,0,-0.00125216396065446
59.52999999999999,0,-0.00125216471061564
59.54999999999999,0,-0.00125216546057682
59.569999999999986,0,-0.001252166210538
59.58999999999999,0,-0.00125216696049919
59.60999999999999,0,-0.00125216771046037
59.62999999999999,0,-0.00125216846042155
59.64999999999999,0,-0.00125216921038273
59.66999999999999,0,-0.00125216996034391
59.68999999999999,0,-0.00125217071030509
59.70999999999999,0,-0.00125217146026628
59.72999999999999,0,-0.00125217221022746
59.749999999999986,0,-0.00125217296018864
59.76999999999999,0,-0.00125217371014982
59.78999999999999,0,-0.001252174460111
59.80999999999999,0,-0.00125217521007218
59.82999999999999,0,-0.00125217596003336
59.84999999999999,0,-0.00125217670999455
59.86999999999999,0,-0.00125217745995573
59.889999999999986,0,-0.00125217820991691
59.90999999999999,0,-0.00125217895987809
59.929999999999986,0,-0.00125217970983927
59.94999999999999,0,-0.00125218045980045
59.96999999999999,0,-0.00125218120976163
59.98999999999999,0,-0.00125218195972282
60.00999999999999,0,-0.001252182709684
60.02999999999999,0,-0.00125218345964518
60.04999999999999,0,-0.00125218420960636
60.069999999999986,0,-0.00125218495956754
60.08999999999999,0,-0.00125218570952872
60.10999999999999,0,-0.00125218645948991
60.12999999999999,0,-0.00125218720945109
60.14999999999999,0,-0.00125218795941227
60.16999999999999,0,-0.00125218870937345
60.18999999999999,0,-0.00125218945933463
60.20999999999999,0,-0.00125219020929581
60.22999999999999,0,-0.00125219095925699
60.249999999999986,0,-0.00125219170921818
60.26999999999999,0,-0.00125219245917936
60.28999999999999,0,-0.00125219320914054
60.30999999999999,0,-0.00125219395910172
60.32999999999999,0,-0.0012521947090629
60.34999999999999,0,-0.00125219545902408
60.36999999999999,0,-0.00125219620898526
60.389999999999986,0,-0.00125219695894645
60.40999999999999,0,-0.00125219770890763
60.429999999999986,0,-0.00125219845886881
60.44999999999999,0,-0.00125219920882999
60.46999999999999,0,-0.00125219995879117
60.48999999999999,0,-0.00125220070875235
60.50999999999999,0,-0.00125220145871354
60.52999999999999,0,-0.00125220220867472
60.54999999999999,0,-0.0012522029586359
60.569999999999986,0,-0.00125220370859708
60.58999999999999,0,-0.00125220445855826
60.609999999999985,0,-0.00125220520851944
60.62999999999999,0,-0.00125220595848062
60.64999999999999,0,-0.00125220670844181
60.66999999999999,0,-0.00125220745840299
60.68999999999999,0,-0.00125220820836417
60.70999999999999,0,-0.00125220895832535
60.72999999999999,0,-0.00125220970828653
60.749999999999986,0,-0.00125221045824771
60.76999999999999,0,-0.00125221120820889
60.78999999999999,0,-0.00125221195817008
60.80999999999999,0,-0.00125221270813126
60.82999999999999,0,-0.00125221345809244
60.84999999999999,0,-0.00125221420805362
60.86999999999999,0,-0.0012522149580148
60.889999999999986,0,-0.00125221570797598
60.90999999999999,0,-0.00125221645793717
60.929999999999986,0,-0.00125221720789835
60.94999999999999,0,-0.00125221795785953
60.96999999999999,0,-0.00125221870782071
60.98999999999999,0,-0.00125221945778189
61.00999999999999,0,-0.00125222020774307
61.02999999999999,0,-0.00125222095770425
61.04999999999999,0,-0.00125222170766544
61.069999999999986,0,-0.00125222245762662
61.08999999999999,0,-0.0012522232075878
61.109999999999985,0,-0.00125222395754898
61.12999999999999,0,-0.00125222470751016
61.14999999999999,0,-0.00125222545747134
61.16999999999999,0,-0.00125222620743253
61.18999999999999,0,-0.00125222695739371
61.20999999999999,0,-0.00125222770735489
61.22999999999999,0,-0.00125222845731607
61.249999999999986,0,-0.00125222920727725
61.26999999999999,0,-0.00125222995723843
61.28999999999999,0,-0.00125223070719961
61.30999999999999,0,-0.0012522314571608
61.32999999999999,0,-0.00125223220712198
61.34999999999999,0,-0.00125223295708316
61.36999999999999,0,-0.00125223370704434
61.389999999999986,0,-0.00125223445700552
61.40999999999999,0,-0.0012522352069667
61.429999999999986,0,-0.00125223595692789
61.44999999999999,0,-0.00125223670688907
61.46999999999999,0,-0.00125223745685025
61.48999999999999,0,-0.00125223820681143
61.50999999999999,0,-0.00125223895677261
61.52999999999999,0,-0.00125223970673379
61.54999999999999,0,-0.00125224045669497
61.569999999999986,0,-0.00125224120665616
61.58999999999999,0,-0.00125224195661734
61.609999999999985,0,-0.00125224270657852
61.62999999999999,0,-0.0012522434565397
61.64999999999999,0,-0.00125224420650088
61.66999999999999,0,-0.00125224495646206
61.68999999999999,0,-0.00125224570642325
61.70999999999999,0,-0.00125224645638443
61.72999999999999,0,-0.00125224720634561
61.749999999999986,0,-0.00125224795630679
61.76999999999999,0,-0.00125224870626797
61.78999999999999,0,-0.00125224945622915
61.80999999999999,0,-0.00125225020619033
61.82999999999999,0,-0.00125225095615152
61.84999999999999,0,-0.0012522517061127
61.86999999999999,0,-0.00125225245607388
61.889999999999986,0,-0.00125225320603506
61.90999999999999,0,-0.00125225395599624
61.929999999999986,0,-0.00125225470595742
61.94999999999999,0,-0.00125225545591861
61.96999999999999,0,-0.00125225620587979
61.98999999999999,0,-0.00125225695584097
62.00999999999999,0,-0.00125225770580215
62.02999999999999,0,-0.00125225845576333
62.04999999999999,0,-0.00125225920572451
62.069999999999986,0,-0.00125225995568569
62.08999999999999,0,-0.00125226070564688
62.109999999999985,0,-0.00125226145560806
62.12999999999999,0,-0.00125226220556924
62.14999999999999,0,-0.00125226295553042
62.16999999999999,0,-0.0012522637054916
62.18999999999999,0,-0.00125226445545278
62.20999999999999,0,-0.00125226520541397
62.22999999999999,0,-0.00125226595537515
62.249999999999986,0,-0.00125226670533633
62.26999999999999,0,-0.00125226745529751
62.28999999999999,0,-0.00125226820525869
62.30999999999999,0,-0.00125226895521987
62.32999999999999,0,-0.00125226970518105
62.34999999999999,0,-0.00125227045514224
62.36999999999999,0,-0.00125227120510342
62.389999999999986,0,-0.0012522719550646
62.40999999999999,0,-0.00125227270502578
62.429999999999986,0,-0.00125227345498696
62.44999999999999,0,-0.00125227420494814
62.46999999999999,0,-0.00125227495490933
62.48999999999999,0,-0.00125227570487051
62.50999999999999,0,-0.00125227645483169
62.52999999999999,0,-0.00125227720479287
62.54999999999999,0,-0.00125227795475405
62.569999999999986,0,-0.00125227870471523
62.58999999999999,0,-0.00125227945467641
62.609999999999985,0,-0.0012522802046376
62.62999999999999,0,-0.00125228095459878
62.64999999999999,0,-0.00125228170455996
62.66999999999999,0,-0.00125228245452114
62.68999999999999,0,-0.00125228320448232
62.70999999999999,0,-0.0012522839544435
62.72999999999999,0,-0.00125228470440469
62.749999999999986,0,-0.00125228545436587
62.76999999999999,0,-0.00125228620432705
62.789999999999985,0,-0.00125228695428823
62.80999999999999,0,-0.00125228770424941
62.82999999999999,0,-0.00125228845421059
62.84999999999999,0,-0.00125228920417178
62.86999999999999,0,-0.00125228995413296
62.889999999999986,0,-0.00125229070409414
62.90999999999999,0,-0.00125229145405532
62.929999999999986,0,-0.0012522922040165
62.94999999999999,0,-0.00125229295397768
62.96999999999999,0,-0.00125229370393886
62.98999999999999,0,-0.00125229445390005
63.00999999999999,0,-0.00125229520386123
63.02999999999999,0,-0.00125229595382241
63.04999999999999,0,-0.00125229670378359
63.069999999999986,0,-0.00125229745374477
63.08999999999999,0,-0.00125229820370595
63.109999999999985,0,-0.00125229895366714
63.12999999999999,0,-0.00125229970362832
63.14999999999999,0,-0.0012523004535895
63.16999999999999,0,-0.00125230120355068
63.18999999999999,0,-0.00125230195351186
63.20999999999999,0,-0.00125230270347304
63.22999999999999,0,-0.00125230345343423
63.249999999999986,0,-0.00125230420339541
63.26999999999999,0,-0.00125230495335659
63.289999999999985,0,-0.00125230570331777
63.30999999999999,0,-0.00125230645327895
63.32999999999999,0,-0.00125230720324013
63.34999999999999,0,-0.00125230795320131
63.36999999999999,0,-0.0012523087031625
63.389999999999986,0,-0.00125230945312368
63.40999999999999,0,-0.00125231020308486
63.429999999999986,0,-0.00125231095304604
63.44999999999999,0,-0.00125231170300722
63.46999999999999,0,-0.0012523124529684
63.48999999999999,0,-0.00125231320292959
63.50999999999999,0,-0.00125231395289077
63.52999999999999,0,-0.00125231470285195
63.54999999999999,0,-0.00125231545281313
63.569999999999986,0,-0.00125231620277431
63.58999999999999,0,-0.00125231695273549
63.609999999999985,0,-0.00125231770269668
63.62999999999999,0,-0.00125231845265786
63.64999999999999,0,-0.00125231920261904
63.66999999999999,0,-0.00125231995258022
63.68999999999999,0,-0.0012523207025414
63.70999999999999,0,-0.00125232145250258
63.72999999999999,0,-0.00125232220246376
63.749999999999986,0,-0.00125232295242495
63.76999999999999,0,-0.00125232370238613
63.789999999999985,0,-0.00125232445234731
63.80999999999999,0,-0.00125232520230849
63.82999999999999,0,-0.00125232595226967
63.84999999999999,0,-0.00125232670223085
63.86999999999999,0,-0.00125232745219204
63.889999999999986,0,-0.00125232820215322
63.90999999999999,0,-0.0012523289521144
63.929999999999986,0,-0.00125232970207558
63.94999999999999,0,-0.00125233045203676
63.96999999999999,0,-0.00125233120199794
63.98999999999999,0,-0.00125233195195913
64.00999999999999,0,-0.00125233270192031
64.03,0,-0.00125233345188149
64.05,0,-0.00125233420184267
64.07,0,-0.00125233495180385
64.08999999999999,0,-0.00125233570176503
64.11,0,-0.00125233645172622
64.13,0,-0.0012523372016874
64.14999999999999,0,-0.00125233795164858
64.17,0,-0.00125233870160976
64.19,0,-0.00125233945157094
64.21,0,-0.00125234020153212
64.22999999999999,0,-0.0012523409514933
64.25,0,-0.00125234170145449
64.27,0,-0.00125234245141567
64.28999999999999,0,-0.00125234320137685
64.31,0,-0.00125234395133803
64.33,0,-0.00125234470129921
64.35,0,-0.00125234545126039
64.36999999999999,0,-0.00125234620122158
64.39,0,-0.00125234695118276
64.41,0,-0.00125234770114394
64.42999999999999,0,-0.00125234845110512
64.44999999999999,0,-0.0012523492010663
64.47,0,-0.00125234995102748
64.49,0,-0.00125235070098867
64.50999999999999,0,-0.00125235145094985
64.53,0,-0.00125235220091103
64.55,0,-0.00125235295087221
64.57,0,-0.00125235370083339
64.58999999999999,0,-0.00125235445079457
64.61,0,-0.00125235520075576
64.63,0,-0.00125235595071694
64.64999999999999,0,-0.00125235670067812
64.67,0,-0.0012523574506393
64.69,0,-0.00125235820060048
64.71,0,-0.00125235895056166
64.72999999999999,0,-0.00125235970052285
64.75,0,-0.00125236045048403
64.77,0,-0.00125236120044521
64.78999999999999,0,-0.00125236195040639
64.81,0,-0.00125236270036757
64.83,0,-0.00125236345032875
64.85,0,-0.00125236420028994
64.86999999999999,0,-0.00125236495025112
64.89,0,-0.0012523657002123
64.91,0,-0.00125236645017348
64.92999999999999,0,-0.00125236720013466
64.94999999999999,0,-0.00125236795009584
64.97,0,-0.00125236870005702
64.99,0,-0.00125236945001821
65.00999999999999,0,-0.00125237019997939
65.03,0,-0.00125237094994057
65.05,0,-0.00125237169990175
65.07,0,-0.00125237244986293
65.08999999999999,0,-0.00125237319982411
65.11,0,-0.0012523739497853
65.13,0,-0.00125237469974648
65.14999999999999,0,-0.00125237544970766
65.17,0,-0.00125237619966884
65.19,0,-0.00125237694963002
65.21,0,-0.0012523776995912
65.22999999999999,0,-0.00125237844955239
65.25,0,-0.00125237919951357
65.27,0,-0.00125237994947475
65.28999999999999,0,-0.00125238069943593
65.30999999999999,0,-0.00125238144939711
65.33,0,-0.00125238219935829
65.35,0,-0.00125238294931948
65.36999999999999,0,-0.00125238369928066
65.39,0,-0.00125238444924184
65.41,0,-0.00125238519920302
65.42999999999999,0,-0.0012523859491642
65.44999999999999,0,-0.00125238669912538
65.47,0,-0.00125238744908657
65.49,0,-0.00125238819904775
65.50999999999999,0,-0.00125238894900893
65.53,0,-0.00125238969897011
65.55,0,-0.00125239044893129
65.57,0,-0.00125239119889247
65.58999999999999,0,-0.00125239194885366
65.61,0,-0.00125239269881484
65.63,0,-0.00125239344877602
65.64999999999999,0,-0.0012523941987372
65.67,0,-0.00125239494869838
65.69,0,-0.00125239569865956
65.71,0,-0.00125239644862075
65.72999999999999,0,-0.00125239719858193
65.75,0,-0.00125239794854311
65.77,0,-0.00125239869850429
65.78999999999999,0,-0.00125239944846547
65.80999999999999,0,-0.00125240019842665
65.83,0,-0.00125240094838784
65.85,0,-0.00125240169834902
65.86999999999999,0,-0.0012524024483102
65.89,0,-0.00125240319827138
65.91,0,-0.00125240394823256
65.92999999999999,0,-0.00125240469819374
65.94999999999999,0,-0.00125240544815493
65.97,0,-0.00125240619811611
65.99,0,-0.00125240694807729
66.00999999999999,0,-0.00125240769803847
66.03,0,-0.00125240844799965
66.05,0,-0.00125240919796083
66.07,0,-0.00125240994792202
66.08999999999999,0,-0.0012524106978832
66.11,0,-0.00125241144784438
66.13,0,-0.00125241219780556
66.14999999999999,0,-0.00125241294776674
66.17,0,-0.00125241369772792
66.19,0,-0.00125241444768911
66.21,0,-0.00125241519765029
66.22999999999999,0,-0.00125241594761147
66.25,0,-0.00125241669757265
66.27,0,-0.00125241744753383
66.28999999999999,0,-0.00125241819749501
66.30999999999999,0,-0.0012524189474562
66.33,0,-0.00125241969741738
66.35,0,-0.00125242044737856
66.36999999999999,0,-0.00125242119733974
66.39,0,-0.00125242194730092
66.41,0,-0.0012524226972621
66.42999999999999,0,-0.00125242344722329
66.44999999999999,0,-0.00125242419718447
66.47,0,-0.00125242494714565
66.49,0,-0.00125242569710683
66.50999999999999,0,-0.00125242644706801
66.53,0,-0.00125242719702919
66.55,0,-0.00125242794699038
66.57,0,-0.00125242869695156
66.58999999999999,0,-0.00125242944691274
66.61,0,-0.00125243019687392
66.63,0,-0.0012524309468351
66.64999999999999,0,-0.00125243169679628
66.67,0,-0.00125243244675747
66.69,0,-0.00125243319671865
66.71,0,-0.00125243394667983
66.72999999999999,0,-0.00125243469664101
66.75,0,-0.00125243544660219
66.77,0,-0.00125243619656337
66.78999999999999,0,-0.00125243694652456
66.80999999999999,0,-0.00125243769648574
66.83,0,-0.00125243844644692
66.85,0,-0.0012524391964081
66.86999999999999,0,-0.00125243994636928
66.89,0,-0.00125244069633046
66.91,0,-0.00125244144629165
66.92999999999999,0,-0.00125244219625283
66.94999999999999,0,-0.00125244294621401
66.97,0,-0.00125244369617519
66.99,0,-0.00125244444613637
67.00999999999999,0,-0.00125244519609755
67.03,0,-0.00125244594605874
67.05,0,-0.00125244669601992
67.07,0,-0.0012524474459811
67.08999999999999,0,-0.00125244819594228
67.11,0,-0.00125244894590346
67.13,0,-0.00125244969586464
67.14999999999999,0,-0.00125245044582583
67.17,0,-0.00125245119578701
67.19,0,-0.00125245194574819
67.21,0,-0.00125245269570937
67.22999999999999,0,-0.00125245344567055
67.25,0,-0.00125245419563173
67.27,0,-0.00125245494559292
67.28999999999999,0,-0.0012524556955541
67.30999999999999,0,-0.00125245644551528
67.33,0,-0.00125245719547646
67.35,0,-0.00125245794543764
67.36999999999999,0,-0.00125245869539882
67.39,0,-0.00125245944536001
67.41,0,-0.00125246019532119
67.42999999999999,0,-0.00125246094528237
67.44999999999999,0,-0.00125246169524355
67.47,0,-0.00125246244520473
67.49,0,-0.00125246319516591
67.50999999999999,0,-0.0012524639451271
67.53,0,-0.00125246469508828
67.55,0,-0.00125246544504946
67.57,0,-0.00125246619501064
67.58999999999999,0,-0.00125246694497182
67.61,0,-0.001252467694933
67.63,0,-0.00125246844489419
67.64999999999999,0,-0.00125246919485537
67.67,0,-0.00125246994481655
67.69,0,-0.00125247069477773
67.71,0,-0.00125247144473891
67.72999999999999,0,-0.00125247219470009
67.75,0,-0.00125247294466128
67.77,0,-0.00125247369462246
67.78999999999999,0,-0.00125247444458364
67.80999999999999,0,-0.00125247519454482
67.83,0,-0.001252475944506
67.85,0,-0.00125247669446719
67.86999999999999,0,-0.00125247744442837
67.89,0,-0.00125247819438955
67.91,0,-0.00125247894435073
67.92999999999999,0,-0.00125247969431191
67.94999999999999,0,-0.00125248044427309
67.97,0,-0.00125248119423428
67.99,0,-0.00125248194419546
68.00999999999999,0,-0.00125248269415664
68.03,0,-0.00125248344411782
68.05,0,-0.001252484194079
68.07,0,-0.00125248494404018
68.08999999999999,0,-0.00125248569400137
68.11,0,-0.00125248644396255
68.13,0,-0.00125248719392373
68.14999999999999,0,-0.00125248794388491
68.17,0,-0.00125248869384609
68.19,0,-0.00125248944380727
68.21,0,-0.00125249019376846
68.22999999999999,0,-0.00125249094372964
68.25,0,-0.00125249169369082
68.27,0,-0.001252492443652
68.28999999999999,0,-0.00125249319361318
68.30999999999999,0,-0.00125249394357436
68.33,0,-0.00125249469353555
68.35,0,-0.00125249544349673
68.36999999999999,0,-0.00125249619345791
68.39,0,-0.00125249694341909
68.41,0,-0.00125249769338027
68.42999999999999,0,-0.00125249844334145
68.44999999999999,0,-0.00125249919330264
68.47,0,-0.00125249994326382
68.49,0,-0.001252500693225
68.50999999999999,0,-0.00125250144318618
68.53,0,-0.00125250219314736
68.55,0,-0.00125250294310855
68.57,0,-0.00125250369306973
68.58999999999999,0,-0.00125250444303091
68.61,0,-0.00125250519299209
68.63,0,-0.00125250594295327
68.64999999999999,0,-0.00125250669291445
68.67,0,-0.00125250744287564
68.69,0,-0.00125250819283682
68.71,0,-0.001252508942798
68.72999999999999,0,-0.00125250969275918
68.75,0,-0.00125251044272036
68.77,0,-0.00125251119268154
68.78999999999999,0,-0.00125251194264273
68.80999999999999,0,-0.00125251269260391
68.83,0,-0.00125251344256509
68.85,0,-0.00125251419252627
68.86999999999999,0,-0.00125251494248745
68.89,0,-0.00125251569244863
68.91,0,-0.00125251644240982
68.92999999999999,0,-0.001252517192371
68.94999999999999,0,-0.00125251794233218
68.97,0,-0.00125251869229336
68.99,0,-0.00125251944225454
69.00999999999999,0,-0.00125252019221572
69.03,0,-0.00125252094217691
69.05,0,-0.00125252169213809
69.07,0,-0.00125252244209927
69.08999999999999,0,-0.00125252319206045
69.11,0,-0.00125252394202163
69.13,0,-0.00125252469198282
69.14999999999999,0,-0.001252525441944
69.16999999999999,0,-0.00125252619190518
69.19,0,-0.00125252694186636
69.21,0,-0.00125252769182754
69.22999999999999,0,-0.00125252844178872
69.25,0,-0.00125252919174991
69.27,0,-0.00125252994171109
69.28999999999999,0,-0.00125253069167227
69.30999999999999,0,-0.00125253144163345
69.33,0,-0.00125253219159463
69.35,0,-0.00125253294155581
69.36999999999999,0,-0.001252533691517
69.39,0,-0.00125253444147818
69.41,0,-0.00125253519143936
69.42999999999999,0,-0.00125253594140054
69.44999999999999,0,-0.00125253669136172
69.47,0,-0.00125253744132291
69.49,0,-0.00125253819128409
69.50999999999999,0,-0.00125253894124527
69.53,0,-0.00125253969120645
69.55,0,-0.00125254044116763
69.57,0,-0.00125254119112881
69.58999999999999,0,-0.00125254194109
69.61,0,-0.00125254269105118
69.63,0,-0.00125254344101236
69.64999999999999,0,-0.00125254419097354
69.66999999999999,0,-0.00125254494093472
69.69,0,-0.0012525456908959
69.71,0,-0.00125254644085709
69.72999999999999,0,-0.00125254719081827
69.75,0,-0.00125254794077945
69.77,0,-0.00125254869074063
69.78999999999999,0,-0.00125254944070181
69.80999999999999,0,-0.00125255019066299
69.83,0,-0.00125255094062418
69.85,0,-0.00125255169058536
69.86999999999999,0,-0.00125255244054654
69.89,0,-0.00125255319050772
69.91,0,-0.0012525539404689
69.92999999999999,0,-0.00125255469043009
69.94999999999999,0,-0.00125255544039127
69.97,0,-0.00125255619035245
69.99,0,-0.00125255694031363
70.00999999999999,0,-0.00125255769027481
70.03,0,-0.00125255844023599
70.05,0,-0.00125255919019718
70.07,0,-0.00125255994015836
70.08999999999999,0,-0.00125256069011954
70.11,0,-0.00125256144008072
70.13,0,-0.0012525621900419
70.14999999999999,0,-0.00125256294000308
70.16999999999999,0,-0.00125256368996427
70.19,0,-0.00125256443992545
70.21,0,-0.00125256518988663
70.22999999999999,0,-0.00125256593984781
70.25,0,-0.00125256668980899
70.27,0,-0.00125256743977018
70.28999999999999,0,-0.00125256818973136
70.30999999999999,0,-0.00125256893969254
70.33,0,-0.00125256968965372
70.35,0,-0.0012525704396149
70.36999999999999,0,-0.00125257118957608
70.39,0,-0.00125257193953727
70.41,0,-0.00125257268949845
70.42999999999999,0,-0.00125257343945963
70.44999999999999,0,-0.00125257418942081
70.47,0,-0.00125257493938199
70.49,0,-0.00125257568934318
70.50999999999999,0,-0.00125257643930436
70.53,0,-0.00125257718926554
70.55,0,-0.00125257793922672
70.57,0,-0.0012525786891879
70.58999999999999,0,-0.00125257943914908
70.61,0,-0.00125258018911027
70.63,0,-0.00125258093907145
70.64999999999999,0,-0.00125258168903263
70.66999999999999,0,-0.00125258243899381
70.69,0,-0.00125258318895499
70.71,0,-0.00125258393891617
70.72999999999999,0,-0.00125258468887736
70.75,0,-0.00125258543883854
70.77,0,-0.00125258618879972
70.78999999999999,0,-0.0012525869387609
70.80999999999999,0,-0.00125258768872208
70.83,0,-0.00125258843868327
70.85,0,-0.00125258918864445
70.86999999999999,0,-0.00125258993860563
70.89,0,-0.00125259068856681
70.91,0,-0.00125259143852799
70.92999999999999,0,-0.00125259218848917
70.94999999999999,0,-0.00125259293845036
70.97,0,-0.00125259368841154
70.99,0,-0.00125259443837272
71.00999999999999,0,-0.0012525951883339
71.03,0,-0.00125259593829508
71.05,0,-0.00125259668825627
71.07,0,-0.00125259743821745
71.08999999999999,0,-0.00125259818817863
71.11,0,-0.00125259893813981
71.13,0,-0.00125259968810099
71.14999999999999,0,-0.00125260043806217
71.16999999999999,0,-0.00125260118802336
71.19,0,-0.00125260193798454
71.21,0,-0.00125260268794572
71.22999999999999,0,-0.0012526034379069
71.25,0,-0.00125260418786808
71.27,0,-0.00125260493782926
71.28999999999999,0,-0.00125260568779045
71.30999999999999,0,-0.00125260643775163
71.33,0,-0.00125260718771281
71.35,0,-0.00125260793767399
71.36999999999999,0,-0.00125260868763517
71.39,0,-0.00125260943759636
71.41,0,-0.00125261018755754
71.42999999999999,0,-0.00125261093751872
71.44999999999999,0,-0.0012526116874799
71.47,0,-0.00125261243744108
71.49,0,-0.00125261318740226
71.50999999999999,0,-0.00125261393736345
71.53,0,-0.00125261468732463
71.55,0,-0.00125261543728581
71.57,0,-0.00125261618724699
71.58999999999999,0,-0.00125261693720817
71.61,0,-0.00125261768716936
71.63,0,-0.00125261843713054
71.64999999999999,0,-0.00125261918709172
71.66999999999999,0,-0.0012526199370529
71.69,0,-0.00125262068701408
71.71,0,-0.00125262143697526
71.72999999999999,0,-0.00125262218693645
71.75,0,-0.00125262293689763
71.77,0,-0.00125262368685881
71.78999999999999,0,-0.00125262443681999
71.80999999999999,0,-0.00125262518678117
71.83,0,-0.00125262593674236
71.85,0,-0.00125262668670354
71.86999999999999,0,-0.00125262743666472
71.89,0,-0.0012526281866259
71.91,0,-0.00125262893658708
71.92999999999999,0,-0.00125262968654826
71.94999999999999,0,-0.00125263043650945
71.97,0,-0.00125263118647063
71.99,0,-0.00125263193643181
72.00999999999999,0,-0.00125263268639299
72.03,0,-0.00125263343635417
72.05,0,-0.00125263418631536
72.07,0,-0.00125263493627654
72.08999999999999,0,-0.00125263568623772
72.11,0,-0.0012526364361989
72.13,0,-0.00125263718616008
72.14999999999999,0,-0.00125263793612126
72.16999999999999,0,-0.00125263868608245
72.19,0,-0.00125263943604363
72.21,0,-0.00125264018600481
72.22999999999999,0,-0.00125264093596599
72.25,0,-0.00125264168592717
72.27,0,-0.00125264243588836
72.28999999999999,0,-0.00125264318584954
72.30999999999999,0,-0.00125264393581072
72.33,0,-0.0012526446857719
72.35,0,-0.00125264543573308
72.36999999999999,0,-0.00125264618569426
72.39,0,-0.00125264693565545
72.41,0,-0.00125264768561663
72.42999999999999,0,-0.00125264843557781
72.44999999999999,0,-0.00125264918553899
72.47,0,-0.00125264993550017
72.49,0,-0.00125265068546136
72.50999999999999,0,-0.00125265143542254
72.53,0,-0.00125265218538372
72.55,0,-0.0012526529353449
72.57,0,-0.00125265368530608
72.58999999999999,0,-0.00125265443526726
72.61,0,-0.00125265518522845
72.63,0,-0.00125265593518963
72.64999999999999,0,-0.00125265668515081
72.66999999999999,0,-0.00125265743511199
72.69,0,-0.00125265818507317
72.71,0,-0.00125265893503436
72.72999999999999,0,-0.00125265968499554
72.75,0,-0.00125266043495672
72.77,0,-0.0012526611849179
72.78999999999999,0,-0.00125266193487908
72.80999999999999,0,-0.00125266268484027
72.83,0,-0.00125266343480145
72.85,0,-0.00125266418476263
72.86999999999999,0,-0.00125266493472381
72.89,0,-0.00125266568468499
72.91,0,-0.00125266643464617
72.92999999999999,0,-0.00125266718460736
72.94999999999999,0,-0.00125266793456854
72.97,0,-0.00125266868452972
72.99,0,-0.0012526694344909
73.00999999999999,0,-0.00125267018445208
73.02999999999999,0,-0.00125267093441327
73.05,0,-0.00125267168437445
73.07,0,-0.00125267243433563
73.08999999999999,0,-0.00125267318429681
73.11,0,-0.00125267393425799
73.13,0,-0.00125267468421917
73.14999999999999,0,-0.00125267543418036
73.16999999999999,0,-0.00125267618414154
73.19,0,-0.00125267693410272
73.21,0,-0.0012526776840639
73.22999999999999,0,-0.00125267843402508
73.25,0,-0.00125267918398627
73.27,0,-0.00125267993394745
73.28999999999999,0,-0.00125268068390863
73.30999999999999,0,-0.00125268143386981
73.33,0,-0.00125268218383099
73.35,0,-0.00125268293379217
73.36999999999999,0,-0.00125268368375336
73.39,0,-0.00125268443371454
73.41,0,-0.00125268518367572
73.42999999999999,0,-0.0012526859336369
73.44999999999999,0,-0.00125268668359808
73.47,0,-0.00125268743355927
73.49,0,-0.00125268818352045
73.50999999999999,0,-0.00125268893348163
73.52999999999999,0,-0.00125268968344281
73.55,0,-0.00125269043340399
73.57,0,-0.00125269118336518
73.58999999999999,0,-0.00125269193332636
73.61,0,-0.00125269268328754
73.63,0,-0.00125269343324872
73.64999999999999,0,-0.0012526941832099
73.66999999999999,0,-0.00125269493317108
73.69,0,-0.00125269568313227
73.71,0,-0.00125269643309345
73.72999999999999,0,-0.00125269718305463
73.75,0,-0.00125269793301581
73.77,0,-0.00125269868297699
73.78999999999999,0,-0.00125269943293818
73.80999999999999,0,-0.00125270018289936
73.83,0,-0.00125270093286054
73.85,0,-0.00125270168282172
73.86999999999999,0,-0.0012527024327829
73.89,0,-0.00125270318274409
73.91,0,-0.00125270393270527
73.92999999999999,0,-0.00125270468266645
73.94999999999999,0,-0.00125270543262763
73.97,0,-0.00125270618258881
73.99,0,-0.00125270693254999
74.00999999999999,0,-0.00125270768251118
74.02999999999999,0,-0.00125270843247236
74.05,0,-0.00125270918243354
74.07,0,-0.00125270993239472
74.08999999999999,0,-0.0012527106823559
74.11,0,-0.00125271143231709
74.13,0,-0.00125271218227827
74.14999999999999,0,-0.00125271293223945
74.16999999999999,0,-0.00125271368220063
74.19,0,-0.00125271443216181
74.21,0,-0.001252715182123
74.22999999999999,0,-0.00125271593208418
74.25,0,-0.00125271668204536
74.27,0,-0.00125271743200654
74.28999999999999,0,-0.00125271818196772
74.30999999999999,0,-0.0012527189319289
74.33,0,-0.00125271968189009
74.35,0,-0.00125272043185127
74.36999999999999,0,-0.00125272118181245
74.39,0,-0.00125272193177363
74.41,0,-0.00125272268173481
74.42999999999999,0,-0.001252723431696
74.44999999999999,0,-0.00125272418165718
74.47,0,-0.00125272493161836
74.49,0,-0.00125272568157954
74.50999999999999,0,-0.00125272643154072
74.52999999999999,0,-0.00125272718150191
74.55,0,-0.00125272793146309
74.57,0,-0.00125272868142427
74.58999999999999,0,-0.00125272943138545
74.61,0,-0.00125273018134663
74.63,0,-0.00125273093130781
74.64999999999999,0,-0.001252731681269
74.66999999999999,0,-0.00125273243123018
74.69,0,-0.00125273318119136
74.71,0,-0.00125273393115254
74.72999999999999,0,-0.00125273468111372
74.75,0,-0.00125273543107491
74.77,0,-0.00125273618103609
74.78999999999999,0,-0.00125273693099727
74.80999999999999,0,-0.00125273768095845
74.83,0,-0.00125273843091963
74.85,0,-0.00125273918088082
74.86999999999999,0,-0.001252739930842
74.89,0,-0.00125274068080318
74.91,0,-0.00125274143076436
74.92999999999999,0,-0.00125274218072554
74.94999999999999,0,-0.00125274293068673
74.97,0,-0.00125274368064791
74.99,0,-0.00125274443060909
75.00999999999999,0,-0.00125274518057027
75.02999999999999,0,-0.00125274593053145
75.05,0,-0.00125274668049263
75.07,0,-0.00125274743045382
75.08999999999999,0,-0.001252748180415
75.11,0,-0.00125274893037618
75.13,0,-0.00125274968033736
75.14999999999999,0,-0.00125275043029854
75.16999999999999,0,-0.00125275118025973
75.19,0,-0.00125275193022091
75.21,0,-0.00125275268018209
75.22999999999999,0,-0.00125275343014327
75.25,0,-0.00125275418010445
75.27,0,-0.00125275493006564
75.28999999999999,0,-0.00125275568002682
75.30999999999999,0,-0.001252756429988
75.33,0,-0.00125275717994918
75.35,0,-0.00125275792991036
75.36999999999999,0,-0.00125275867987155
75.39,0,-0.00125275942983273
75.41,0,-0.00125276017979391
75.42999999999999,0,-0.00125276092975509
75.44999999999999,0,-0.00125276167971627
75.47,0,-0.00125276242967745
75.49,0,-0.00125276317963864
75.50999999999999,0,-0.00125276392959982
75.52999999999999,0,-0.001252764679561
75.55,0,-0.00125276542952218
75.57,0,-0.00125276617948336
75.58999999999999,0,-0.00125276692944455
75.61,0,-0.00125276767940573
75.63,0,-0.00125276842936691
75.64999999999999,0,-0.00125276917932809
75.66999999999999,0,-0.00125276992928927
75.69,0,-0.00125277067925046
75.71,0,-0.00125277142921164
75.72999999999999,0,-0.00125277217917282
75.75,0,-0.001252772929134
75.77,0,-0.00125277367909518
75.78999999999999,0,-0.00125277442905637
75.80999999999999,0,-0.00125277517901755
75.83,0,-0.00125277592897873
75.85,0,-0.00125277667893991
75.86999999999999,0,-0.00125277742890109
75.89,0,-0.00125277817886228
75.91,0,-0.00125277892882346
75.92999999999999,0,-0.00125277967878464
75.94999999999999,0,-0.00125278042874582
75.97,0,-0.001252781178707
75.99,0,-0.00125278192866818
76.00999999999999,0,-0.00125278267862937
76.02999999999999,0,-0.00125278342859055
76.05,0,-0.00125278417855173
76.07,0,-0.00125278492851291
76.08999999999999,0,-0.00125278567847409
76.11,0,-0.00125278642843528
76.13,0,-0.00125278717839646
76.14999999999999,0,-0.00125278792835764
76.16999999999999,0,-0.00125278867831882
76.19,0,-0.00125278942828
76.21,0,-0.00125279017824119
76.22999999999999,0,-0.00125279092820237
76.25,0,-0.00125279167816355
76.27,0,-0.00125279242812473
76.28999999999999,0,-0.00125279317808591
76.30999999999999,0,-0.0012527939280471
76.33,0,-0.00125279467800828
76.35,0,-0.00125279542796946
76.36999999999999,0,-0.00125279617793064
76.38999999999999,0,-0.00125279692789182
76.41,0,-0.00125279767785301
76.42999999999999,0,-0.00125279842781419
76.44999999999999,0,-0.00125279917777537
76.47,0,-0.00125279992773655
76.49,0,-0.00125280067769773
76.50999999999999,0,-0.00125280142765891
76.52999999999999,0,-0.0012528021776201
76.55,0,-0.00125280292758128
76.57,0,-0.00125280367754246
76.58999999999999,0,-0.00125280442750364
76.61,0,-0.00125280517746482
76.63,0,-0.00125280592742601
76.64999999999999,0,-0.00125280667738719
76.66999999999999,0,-0.00125280742734837
76.69,0,-0.00125280817730955
76.71,0,-0.00125280892727073
76.72999999999999,0,-0.00125280967723192
76.75,0,-0.0012528104271931
76.77,0,-0.00125281117715428
76.78999999999999,0,-0.00125281192711546
76.80999999999999,0,-0.00125281267707664
76.83,0,-0.00125281342703783
76.85,0,-0.00125281417699901
76.86999999999999,0,-0.00125281492696019
76.88999999999999,0,-0.00125281567692137
76.91,0,-0.00125281642688255
76.92999999999999,0,-0.00125281717684374
76.94999999999999,0,-0.00125281792680492
76.97,0,-0.0012528186767661
76.99,0,-0.00125281942672728
77.00999999999999,0,-0.00125282017668846
77.02999999999999,0,-0.00125282092664965
77.05,0,-0.00125282167661083
77.07,0,-0.00125282242657201
77.08999999999999,0,-0.00125282317653319
77.11,0,-0.00125282392649437
77.13,0,-0.00125282467645556
77.14999999999999,0,-0.00125282542641674
77.16999999999999,0,-0.00125282617637792
77.19,0,-0.0012528269263391
77.21,0,-0.00125282767630028
77.22999999999999,0,-0.00125282842626147
77.25,0,-0.00125282917622265
77.27,0,-0.00125282992618383
77.28999999999999,0,-0.00125283067614501
77.30999999999999,0,-0.00125283142610619
77.33,0,-0.00125283217606738
77.35,0,-0.00125283292602856
77.36999999999999,0,-0.00125283367598974
77.38999999999999,0,-0.00125283442595092
77.41,0,-0.0012528351759121
77.42999999999999,0,-0.00125283592587328
77.44999999999999,0,-0.00125283667583447
77.47,0,-0.00125283742579565
77.49,0,-0.00125283817575683
77.50999999999999,0,-0.00125283892571801
77.52999999999999,0,-0.00125283967567919
77.55,0,-0.00125284042564038
77.57,0,-0.00125284117560156
77.58999999999999,0,-0.00125284192556274
77.61,0,-0.00125284267552392
77.63,0,-0.0012528434254851
77.64999999999999,0,-0.00125284417544629
77.66999999999999,0,-0.00125284492540747
77.69,0,-0.00125284567536865
77.71,0,-0.00125284642532983
77.72999999999999,0,-0.00125284717529101
77.75,0,-0.0012528479252522
77.77,0,-0.00125284867521338
77.78999999999999,0,-0.00125284942517456
77.80999999999999,0,-0.00125285017513574
77.83,0,-0.00125285092509692
77.85,0,-0.00125285167505811
77.86999999999999,0,-0.00125285242501929
77.88999999999999,0,-0.00125285317498047
77.91,0,-0.00125285392494165
77.92999999999999,0,-0.00125285467490283
77.94999999999999,0,-0.00125285542486402
77.97,0,-0.0012528561748252
77.99,0,-0.00125285692478638
78.00999999999999,0,-0.00125285767474756
78.02999999999999,0,-0.00125285842470874
78.05,0,-0.00125285917466993
78.07,0,-0.00125285992463111
78.08999999999999,0,-0.00125286067459229
78.11,0,-0.00125286142455347
78.13,0,-0.00125286217451465
78.14999999999999,0,-0.00125286292447584
78.16999999999999,0,-0.00125286367443702
78.19,0,-0.0012528644243982
78.21,0,-0.00125286517435938
78.22999999999999,0,-0.00125286592432056
78.25,0,-0.00125286667428175
78.27,0,-0.00125286742424293
78.28999999999999,0,-0.00125286817420411
78.30999999999999,0,-0.00125286892416529
78.33,0,-0.00125286967412647
78.35,0,-0.00125287042408766
78.36999999999999,0,-0.00125287117404884
78.38999999999999,0,-0.00125287192401002
78.41,0,-0.0012528726739712
78.42999999999999,0,-0.00125287342393238
78.44999999999999,0,-0.00125287417389357
78.47,0,-0.00125287492385475
78.49,0,-0.00125287567381593
78.50999999999999,0,-0.00125287642377711
78.52999999999999,0,-0.00125287717373829
78.55,0,-0.00125287792369948
78.57,0,-0.00125287867366066
78.58999999999999,0,-0.00125287942362184
78.61,0,-0.00125288017358302
78.63,0,-0.0012528809235442
78.64999999999999,0,-0.00125288167350539
78.66999999999999,0,-0.00125288242346657
78.69,0,-0.00125288317342775
78.71,0,-0.00125288392338893
78.72999999999999,0,-0.00125288467335011
78.75,0,-0.0012528854233113
78.77,0,-0.00125288617327248
78.78999999999999,0,-0.00125288692323366
78.80999999999999,0,-0.00125288767319484
78.83,0,-0.00125288842315602
78.85,0,-0.00125288917311721
78.86999999999999,0,-0.00125288992307839
78.88999999999999,0,-0.00125289067303957
78.91,0,-0.00125289142300075
78.92999999999999,0,-0.00125289217296193
78.94999999999999,0,-0.00125289292292312
78.97,0,-0.0012528936728843
78.99,0,-0.00125289442284548
79.00999999999999,0,-0.00125289517280666
79.02999999999999,0,-0.00125289592276784
79.05,0,-0.00125289667272903
79.07,0,-0.00125289742269021
79.08999999999999,0,-0.00125289817265139
79.11,0,-0.00125289892261257
79.13,0,-0.00125289967257375
79.14999999999999,0,-0.00125290042253494
79.16999999999999,0,-0.00125290117249612
79.19,0,-0.0012529019224573
79.21,0,-0.00125290267241848
79.22999999999999,0,-0.00125290342237966
79.25,0,-0.00125290417234085
79.27,0,-0.00125290492230203
79.28999999999999,0,-0.00125290567226321
79.30999999999999,0,-0.00125290642222439
79.33,0,-0.00125290717218557
79.35,0,-0.00125290792214676
79.36999999999999,0,-0.00125290867210794
79.38999999999999,0,-0.00125290942206912
79.41,0,-0.0012529101720303
79.42999999999999,0,-0.00125291092199148
79.44999999999999,0,-0.00125291167195267
79.47,0,-0.00125291242191385
79.49,0,-0.00125291317187503
79.50999999999999,0,-0.00125291392183621
79.52999999999999,0,-0.00125291467179739
79.55,0,-0.00125291542175858
79.57,0,-0.00125291617171976
79.58999999999999,0,-0.00125291692168094
79.61,0,-0.00125291767164212
79.63,0,-0.0012529184216033
79.64999999999999,0,-0.00125291917156449
79.66999999999999,0,-0.00125291992152567
79.69,0,-0.00125292067148685
79.71,0,-0.00125292142144803
79.72999999999999,0,-0.00125292217140921
79.75,0,-0.0012529229213704
79.77,0,-0.00125292367133158
79.78999999999999,0,-0.00125292442129276
79.80999999999999,0,-0.00125292517125394
79.83,0,-0.00125292592121512
79.85,0,-0.00125292667117631
79.86999999999999,0,-0.00125292742113749
79.88999999999999,0,-0.00125292817109867
79.91,0,-0.00125292892105985
79.92999999999999,0,-0.00125292967102103
79.94999999999999,0,-0.00125293042098222
79.97,0,-0.0012529311709434
79.99,0,-0.00125293192090458
80.00999999999999,0,-0.00125293267086576
80.02999999999999,0,-0.00125293342082695
80.05,0,-0.00125293417078813
80.07,0,-0.00125293492074931
80.08999999999999,0,-0.00125293567071049
80.11,0,-0.00125293642067167
80.13,0,-0.00125293717063286
80.14999999999999,0,-0.00125293792059404
80.16999999999999,0,-0.00125293867055522
80.19,0,-0.0012529394205164
80.21,0,-0.00125294017047758
80.22999999999999,0,-0.00125294092043877
80.24999999999999,0,-0.00125294167039995
80.27,0,-0.00125294242036113
80.28999999999999,0,-0.00125294317032231
80.30999999999999,0,-0.00125294392028349
80.33,0,-0.00125294467024468
80.35,0,-0.00125294542020586
80.36999999999999,0,-0.00125294617016704
80.38999999999999,0,-0.00125294692012822
80.41,0,-0.0012529476700894
80.42999999999999,0,-0.00125294842005059
80.44999999999999,0,-0.00125294917001177
80.47,0,-0.00125294991997295
80.49,0,-0.00125295066993413
80.50999999999999,0,-0.00125295141989531
80.52999999999999,0,-0.0012529521698565
80.55,0,-0.00125295291981768
80.57,0,-0.00125295366977886
80.58999999999999,0,-0.00125295441974004
80.61,0,-0.00125295516970122
80.63,0,-0.00125295591966241
80.64999999999999,0,-0.00125295666962359
80.66999999999999,0,-0.00125295741958477
80.69,0,-0.00125295816954595
80.71,0,-0.00125295891950713
80.72999999999999,0,-0.00125295966946832
80.74999999999999,0,-0.0012529604194295
80.77,0,-0.00125296116939068
80.78999999999999,0,-0.00125296191935186
80.80999999999999,0,-0.00125296266931304
80.83,0,-0.00125296341927423
80.85,0,-0.00125296416923541
80.86999999999999,0,-0.00125296491919659
80.88999999999999,0,-0.00125296566915777
80.91,0,-0.00125296641911896
80.92999999999999,0,-0.00125296716908014
80.94999999999999,0,-0.00125296791904132
80.97,0,-0.0012529686690025
80.99,0,-0.00125296941896368
81.00999999999999,0,-0.00125297016892487
81.02999999999999,0,-0.00125297091888605
81.05,0,-0.00125297166884723
81.07,0,-0.00125297241880841
81.08999999999999,0,-0.00125297316876959
81.11,0,-0.00125297391873078
81.13,0,-0.00125297466869196
81.14999999999999,0,-0.00125297541865314
81.16999999999999,0,-0.00125297616861432
81.19,0,-0.0012529769185755
81.21,0,-0.00125297766853669
81.22999999999999,0,-0.00125297841849787
81.24999999999999,0,-0.00125297916845905
81.27,0,-0.00125297991842023
81.28999999999999,0,-0.00125298066838141
81.30999999999999,0,-0.0012529814183426
81.33,0,-0.00125298216830378
81.35,0,-0.00125298291826496
81.36999999999999,0,-0.00125298366822614
81.38999999999999,0,-0.00125298441818732
81.41,0,-0.00125298516814851
81.42999999999999,0,-0.00125298591810969
81.44999999999999,0,-0.00125298666807087
81.47,0,-0.00125298741803205
81.49,0,-0.00125298816799324
81.50999999999999,0,-0.00125298891795442
81.52999999999999,0,-0.0012529896679156
81.55,0,-0.00125299041787678
81.57,0,-0.00125299116783796
81.58999999999999,0,-0.00125299191779915
81.61,0,-0.00125299266776033
81.63,0,-0.00125299341772151
81.64999999999999,0,-0.00125299416768269
81.66999999999999,0,-0.00125299491764387
81.69,0,-0.00125299566760506
81.71,0,-0.00125299641756624
81.72999999999999,0,-0.00125299716752742
81.74999999999999,0,-0.0012529979174886
81.77,0,-0.00125299866744978
81.78999999999999,0,-0.00125299941741097
81.80999999999999,0,-0.00125300016737215
81.83,0,-0.00125300091733333
81.85,0,-0.00125300166729451
81.86999999999999,0,-0.00125300241725569
81.88999999999999,0,-0.00125300316721688
81.91,0,-0.00125300391717806
81.92999999999999,0,-0.00125300466713924
81.94999999999999,0,-0.00125300541710042
81.97,0,-0.00125300616706161
81.99,0,-0.00125300691702279
82.00999999999999,0,-0.00125300766698397
82.02999999999999,0,-0.00125300841694515
82.05,0,-0.00125300916690633
82.07,0,-0.00125300991686752
82.08999999999999,0,-0.0012530106668287
82.11,0,-0.00125301141678988
82.13,0,-0.00125301216675106
82.14999999999999,0,-0.00125301291671224
82.16999999999999,0,-0.00125301366667343
82.19,0,-0.00125301441663461
82.21,0,-0.00125301516659579
82.22999999999999,0,-0.00125301591655697
82.24999999999999,0,-0.00125301666651815
82.27,0,-0.00125301741647934
82.28999999999999,0,-0.00125301816644052
82.30999999999999,0,-0.0012530189164017
82.33,0,-0.00125301966636288
82.35,0,-0.00125302041632407
82.36999999999999,0,-0.00125302116628525
82.38999999999999,0,-0.00125302191624643
82.41,0,-0.00125302266620761
82.42999999999999,0,-0.00125302341616879
82.44999999999999,0,-0.00125302416612998
82.47,0,-0.00125302491609116
82.49,0,-0.00125302566605234
82.50999999999999,0,-0.00125302641601352
82.52999999999999,0,-0.0012530271659747
82.55,0,-0.00125302791593589
82.57,0,-0.00125302866589707
82.58999999999999,0,-0.00125302941585825
82.61,0,-0.00125303016581943
82.63,0,-0.00125303091578061
82.64999999999999,0,-0.0012530316657418
82.66999999999999,0,-0.00125303241570298
82.69,0,-0.00125303316566416
82.71,0,-0.00125303391562534
82.72999999999999,0,-0.00125303466558652
82.74999999999999,0,-0.00125303541554771
82.77,0,-0.00125303616550889
82.78999999999999,0,-0.00125303691547007
82.80999999999999,0,-0.00125303766543125
82.83,0,-0.00125303841539244
82.85,0,-0.00125303916535362
82.86999999999999,0,-0.0012530399153148
82.88999999999999,0,-0.00125304066527598
82.91,0,-0.00125304141523716
82.92999999999999,0,-0.00125304216519835
82.94999999999999,0,-0.00125304291515953
82.97,0,-0.00125304366512071
82.99,0,-0.00125304441508189
83.00999999999999,0,-0.00125304516504307
83.02999999999999,0,-0.00125304591500426
83.05,0,-0.00125304666496544
83.07,0,-0.00125304741492662
83.08999999999999,0,-0.0012530481648878
83.11,0,-0.00125304891484899
83.13,0,-0.00125304966481017
83.14999999999999,0,-0.00125305041477135
83.16999999999999,0,-0.00125305116473253
83.19,0,-0.00125305191469371
83.21,0,-0.0012530526646549
83.22999999999999,0,-0.00125305341461608
83.24999999999999,0,-0.00125305416457726
83.27,0,-0.00125305491453844
83.28999999999999,0,-0.00125305566449962
83.30999999999999,0,-0.00125305641446081
83.33,0,-0.00125305716442199
83.35,0,-0.00125305791438317
83.36999999999999,0,-0.00125305866434435
83.38999999999999,0,-0.00125305941430553
83.41,0,-0.00125306016426672
83.42999999999999,0,-0.0012530609142279
83.44999999999999,0,-0.00125306166418908
83.47,0,-0.00125306241415026
83.49,0,-0.00125306316411145
83.50999999999999,0,-0.00125306391407263
83.52999999999999,0,-0.00125306466403381
83.55,0,-0.00125306541399499
83.57,0,-0.00125306616395617
83.58999999999999,0,-0.00125306691391736
83.61,0,-0.00125306766387854
83.63,0,-0.00125306841383972
83.64999999999999,0,-0.0012530691638009
83.66999999999999,0,-0.00125306991376208
83.69,0,-0.00125307066372327
83.71,0,-0.00125307141368445
83.72999999999999,0,-0.00125307216364563
83.74999999999999,0,-0.00125307291360681
83.77,0,-0.001253073663568
83.78999999999999,0,-0.00125307441352918
83.80999999999999,0,-0.00125307516349036
83.83,0,-0.00125307591345154
83.85,0,-0.00125307666341272
83.86999999999999,0,-0.00125307741337391
83.88999999999999,0,-0.00125307816333509
83.91,0,-0.00125307891329627
83.92999999999999,0,-0.00125307966325745
83.94999999999999,0,-0.00125308041321863
83.97,0,-0.00125308116317982
83.99,0,-0.001253081913141
84.00999999999999,0,-0.00125308266310218
84.02999999999999,0,-0.00125308341306336
84.05,0,-0.00125308416302455
84.07,0,-0.00125308491298573
84.08999999999999,0,-0.00125308566294691
84.10999999999999,0,-0.00125308641290809
84.13,0,-0.00125308716286927
84.14999999999999,0,-0.00125308791283046
84.16999999999999,0,-0.00125308866279164
84.19,0,-0.00125308941275282
84.21,0,-0.001253090162714
84.22999999999999,0,-0.00125309091267518
84.24999999999999,0,-0.00125309166263637
84.27,0,-0.00125309241259755
84.28999999999999,0,-0.00125309316255873
84.30999999999999,0,-0.00125309391251991
84.33,0,-0.0012530946624811
84.35,0,-0.00125309541244228
84.36999999999999,0,-0.00125309616240346
84.38999999999999,0,-0.00125309691236464
84.41,0,-0.00125309766232582
84.42999999999999,0,-0.00125309841228701
84.44999999999999,0,-0.00125309916224819
84.47,0,-0.00125309991220937
84.49,0,-0.00125310066217055
84.50999999999999,0,-0.00125310141213173
84.52999999999999,0,-0.00125310216209292
84.55,0,-0.0012531029120541
84.57,0,-0.00125310366201528
84.58999999999999,0,-0.00125310441197646
84.60999999999999,0,-0.00125310516193765
84.63,0,-0.00125310591189883
84.64999999999999,0,-0.00125310666186001
84.66999999999999,0,-0.00125310741182119
84.69,0,-0.00125310816178237
84.71,0,-0.00125310891174356
84.72999999999999,0,-0.00125310966170474
84.74999999999999,0,-0.00125311041166592
84.77,0,-0.0012531111616271
84.78999999999999,0,-0.00125311191158829
84.80999999999999,0,-0.00125311266154947
84.83,0,-0.00125311341151065
84.85,0,-0.00125311416147183
84.86999999999999,0,-0.00125311491143301
84.88999999999999,0,-0.0012531156613942
84.91,0,-0.00125311641135538
84.92999999999999,0,-0.00125311716131656
84.94999999999999,0,-0.00125311791127774
84.97,0,-0.00125311866123892
84.99,0,-0.00125311941120011
85.00999999999999,0,-0.00125312016116129
85.02999999999999,0,-0.00125312091112247
85.05,0,-0.00125312166108365
85.07,0,-0.00125312241104484
85.08999999999999,0,-0.00125312316100602
85.10999999999999,0,-0.0012531239109672
85.13,0,-0.00125312466092838
85.14999999999999,0,-0.00125312541088956
85.16999999999999,0,-0.00125312616085075
85.19,0,-0.00125312691081193
85.21,0,-0.00125312766077311
85.22999999999999,0,-0.00125312841073429
85.24999999999999,0,-0.00125312916069548
85.27,0,-0.00125312991065666
85.28999999999999,0,-0.00125313066061784
85.30999999999999,0,-0.00125313141057902
85.33,0,-0.0012531321605402
85.35,0,-0.00125313291050139
85.36999999999999,0,-0.00125313366046257
85.38999999999999,0,-0.00125313441042375
85.41,0,-0.00125313516038493
85.42999999999999,0,-0.00125313591034611
85.44999999999999,0,-0.0012531366603073
85.47,0,-0.00125313741026848
85.49,0,-0.00125313816022966
85.50999999999999,0,-0.00125313891019084
85.52999999999999,0,-0.00125313966015203
85.55,0,-0.00125314041011321
85.57,0,-0.00125314116007439
85.58999999999999,0,-0.00125314191003557
85.60999999999999,0,-0.00125314265999675
85.63,0,-0.00125314340995794
85.64999999999999,0,-0.00125314415991912
85.66999999999999,0,-0.0012531449098803
85.69,0,-0.00125314565984148
85.71,0,-0.00125314640980267
85.72999999999999,0,-0.00125314715976385
85.74999999999999,0,-0.00125314790972503
85.77,0,-0.00125314865968621
85.78999999999999,0,-0.00125314940964739
85.80999999999999,0,-0.00125315015960858
85.83,0,-0.00125315090956976
85.85,0,-0.00125315165953094
85.86999999999999,0,-0.00125315240949212
85.88999999999999,0,-0.00125315315945331
85.91,0,-0.00125315390941449
85.92999999999999,0,-0.00125315465937567
85.94999999999999,0,-0.00125315540933685
85.97,0,-0.00125315615929803
85.99,0,-0.00125315690925922
86.00999999999999,0,-0.0012531576592204
86.02999999999999,0,-0.00125315840918158
86.05,0,-0.00125315915914276
86.07,0,-0.00125315990910394
86.08999999999999,0,-0.00125316065906513
86.10999999999999,0,-0.00125316140902631
86.13,0,-0.00125316215898749
86.14999999999999,0,-0.00125316290894867
86.16999999999999,0,-0.00125316365890986
86.19,0,-0.00125316440887104
86.21,0,-0.00125316515883222
86.22999999999999,0,-0.0012531659087934
86.24999999999999,0,-0.00125316665875458
86.27,0,-0.00125316740871577
86.28999999999999,0,-0.00125316815867695
86.30999999999999,0,-0.00125316890863813
86.33,0,-0.00125316965859931
86.35,0,-0.0012531704085605
86.36999999999999,0,-0.00125317115852168
86.38999999999999,0,-0.00125317190848286
86.41,0,-0.00125317265844404
86.42999999999999,0,-0.00125317340840522
86.44999999999999,0,-0.00125317415836641
86.47,0,-0.00125317490832759
86.49,0,-0.00125317565828877
86.50999999999999,0,-0.00125317640824995
86.52999999999999,0,-0.00125317715821114
86.55,0,-0.00125317790817232
86.57,0,-0.0012531786581335
86.58999999999999,0,-0.00125317940809468
86.60999999999999,0,-0.00125318015805586
86.63,0,-0.00125318090801705
86.64999999999999,0,-0.00125318165797823
86.66999999999999,0,-0.00125318240793941
86.69,0,-0.00125318315790059
86.71,0,-0.00125318390786178
86.72999999999999,0,-0.00125318465782296
86.74999999999999,0,-0.00125318540778414
86.77,0,-0.00125318615774532
86.78999999999999,0,-0.0012531869077065
86.80999999999999,0,-0.00125318765766769
86.83,0,-0.00125318840762887
86.85,0,-0.00125318915759005
86.86999999999999,0,-0.00125318990755123
86.88999999999999,0,-0.00125319065751242
86.91,0,-0.0012531914074736
86.92999999999999,0,-0.00125319215743478
86.94999999999999,0,-0.00125319290739596
86.97,0,-0.00125319365735714
86.99,0,-0.00125319440731833
87.00999999999999,0,-0.00125319515727951
87.02999999999999,0,-0.00125319590724069
87.05,0,-0.00125319665720187
87.07,0,-0.00125319740716306
87.08999999999999,0,-0.00125319815712424
87.10999999999999,0,-0.00125319890708542
87.13,0,-0.0012531996570466
87.14999999999999,0,-0.00125320040700778
87.16999999999999,0,-0.00125320115696897
87.19,0,-0.00125320190693015
87.21,0,-0.00125320265689133
87.22999999999999,0,-0.00125320340685251
87.24999999999999,0,-0.0012532041568137
87.27,0,-0.00125320490677488
87.28999999999999,0,-0.00125320565673606
87.30999999999999,0,-0.00125320640669724
87.33,0,-0.00125320715665842
87.35,0,-0.00125320790661961
87.36999999999999,0,-0.00125320865658079
87.38999999999999,0,-0.00125320940654197
87.41,0,-0.00125321015650315
87.42999999999999,0,-0.00125321090646434
87.44999999999999,0,-0.00125321165642552
87.47,0,-0.0012532124063867
87.49,0,-0.00125321315634788
87.50999999999999,0,-0.00125321390630906
87.52999999999999,0,-0.00125321465627025
87.55,0,-0.00125321540623143
87.57,0,-0.00125321615619261
87.58999999999999,0,-0.00125321690615379
87.60999999999999,0,-0.00125321765611498
87.63,0,-0.00125321840607616
87.64999999999999,0,-0.00125321915603734
87.66999999999999,0,-0.00125321990599852
87.69,0,-0.0012532206559597
87.71,0,-0.00125322140592089
87.72999999999999,0,-0.00125322215588207
87.74999999999999,0,-0.00125322290584325
87.77,0,-0.00125322365580443
87.78999999999999,0,-0.00125322440576562
87.80999999999999,0,-0.0012532251557268
87.83,0,-0.00125322590568798
87.85,0,-0.00125322665564916
87.86999999999999,0,-0.00125322740561035
87.88999999999999,0,-0.00125322815557153
87.91,0,-0.00125322890553271
87.92999999999999,0,-0.00125322965549389
87.94999999999999,0,-0.00125323040545507
87.96999999999998,0,-0.00125323115541626
87.99,0,-0.00125323190537744
88.00999999999999,0,-0.00125323265533862
88.02999999999999,0,-0.0012532334052998
88.05,0,-0.00125323415526099
88.07,0,-0.00125323490522217
88.08999999999999,0,-0.00125323565518335
88.10999999999999,0,-0.00125323640514453
88.13,0,-0.00125323715510571
88.14999999999999,0,-0.0012532379050669
88.16999999999999,0,-0.00125323865502808
88.19,0,-0.00125323940498926
88.21,0,-0.00125324015495044
88.22999999999999,0,-0.00125324090491163
88.24999999999999,0,-0.00125324165487281
88.27,0,-0.00125324240483399
88.28999999999999,0,-0.00125324315479517
88.30999999999999,0,-0.00125324390475635
88.33,0,-0.00125324465471754
88.35,0,-0.00125324540467872
88.36999999999999,0,-0.0012532461546399
88.38999999999999,0,-0.00125324690460108
88.41,0,-0.00125324765456227
88.42999999999999,0,-0.00125324840452345
88.44999999999999,0,-0.00125324915448463
88.46999999999998,0,-0.00125324990444581
88.49,0,-0.001253250654407
88.50999999999999,0,-0.00125325140436818
88.52999999999999,0,-0.00125325215432936
88.55,0,-0.00125325290429054
88.57,0,-0.00125325365425172
88.58999999999999,0,-0.00125325440421291
88.60999999999999,0,-0.00125325515417409
88.63,0,-0.00125325590413527
88.64999999999999,0,-0.00125325665409645
88.66999999999999,0,-0.00125325740405764
88.69,0,-0.00125325815401882
88.71,0,-0.00125325890398
88.72999999999999,0,-0.00125325965394118
88.74999999999999,0,-0.00125326040390236
88.77,0,-0.00125326115386355
88.78999999999999,0,-0.00125326190382473
88.80999999999999,0,-0.00125326265378591
88.83,0,-0.00125326340374709
88.85,0,-0.00125326415370828
88.86999999999999,0,-0.00125326490366946
88.88999999999999,0,-0.00125326565363064
88.91,0,-0.00125326640359182
88.92999999999999,0,-0.00125326715355301
88.94999999999999,0,-0.00125326790351419
88.96999999999998,0,-0.00125326865347537
88.99,0,-0.00125326940343655
89.00999999999999,0,-0.00125327015339773
89.02999999999999,0,-0.00125327090335892
89.05,0,-0.0012532716533201
89.07,0,-0.00125327240328128
89.08999999999999,0,-0.00125327315324246
89.10999999999999,0,-0.00125327390320365
89.13,0,-0.00125327465316483
89.14999999999999,0,-0.00125327540312601
89.16999999999999,0,-0.00125327615308719
89.19,0,-0.00125327690304837
89.21,0,-0.00125327765300956
89.22999999999999,0,-0.00125327840297074
89.24999999999999,0,-0.00125327915293192
89.27,0,-0.0012532799028931
89.28999999999999,0,-0.00125328065285429
89.30999999999999,0,-0.00125328140281547
89.33,0,-0.00125328215277665
89.35,0,-0.00125328290273783
89.36999999999999,0,-0.00125328365269902
89.38999999999999,0,-0.0012532844026602
89.41,0,-0.00125328515262138
89.42999999999999,0,-0.00125328590258256
89.44999999999999,0,-0.00125328665254374
89.46999999999998,0,-0.00125328740250493
89.49,0,-0.00125328815246611
89.50999999999999,0,-0.00125328890242729
89.52999999999999,0,-0.00125328965238847
89.55,0,-0.00125329040234966
89.57,0,-0.00125329115231084
89.58999999999999,0,-0.00125329190227202
89.60999999999999,0,-0.0012532926522332
89.63,0,-0.00125329340219439
89.64999999999999,0,-0.00125329415215557
89.66999999999999,0,-0.00125329490211675
89.69,0,-0.00125329565207793
89.71,0,-0.00125329640203911
89.72999999999999,0,-0.0012532971520003
89.74999999999999,0,-0.00125329790196148
89.77,0,-0.00125329865192266
89.78999999999999,0,-0.00125329940188384
89.80999999999999,0,-0.00125330015184503
89.83,0,-0.00125330090180621
89.85,0,-0.00125330165176739
89.86999999999999,0,-0.00125330240172857
89.88999999999999,0,-0.00125330315168976
89.91,0,-0.00125330390165094
89.92999999999999,0,-0.00125330465161212
89.94999999999999,0,-0.0012533054015733
89.96999999999998,0,-0.00125330615153448
89.99,0,-0.00125330690149567
90.00999999999999,0,-0.00125330765145685
90.02999999999999,0,-0.00125330840141803
90.05,0,-0.00125330915137921
90.07,0,-0.0012533099013404
90.08999999999999,0,-0.00125331065130158
90.10999999999999,0,-0.00125331140126276
90.13,0,-0.00125331215122394
90.14999999999999,0,-0.00125331290118513
90.16999999999999,0,-0.00125331365114631
90.19,0,-0.00125331440110749
90.21,0,-0.00125331515106867
90.22999999999999,0,-0.00125331590102985
90.24999999999999,0,-0.00125331665099104
90.27,0,-0.00125331740095222
90.28999999999999,0,-0.0012533181509134
90.30999999999999,0,-0.00125331890087458
90.33,0,-0.00125331965083577
90.35,0,-0.00125332040079695
90.36999999999999,0,-0.00125332115075813
90.38999999999999,0,-0.00125332190071931
90.41,0,-0.0012533226506805
90.42999999999999,0,-0.00125332340064168
90.44999999999999,0,-0.00125332415060286
90.46999999999998,0,-0.00125332490056404
90.49,0,-0.00125332565052522
90.50999999999999,0,-0.00125332640048641
90.52999999999999,0,-0.00125332715044759
90.55,0,-0.00125332790040877
90.57,0,-0.00125332865036995
90.58999999999999,0,-0.00125332940033114
90.60999999999999,0,-0.00125333015029232
90.63,0,-0.0012533309002535
90.64999999999999,0,-0.00125333165021468
90.66999999999999,0,-0.00125333240017587
90.69,0,-0.00125333315013705
90.71,0,-0.00125333390009823
90.72999999999999,0,-0.00125333465005941
90.74999999999999,0,-0.00125333540002059
90.77,0,-0.00125333614998178
90.78999999999999,0,-0.00125333689994296
90.80999999999999,0,-0.00125333764990414
90.83,0,-0.00125333839986532
90.85,0,-0.00125333914982651
90.86999999999999,0,-0.00125333989978769
90.88999999999999,0,-0.00125334064974887
90.91,0,-0.00125334139971005
90.92999999999999,0,-0.00125334214967124
90.94999999999999,0,-0.00125334289963242
90.96999999999998,0,-0.0012533436495936
90.99,0,-0.00125334439955478
91.00999999999999,0,-0.00125334514951596
91.02999999999999,0,-0.00125334589947715
91.05,0,-0.00125334664943833
91.07,0,-0.00125334739939951
91.08999999999999,0,-0.00125334814936069
91.10999999999999,0,-0.00125334889932188
91.13,0,-0.00125334964928306
91.14999999999999,0,-0.00125335039924424
91.16999999999999,0,-0.00125335114920542
91.19,0,-0.00125335189916661
91.21,0,-0.00125335264912779
91.22999999999999,0,-0.00125335339908897
91.24999999999999,0,-0.00125335414905015
91.27,0,-0.00125335489901134
91.28999999999999,0,-0.00125335564897252
91.30999999999999,0,-0.0012533563989337
91.32999999999998,0,-0.00125335714889488
91.35,0,-0.00125335789885606
91.36999999999999,0,-0.00125335864881725
91.38999999999999,0,-0.00125335939877843
91.41,0,-0.00125336014873961
91.42999999999999,0,-0.00125336089870079
91.44999999999999,0,-0.00125336164866198
91.46999999999998,0,-0.00125336239862316
91.49,0,-0.00125336314858434
91.50999999999999,0,-0.00125336389854552
91.52999999999999,0,-0.00125336464850671
91.55,0,-0.00125336539846789
91.57,0,-0.00125336614842907
91.58999999999999,0,-0.00125336689839025
91.60999999999999,0,-0.00125336764835144
91.63,0,-0.00125336839831262
91.64999999999999,0,-0.0012533691482738
91.66999999999999,0,-0.00125336989823498
91.69,0,-0.00125337064819616
91.71,0,-0.00125337139815735
91.72999999999999,0,-0.00125337214811853
91.74999999999999,0,-0.00125337289807971
91.77,0,-0.00125337364804089
91.78999999999999,0,-0.00125337439800208
91.80999999999999,0,-0.00125337514796326
91.82999999999998,0,-0.00125337589792444
91.85,0,-0.00125337664788562
91.86999999999999,0,-0.00125337739784681
91.88999999999999,0,-0.00125337814780799
91.91,0,-0.00125337889776917
91.92999999999999,0,-0.00125337964773035
91.94999999999999,0,-0.00125338039769154
91.96999999999998,0,-0.00125338114765272
91.99,0,-0.0012533818976139
92.00999999999999,0,-0.00125338264757508
92.02999999999999,0,-0.00125338339753626
92.05,0,-0.00125338414749745
92.07,0,-0.00125338489745863
92.08999999999999,0,-0.00125338564741981
92.10999999999999,0,-0.00125338639738099
92.13,0,-0.00125338714734218
92.14999999999999,0,-0.00125338789730336
92.16999999999999,0,-0.00125338864726454
92.19,0,-0.00125338939722572
92.21,0,-0.00125339014718691
92.22999999999999,0,-0.00125339089714809
92.24999999999999,0,-0.00125339164710927
92.27,0,-0.00125339239707045
92.28999999999999,0,-0.00125339314703164
92.30999999999999,0,-0.00125339389699282
92.32999999999998,0,-0.001253394646954
92.35,0,-0.00125339539691518
92.36999999999999,0,-0.00125339614687636
92.38999999999999,0,-0.00125339689683755
92.41,0,-0.00125339764679873
92.42999999999999,0,-0.00125339839675991
92.44999999999999,0,-0.00125339914672109
92.46999999999998,0,-0.00125339989668228
92.49,0,-0.00125340064664346
92.50999999999999,0,-0.00125340139660464
92.52999999999999,0,-0.00125340214656582
92.55,0,-0.00125340289652701
92.57,0,-0.00125340364648819
92.58999999999999,0,-0.00125340439644937
92.60999999999999,0,-0.00125340514641055
92.63,0,-0.00125340589637174
92.64999999999999,0,-0.00125340664633292
92.66999999999999,0,-0.0012534073962941
92.69,0,-0.00125340814625528
92.71,0,-0.00125340889621647
92.72999999999999,0,-0.00125340964617765
92.74999999999999,0,-0.00125341039613883
92.77,0,-0.00125341114610001
92.78999999999999,0,-0.00125341189606119
92.80999999999999,0,-0.00125341264602238
92.82999999999998,0,-0.00125341339598356
92.85,0,-0.00125341414594474
92.86999999999999,0,-0.00125341489590592
92.88999999999999,0,-0.00125341564586711
92.91,0,-0.00125341639582829
92.92999999999999,0,-0.00125341714578947
92.94999999999999,0,-0.00125341789575065
92.96999999999998,0,-0.00125341864571184
92.99,0,-0.00125341939567302
93.00999999999999,0,-0.0012534201456342
93.02999999999999,0,-0.00125342089559538
93.05,0,-0.00125342164555657
93.07,0,-0.00125342239551775
93.08999999999999,0,-0.00125342314547893
93.10999999999999,0,-0.00125342389544011
93.13,0,-0.0012534246454013
93.14999999999999,0,-0.00125342539536248
93.16999999999999,0,-0.00125342614532366
93.19,0,-0.00125342689528484
93.21,0,-0.00125342764524602
93.22999999999999,0,-0.00125342839520721
93.24999999999999,0,-0.00125342914516839
93.27,0,-0.00125342989512957
93.28999999999999,0,-0.00125343064509075
93.30999999999999,0,-0.00125343139505194
93.32999999999998,0,-0.00125343214501312
93.35,0,-0.0012534328949743
93.36999999999999,0,-0.00125343364493548
93.38999999999999,0,-0.00125343439489667
93.41,0,-0.00125343514485785
93.42999999999999,0,-0.00125343589481903
93.44999999999999,0,-0.00125343664478021
93.46999999999998,0,-0.0012534373947414
93.49,0,-0.00125343814470258
93.50999999999999,0,-0.00125343889466376
93.52999999999999,0,-0.00125343964462494
93.55,0,-0.00125344039458613
93.57,0,-0.00125344114454731
93.58999999999999,0,-0.00125344189450849
93.60999999999999,0,-0.00125344264446967
93.63,0,-0.00125344339443086
93.64999999999999,0,-0.00125344414439204
93.66999999999999,0,-0.00125344489435322
93.69,0,-0.0012534456443144
93.71,0,-0.00125344639427559
93.72999999999999,0,-0.00125344714423677
93.74999999999999,0,-0.00125344789419795
93.77,0,-0.00125344864415913
93.78999999999999,0,-0.00125344939412031
93.80999999999999,0,-0.0012534501440815
93.82999999999998,0,-0.00125345089404268
93.85,0,-0.00125345164400386
93.86999999999999,0,-0.00125345239396504
93.88999999999999,0,-0.00125345314392623
93.91,0,-0.00125345389388741
93.92999999999999,0,-0.00125345464384859
93.94999999999999,0,-0.00125345539380977
93.96999999999998,0,-0.00125345614377096
93.99,0,-0.00125345689373214
94.00999999999999,0,-0.00125345764369332
94.02999999999999,0,-0.0012534583936545
94.05,0,-0.00125345914361569
94.07,0,-0.00125345989357687
94.08999999999999,0,-0.00125346064353805
94.10999999999999,0,-0.00125346139349923
94.13,0,-0.00125346214346042
94.14999999999999,0,-0.0012534628934216
94.16999999999999,0,-0.00125346364338278
94.19,0,-0.00125346439334396
94.21,0,-0.00125346514330515
94.22999999999999,0,-0.00125346589326633
94.24999999999999,0,-0.00125346664322751
94.27,0,-0.00125346739318869
94.28999999999999,0,-0.00125346814314988
94.30999999999999,0,-0.00125346889311106
94.32999999999998,0,-0.00125346964307224
94.35,0,-0.00125347039303342
94.36999999999999,0,-0.0012534711429946
94.38999999999999,0,-0.00125347189295579
94.41,0,-0.00125347264291697
94.42999999999999,0,-0.00125347339287815
94.44999999999999,0,-0.00125347414283933
94.46999999999998,0,-0.00125347489280052
94.49,0,-0.0012534756427617
94.50999999999999,0,-0.00125347639272288
94.52999999999999,0,-0.00125347714268406
94.55,0,-0.00125347789264525
94.57,0,-0.00125347864260643
94.58999999999999,0,-0.00125347939256761
94.60999999999999,0,-0.00125348014252879
94.63,0,-0.00125348089248998
94.64999999999999,0,-0.00125348164245116
94.66999999999999,0,-0.00125348239241234
94.69,0,-0.00125348314237352
94.71,0,-0.00125348389233471
94.72999999999999,0,-0.00125348464229589
94.74999999999999,0,-0.00125348539225707
94.77,0,-0.00125348614221825
94.78999999999999,0,-0.00125348689217944
94.80999999999999,0,-0.00125348764214062
94.82999999999998,0,-0.0012534883921018
94.85,0,-0.00125348914206298
94.86999999999999,0,-0.00125348989202417
94.88999999999999,0,-0.00125349064198535
94.91,0,-0.00125349139194653
94.92999999999999,0,-0.00125349214190771
94.94999999999999,0,-0.0012534928918689
94.96999999999998,0,-0.00125349364183008
94.99,0,-0.00125349439179126
95.00999999999999,0,-0.00125349514175244
95.02999999999999,0,-0.00125349589171363
95.05,0,-0.00125349664167481
95.07,0,-0.00125349739163599
95.08999999999999,0,-0.00125349814159717
95.10999999999999,0,-0.00125349889155835
95.13,0,-0.00125349964151954
95.14999999999999,0,-0.00125350039148072
95.16999999999999,0,-0.0012535011414419
95.18999999999998,0,-0.00125350189140308
95.21,0,-0.00125350264136427
95.22999999999999,0,-0.00125350339132545
95.24999999999999,0,-0.00125350414128663
95.27,0,-0.00125350489124781
95.28999999999999,0,-0.001253505641209
95.30999999999999,0,-0.00125350639117018
95.32999999999998,0,-0.00125350714113136
95.35,0,-0.00125350789109254
95.36999999999999,0,-0.00125350864105373
95.38999999999999,0,-0.00125350939101491
95.41,0,-0.00125351014097609
95.42999999999999,0,-0.00125351089093727
95.44999999999999,0,-0.00125351164089846
95.46999999999998,0,-0.00125351239085964
95.49,0,-0.00125351314082082
95.50999999999999,0,-0.001253513890782
95.52999999999999,0,-0.00125351464074319
95.55,0,-0.00125351539070437
95.57,0,-0.00125351614066555
95.58999999999999,0,-0.00125351689062673
95.60999999999999,0,-0.00125351764058792
95.63,0,-0.0012535183905491
95.64999999999999,0,-0.00125351914051028
95.66999999999999,0,-0.00125351989047146
95.68999999999998,0,-0.00125352064043265
95.71,0,-0.00125352139039383
95.72999999999999,0,-0.00125352214035501
95.74999999999999,0,-0.00125352289031619
95.77,0,-0.00125352364027738
95.78999999999999,0,-0.00125352439023856
95.80999999999999,0,-0.00125352514019974
95.82999999999998,0,-0.00125352589016092
95.85,0,-0.00125352664012211
95.86999999999999,0,-0.00125352739008329
95.88999999999999,0,-0.00125352814004447
95.91,0,-0.00125352889000565
95.92999999999999,0,-0.00125352963996684
95.94999999999999,0,-0.00125353038992802
95.96999999999998,0,-0.0012535311398892
95.99,0,-0.00125353188985038
96.00999999999999,0,-0.00125353263981157
96.02999999999999,0,-0.00125353338977275
96.05,0,-0.00125353413973393
96.07,0,-0.00125353488969511
96.08999999999999,0,-0.0012535356396563
96.10999999999999,0,-0.00125353638961748
96.13,0,-0.00125353713957866
96.14999999999999,0,-0.00125353788953984
96.16999999999999,0,-0.00125353863950103
96.18999999999998,0,-0.00125353938946221
96.21,0,-0.00125354013942339
96.22999999999999,0,-0.00125354088938457
96.24999999999999,0,-0.00125354163934576
96.27,0,-0.00125354238930694
96.28999999999999,0,-0.00125354313926812
96.30999999999999,0,-0.0012535438892293
96.32999999999998,0,-0.00125354463919049
96.35,0,-0.00125354538915167
96.36999999999999,0,-0.00125354613911285
96.38999999999999,0,-0.00125354688907403
96.41,0,-0.00125354763903521
96.42999999999999,0,-0.0012535483889964
96.44999999999999,0,-0.00125354913895758
96.46999999999998,0,-0.00125354988891876
96.49,0,-0.00125355063887994
96.50999999999999,0,-0.00125355138884113
96.52999999999999,0,-0.00125355213880231
96.55,0,-0.00125355288876349
96.57,0,-0.00125355363872467
96.58999999999999,0,-0.00125355438868586
96.60999999999999,0,-0.00125355513864704
96.63,0,-0.00125355588860822
96.64999999999999,0,-0.0012535566385694
96.66999999999999,0,-0.00125355738853059
96.68999999999998,0,-0.00125355813849177
96.71,0,-0.00125355888845295
96.72999999999999,0,-0.00125355963841413
96.74999999999999,0,-0.00125356038837532
96.77,0,-0.0012535611383365
96.78999999999999,0,-0.00125356188829768
96.80999999999999,0,-0.00125356263825886
96.82999999999998,0,-0.00125356338822005
96.85,0,-0.00125356413818123
96.86999999999999,0,-0.00125356488814241
96.88999999999999,0,-0.00125356563810359
96.91,0,-0.00125356638806478
96.92999999999999,0,-0.00125356713802596
96.94999999999999,0,-0.00125356788798714
96.96999999999998,0,-0.00125356863794832
96.99,0,-0.00125356938790951
97.00999999999999,0,-0.00125357013787069
97.02999999999999,0,-0.00125357088783187
97.05,0,-0.00125357163779305
97.07,0,-0.00125357238775424
97.08999999999999,0,-0.00125357313771542
97.10999999999999,0,-0.0012535738876766
97.13,0,-0.00125357463763778
97.14999999999999,0,-0.00125357538759897
97.16999999999999,0,-0.00125357613756015
97.18999999999998,0,-0.00125357688752133
97.21,0,-0.00125357763748251
97.22999999999999,0,-0.0012535783874437
97.24999999999999,0,-0.00125357913740488
97.27,0,-0.00125357988736606
97.28999999999999,0,-0.00125358063732724
97.30999999999999,0,-0.00125358138728843
97.32999999999998,0,-0.00125358213724961
97.35,0,-0.00125358288721079
97.36999999999999,0,-0.00125358363717197
97.38999999999999,0,-0.00125358438713316
97.41,0,-0.00125358513709434
97.42999999999999,0,-0.00125358588705552
97.44999999999999,0,-0.0012535866370167
97.46999999999998,0,-0.00125358738697789
97.49,0,-0.00125358813693907
97.50999999999999,0,-0.00125358888690025
97.52999999999999,0,-0.00125358963686143
97.55,0,-0.00125359038682262
97.57,0,-0.0012535911367838
97.58999999999999,0,-0.00125359188674498
97.60999999999999,0,-0.00125359263670616
97.63,0,-0.00125359338666735
97.64999999999999,0,-0.00125359413662853
97.66999999999999,0,-0.00125359488658971
97.68999999999998,0,-0.00125359563655089
97.71,0,-0.00125359638651208
97.72999999999999,0,-0.00125359713647326
97.74999999999999,0,-0.00125359788643444
97.77,0,-0.00125359863639562
97.78999999999999,0,-0.00125359938635681
97.80999999999999,0,-0.00125360013631799
97.82999999999998,0,-0.00125360088627917
97.85,0,-0.00125360163624035
97.86999999999999,0,-0.00125360238620154
97.88999999999999,0,-0.00125360313616272
97.91,0,-0.0012536038861239
97.92999999999999,0,-0.00125360463608509
97.94999999999999,0,-0.00125360538604627
97.96999999999998,0,-0.00125360613600745
97.99,0,-0.00125360688596863
98.00999999999999,0,-0.00125360763592982
98.02999999999999,0,-0.001253608385891
98.05,0,-0.00125360913585218
98.07,0,-0.00125360988581336
98.08999999999999,0,-0.00125361063577455
98.10999999999999,0,-0.00125361138573573
98.13,0,-0.00125361213569691
98.14999999999999,0,-0.00125361288565809
98.16999999999999,0,-0.00125361363561928
98.18999999999998,0,-0.00125361438558046
98.21,0,-0.00125361513554164
98.22999999999999,0,-0.00125361588550282
98.24999999999999,0,-0.00125361663546401
98.27,0,-0.00125361738542519
98.28999999999999,0,-0.00125361813538637
98.30999999999999,0,-0.00125361888534755
98.32999999999998,0,-0.00125361963530874
98.35,0,-0.00125362038526992
98.36999999999999,0,-0.0012536211352311
98.38999999999999,0,-0.00125362188519228
98.41,0,-0.00125362263515347
98.42999999999999,0,-0.00125362338511465
98.44999999999999,0,-0.00125362413507583
98.46999999999998,0,-0.00125362488503701
98.49,0,-0.0012536256349982
98.50999999999999,0,-0.00125362638495938
98.52999999999999,0,-0.00125362713492056
98.55,0,-0.00125362788488174
98.57,0,-0.00125362863484293
98.58999999999999,0,-0.00125362938480411
98.60999999999999,0,-0.00125363013476529
98.63,0,-0.00125363088472647
98.64999999999999,0,-0.00125363163468766
98.66999999999999,0,-0.00125363238464884
98.68999999999998,0,-0.00125363313461002
98.71,0,-0.0012536338845712
98.72999999999999,0,-0.00125363463453239
98.74999999999999,0,-0.00125363538449357
98.77,0,-0.00125363613445475
98.78999999999999,0,-0.00125363688441593
98.80999999999999,0,-0.00125363763437712
98.82999999999998,0,-0.0012536383843383
98.85,0,-0.00125363913429948
98.86999999999999,0,-0.00125363988426066
98.88999999999999,0,-0.00125364063422185
98.91,0,-0.00125364138418303
98.92999999999999,0,-0.00125364213414421
98.94999999999999,0,-0.00125364288410539
98.96999999999998,0,-0.00125364363406658
98.99,0,-0.00125364438402776
99.00999999999999,0,-0.00125364513398894
99.02999999999999,0,-0.00125364588395012
99.04999999999998,0,-0.00125364663391131
99.07,0,-0.00125364738387249
99.08999999999999,0,-0.00125364813383367
99.10999999999999,0,-0.00125364888379485
99.13,0,-0.00125364963375604
99.14999999999999,0,-0.00125365038371722
99.16999999999999,0,-0.0012536511336784
99.18999999999998,0,-0.00125365188363958
99.21,0,-0.00125365263360077
99.22999999999999,0,-0.00125365338356195
99.24999999999999,0,-0.00125365413352313
99.27,0,-0.00125365488348432
99.28999999999999,0,-0.0012536556334455
99.30999999999999,0,-0.00125365638340668
99.32999999999998,0,-0.00125365713336786
99.35,0,-0.00125365788332905
99.36999999999999,0,-0.00125365863329023
99.38999999999999,0,-0.00125365938325141
99.41,0,-0.00125366013321259
99.42999999999999,0,-0.00125366088317378
99.44999999999999,0,-0.00125366163313496
99.46999999999998,0,-0.00125366238309614
99.49,0,-0.00125366313305732
99.50999999999999,0,-0.00125366388301851
99.52999999999999,0,-0.00125366463297969
99.54999999999998,0,-0.00125366538294087
99.57,0,-0.00125366613290205
99.58999999999999,0,-0.00125366688286324
99.60999999999999,0,-0.00125366763282442
99.63,0,-0.0012536683827856
99.64999999999999,0,-0.00125366913274678
99.66999999999999,0,-0.00125366988270797
99.68999999999998,0,-0.00125367063266915
99.71,0,-0.00125367138263033
99.72999999999999,0,-0.00125367213259151
99.74999999999999,0,-0.0012536728825527
99.77,0,-0.00125367363251388
99.78999999999999,0,-0.00125367438247506
99.80999999999999,0,-0.00125367513243624
99.82999999999998,0,-0.00125367588239743
99.85,0,-0.00125367663235861
99.86999999999999,0,-0.00125367738231979
99.88999999999999,0,-0.00125367813228097
99.91,0,-0.00125367888224216
99.92999999999999,0,-0.00125367963220334
99.94999999999999,0,-0.00125368038216452
99.96999999999998,0,-0.00125368113212571
99.99,0,-0.00125368188208689
