name,path,P0,Delta_P,T,tr,run_time,spinup_time,output_dt,cycles,nested,sawtooth,inv_sawtooth,tc,t_som,som_mag,Delta_v,notes
Sawtooth_Pres18,TimeDependentPressure/Sawtooth_Pres18/2MPa,2000000,500000,200.0,1.0,1000.0,500,0.1,2,1,0,1,7.59767079700252,148 118,0.2 0.2,10.5907421488622,
Sawtooth_Pres18_run2,TimeDependentPressure/Sawtooth_Pres18/1_5MPa,1500000,375000,200.0,1.0,1000.0,500,0.1,2,1,0,1,7.59333056543137,148 117,0.21 0.14,7.9049831337196,
GPS_Pres4,"""TimeDependentPressure/GPS_Pres5/250KPa""",250000,125000,10.0,1.0,270.0,150,0.1,2,0,0,0,,,,,
GPS_Pres4,TimeDependentPressure/GPS_Pres4/250KPa,250000,125000,5.0,1.0,260.0,150,0.1,2,0,0,0,,,,,
GPS_Pres5,TimeDependentPressure/GPS_Pres5/250KPa,250000,125000,10.0,1.0,270.0,150,0.1,2,0,0,0,,,,,
GPS_Pres6,TimeDependentPressure/GPS_Pres6/250KPa,250000,125000,5.0,10.0,410.0,200,0.1,2,0,0,0,,,,,
GPS_Pres7,TimeDependentPressure/GPS_Pres7/250KPa,250000,125000,20.0,1.0,290.0,150,0.1,2,0,0,0,,,,,
GPS_Pres8,TimeDependentPressure/GPS_Pres8/250KPa,250000,125000,20.0,10.0,440.0,200,0.1,2,0,0,0,,,,,
GPS_Pres11,TimeDependentPressure/GPS_Pres11/250KPa,250000,125000,500.0,1.0,1250.0,150,0.1,2,0,0,0,,,,,
GPS_Pres11_run4,TimeDependentPressure/GPS_Pres11/1MPa/long_spinup,1000000,500000,500.0,1.0,1600.0,500,0.1,2,0,0,0,,,,,
GPS_Pres11_run5,TimeDependentPressure/GPS_Pres11/1MPa/long_spinup,1000000,500000,500.0,10.0,1600.0,500,0.1,2,0,0,0,,,,,
GPS_Pres11_run6,TimeDependentPressure/GPS_Pres11/250KPa/long_spinup,250000,125000,500.0,10.0,1600.0,500,0.1,2,0,0,0,,,,,
GPS_Pres12,TimeDependentPressure/GPS_Pres12/250KPa,250000,125000,15.0,1.0,280.0,150,0.1,2,0,0,0,,,,,
GPS_Pres13,TimeDependentPressure/GPS_Pres13/250KPa,250000,125000,30.0,1.0,310.0,150,0.1,2,0,0,0,,,,,
GPS_Pres14,TimeDependentPressure/GPS_Pres14/250KPa,250000,125000,15.0,10.0,330.0,200,0.1,2,0,0,0,,,,,
GPS_Pres15,TimeDependentPressure/GPS_Pres15/250KPa,250000,125000,30.0,10.0,360.0,200,0.1,2,0,0,0,,,,,
GPS_Pres17,TimeDependentPressure/GPS_Pres17/250KPa,250000,125000,25.0,10.0,350.0,200,0.1,2,0,0,0,,,,,
GPS_Pres18,TimeDependentPressure/GPS_Pres18/250KPa,250000,125000,35.0,10.0,370.0,200,0.1,2,0,0,0,,,,,
GPS_Pres19,TimeDependentPressure/GPS_Pres19/250KPa,250000,125000,100.0,1.0,450.0,150,0.1,2,0,0,0,,,,,
GPS_Pres19_run2,TimeDependentPressure/GPS_Pres19/250KPa,250000,125000,100.0,10.0,800.0,500,0.1,2,0,0,0,,,,,
GPS_Pres24,TimeDependentPressure/GPS_Pres24/1MPa,1000000,500000,1000.0,1.0,2600.0,500,0.1,2,0,0,0,,,,,
GPS_Pres25,TimeDependentPressure/GPS_Pres25/1MPa,1000000,500000,250.0,1.0,1100.0,500,0.1,2,0,0,0,,,,,
GPS_Pres31,TimeDependentPressure/GPS_Pres31/250KPa,250000,125000,125.0,1.0,850.0,500,0.1,2,0,0,0,,,,,
GPS_Pres31_run2,TimeDependentPressure/GPS_Pres31/250KPa,250000,125000,125.0,10.0,850.0,500,0.1,2,0,0,0,,,,,
GPS_Pres32,TimeDependentPressure/GPS_Pres32/250KPa,250000,125000,250.0,1.0,1100.0,500,0.1,2,0,0,0,,,,,
GPS_Pres32_run2,TimeDependentPressure/GPS_Pres32/250KPa,250000,125000,250.0,10.0,1100.0,500,0.1,2,0,0,0,,,,,
GPS_Pres33,TimeDependentPressure/GPS_Pres33/1MPa,1000000,500000,1000.0,10.0,2600.0,500,0.1,2,0,0,0,,,,,
GPS_Pres34,TimeDependentPressure/GPS_Pres34/1MPa,1000000,500000,100.0,1.0,800.0,500,0.1,2,0,0,0,,,,,
GPS_Pres34_run2,TimeDependentPressure/GPS_Pres34/1MPa,1000000,500000,100.0,10.0,800.0,500,0.1,2,0,0,0,,,,,
GPS_Pres35,TimeDependentPressure/GPS_Pres35/1MPa,1000000,500000,350.0,10.0,1300.0,500,0.1,2,0,0,0,,,,,
GPS_Pres36,TimeDependentPressure/GPS_Pres36/250KPa,250000,125000,1250.0,1.0,3100.0,500,0.1,2,0,0,0,,,,,
GPS_Pres36_run2,TimeDependentPressure/GPS_Pres36/250KPa,250000,125000,1250.0,10.0,3100.0,500,0.1,2,0,0,0,,,,,
GPS_Pres37,TimeDependentPressure/GPS_Pres37/1MPa,1000000,500000,50.0,1.0,700.0,500,0.1,2,0,0,0,,,,,
GPS_Pres37_run2,TimeDependentPressure/GPS_Pres37/1MPa,1000000,500000,50.0,10.0,700.0,500,0.1,2,0,0,0,,,,,
GPS_Pres39,TimeDependentPressure/GPS_Pres39/250KPa,250000,125000,1660.0,1.0,3920.0,500,0.1,2,0,0,0,,,,,
GPS_Pres40,TimeDependentPressure/GPS_Pres40/1MPa,1000000,500000,420.0,10.0,1440.0,500,0.1,2,0,0,0,,,,,
GPS_Pres41,TimeDependentPressure/GPS_Pres41/1MPa,1000000,500000,200.0,10.0,1000.0,500,0.1,2,0,0,0,,,,,
GPS_Pres42,TimeDependentPressure/GPS_Pres42/250KPa,250000,125000,100.0,0.1,500.0,200,0.0199,2,0,0,0,,,,,
GPS_Pres42_run3,TimeDependentPressure/GPS_Pres42/1MPa,1000000,500000,100.0,0.1,500.0,200,0.0199,2,0,0,0,,,,,
GPS_Pres47,TimeDependentPressure/GPS_Pres47/250KPa,250000,125000,250.0,0.1,800.0,200,0.0199,2,0,0,0,,,,,
GPS_Pres47_run2,TimeDependentPressure/GPS_Pres47/1MPa,1000000,500000,250.0,0.1,800.0,200,0.0199,2,0,0,0,,,,,
GPS_Pres48,TimeDependentPressure/GPS_Pres48/250KPa,250000,125000,500.0,0.1,1300.0,200,0.0199,2,0,0,0,,,,,
GPS_Pres48_run2,TimeDependentPressure/GPS_Pres48/1MPa,1000000,500000,500.0,0.1,1300.0,200,0.0199,2,0,0,0,,,,,
GPS_Pres49,TimeDependentPressure/GPS_Pres49/250KPa,250000,125000,15.0,0.1,330.0,200,0.0199,2,0,0,0,,,,,
GPS_Pres49_run2,TimeDependentPressure/GPS_Pres49/1MPa,1000000,500000,15.0,0.1,330.0,200,0.0199,2,0,0,0,,,,,
GPS_Pres50,TimeDependentPressure/GPS_Pres50/250KPa,250000,125000,5.0,0.1,310.0,200,0.0199,2,0,0,0,,,,,
GPS_Pres50_run2,TimeDependentPressure/GPS_Pres50/1MPa,1000000,500000,5.0,0.1,310.0,200,0.0199,2,0,0,0,,,,,
GPS_Pres51,TimeDependentPressure/GPS_Pres51/250KPa,250000,125000,1000.0,0.1,2300.0,200,0.0199,2,0,0,0,,,,,
GPS_Pres51_run2,TimeDependentPressure/GPS_Pres51/1MPa,1000000,500000,1000.0,0.1,2300.0,200,0.0199,2,0,0,0,,,,,
GPS_Pres52,TimeDependentPressure/GPS_Pres52/250KPa,250000,125000,5000.0,1.0,10600.0,500,0.1,2,0,0,0,,,,,
GPS_Pres52_run2,TimeDependentPressure/GPS_Pres52/1MPa,1000000,500000,5000.0,1.0,10600.0,500,0.1,2,0,0,0,,,,,
GPS_Pres56,TimeDependentPressure/GPS_Pres56/1MPa,1000000,100000,1000.0,1.0,2600.0,500,0.1,2,0,0,0,,,,,
GPS_Pres57,TimeDependentPressure/GPS_Pres57/1MPa,1000000,250000,1000.0,1.0,2600.0,500,0.1,2,0,0,0,,,,,
GPS_Pres97,TimeDependentPressure/GPS_Pres97/250KPa,250000,125000,100.0,10.0,1300.0,1000,1.5 0.1,2,0,0,0,,,,,
GPS_Pres97_run2,TimeDependentPressure/GPS_Pres97/1MPa,1000000,500000,100.0,10.0,1300.0,1000,1.5 0.1,2,0,0,0,,,,,
GPS_Pres98,TimeDependentPressure/GPS_Pres98/250KPa,250000,125000,200.0,10.0,1500.0,1000,1.5 0.1,2,0,0,0,,,,,
GPS_Pres98_run2,TimeDependentPressure/GPS_Pres98/1MPa,1000000,500000,200.0,10.0,1500.0,1000,1.5 0.1,2,0,0,0,,,,,
GPS_Pres99,TimeDependentPressure/GPS_Pres99/250KPa,250000,125000,500.0,10.0,2100.0,1000,1.5 0.1,2,0,0,0,,,,,
GPS_Pres99_run2,TimeDependentPressure/GPS_Pres99/1MPa,1000000,500000,500.0,10.0,2100.0,1000,1.5 0.1,2,0,0,0,,,,,
GPS_Pres100,TimeDependentPressure/GPS_Pres100/250KPa,250000,125000,1000.0,10.0,3100.0,1000,1.5 0.1,2,0,0,0,,,,,
GPS_Pres100_run2,TimeDependentPressure/GPS_Pres100/1MPa,1000000,500000,1000.0,10.0,3100.0,1000,1.5 0.1,2,0,0,0,,,,,
GPS_Pres101,TimeDependentPressure/GPS_Pres101/1MPa,1000000,250000,200.0,10.0,1500.0,1000,1.5 0.1,2,0,0,0,,,,,
GPS_Pres64,TimeDependentPressure/GPS_Pres64/1MPa,1000000,500000,200.0,1.0,1000.0,500,0.1,2,0,0,0,3.17796543405978,98 94,0.09784447822409496 0.1087951500257504,9.18703241303163,
GPS_Pres64_run2,TimeDependentPressure/GPS_Pres64/250KPa,250000,125000,200.0,38.7136,1000.0,500,0.1,2,0,0,0,,,,,
GPS_Pres69,TimeDependentPressure/GPS_Pres69/1MPa,1000000,125000,200.0,38.7136,1000.0,500,0.1,2,1,0,0,,,,,
GPS_Pres85,TimeDependentPressure/GPS_Pres85/250KPa,250000,125000,500.0,38.7136,1600.0,500,0.1,2,1,0,0,,,,,
GPS_Pres85_run2,TimeDependentPressure/GPS_Pres85/1MPa,1000000,500000,500.0,38.7136,1600.0,500,0.1,2,1,0,0,,,,,
GPS_Pres86,TimeDependentPressure/GPS_Pres86/250KPa,250000,125000,750.0,38.7136,2100.0,500,0.1,2,1,0,0,,,,,
GPS_Pres86_run2,TimeDependentPressure/GPS_Pres86/1MPa,1000000,500000,750.0,38.7136,2100.0,500,0.1,2,1,0,0,,,,,
GPS_Pres87,TimeDependentPressure/GPS_Pres87/250KPa,250000,125000,1000.0,38.7136,2600.0,500,0.1,2,1,0,0,,,,,
GPS_Pres87_run2,TimeDependentPressure/GPS_Pres87/1MPa,1000000,500000,1000.0,38.7136,2600.0,500,0.1,2,1,0,0,,,,,
GPS_Pres110,TimeDependentPressure/GPS_Pres110/250KPa,250000,125000,75.0,38.7136,750.0,500,0.1,2,1,0,0,,,,,
GPS_Pres110_run2,TimeDependentPressure/GPS_Pres110/1MPa,1000000,500000,75.0,38.7136,750.0,500,0.1,2,1,0,0,,,,,
Sawtooth_Pres10,TimeDependentPressure/Sawtooth_Pres10/250KPa,250000,62500,100.0,1.0,800.0,500,0.1,2,0,0,1,,,,,
Sawtooth_Pres10_run2,TimeDependentPressure/Sawtooth_Pres10/1MPa,1000000,250000,100.0,1.0,800.0,500,0.1,2,0,0,1,,,,,
Sawtooth_Pres11,TimeDependentPressure/Sawtooth_Pres11/250KPa,250000,62500,200.0,1.0,1000.0,500,0.1,2,0,0,1,,,,,
Sawtooth_Pres11_run2,TimeDependentPressure/Sawtooth_Pres11/1MPa,1000000,250000,200.0,1.0,1000.0,500,0.1,2,0,0,1,,,,,
Sawtooth_Pres12,TimeDependentPressure/Sawtooth_Pres12/250KPa,250000,62500,500.0,1.0,1600.0,500,0.1,2,0,0,1,,,,,
Sawtooth_Pres12_run2,TimeDependentPressure/Sawtooth_Pres12/1MPa,1000000,250000,500.0,1.0,1600.0,500,0.1,2,0,0,1,,,,,
Sawtooth_Pres13,TimeDependentPressure/Sawtooth_Pres13/250KPa,250000,62500,1000.0,1.0,2600.0,500,0.1,2,0,0,1,,,,,
Sawtooth_Pres13_run2,TimeDependentPressure/Sawtooth_Pres13/1MPa,1000000,250000,1000.0,1.0,2600.0,500,0.1,2,0,0,1,,,,,
Sawtooth_Pres14,TimeDependentPressure/Sawtooth_Pres14/250KPa,250000,62500,100.0,38.7136,800.0,500,0.1,2,1,0,1,,,,,
Sawtooth_Pres14_run2,TimeDependentPressure/Sawtooth_Pres14/1MPa,1000000,250000,100.0,38.7136,800.0,500,0.1,2,1,0,1,,,,,
Sawtooth_Pres15,TimeDependentPressure/Sawtooth_Pres15/250KPa,250000,62500,200.0,38.7136,1000.0,500,0.1,2,1,0,1,,,,,
Sawtooth_Pres15_run2,TimeDependentPressure/Sawtooth_Pres15/1MPa,1000000,250000,200.0,38.7136,1000.0,500,0.1,2,1,0,1,,,,,
Sawtooth_Pres16,TimeDependentPressure/Sawtooth_Pres16/250KPa,250000,62500,500.0,38.7136,1600.0,500,0.1,2,1,0,1,,,,,
Sawtooth_Pres16_run2,TimeDependentPressure/Sawtooth_Pres16/1MPa,1000000,250000,500.0,38.7136,1600.0,500,0.1,2,1,0,1,,,,,
GPS_Pres105,TimeDependentPressure/GPS_Pres105/250KPa,250000,125000,100.0,8.714,800.0,500,0.1,2,0,0,0,,,,,
GPS_Pres105_run2,TimeDependentPressure/GPS_Pres105/1MPa,1000000,500000,100.0,8.714,800.0,500,0.1,2,0,0,0,,,,,
GPS_Pres106,TimeDependentPressure/GPS_Pres106/250KPa,250000,125000,200.0,8.714,1000.0,500,0.1,2,0,0,0,,,,,
GPS_Pres106_run2,TimeDependentPressure/GPS_Pres106/1MPa,1000000,500000,200.0,8.714,1000.0,500,0.1,2,0,0,0,,,,,
GPS_Pres107,TimeDependentPressure/GPS_Pres107/250KPa,250000,125000,500.0,8.714,1600.0,500,0.1,2,0,0,0,,,,,
GPS_Pres107_run2,TimeDependentPressure/GPS_Pres107/1MPa,1000000,500000,500.0,8.714,1600.0,500,0.1,2,0,0,0,,,,,
GPS_Pres109,TimeDependentPressure/GPS_Pres109/1MPa,1000000,500000,15.0,8.714,630.0,500,0.1,2,0,0,0,,,,,
GPS_Pres109_run2,TimeDependentPressure/GPS_Pres109/250KPa,250000,125000,15.0,8.714,630.0,500,0.1,2,0,0,0,,,,,
GPS_Pres111,TimeDependentPressure/GPS_Pres111/250KPa,250000,125000,35.0,8.714,670.0,500,0.1,2,0,0,0,,,,,
GPS_Pres111_run2,TimeDependentPressure/GPS_Pres111/1MPa,1000000,500000,35.0,8.714,670.0,500,0.1,2,0,0,0,,,,,
GPS_Pres103,TimeDependentPressure/GPS_Pres103/1MPa,1000000,500000,200.0,1.0,1000.0,500,0.1,2,0,0,0,12.6861831711668,22 26,0.7687916770373072 9.488147989407121,55.2588644524568,
GPS_Pres115,TimeDependentPressure/GPS_Pres115/1MPa,1000000,500000,200.0,1.0,1000.0,500,0.1,2,0,0,0,12.6864076187305,22 26,0.7412185622061569 7.7210537627427795,55.3656761353709,"Tolerances set to 1e-5, 1e-7"
GPS_Pres116,TimeDependentPressure/GPS_Pres116/1MPa,1000000,500000,200.0,1.0,1000.0,500,0.1,2,1,0,0,3.17796543405978,98 94,0.09784447822409496 0.1087951500257504,9.18703241303163,"Tolerances set to 1e-5, 1e-7"
Sawtooth_Pres22_run3,TimeDependentPressure/Sawtooth_Pres22/1_5MPa,1500000,375000,200.0,1.0,1000.0,500,0.18 0.1,2,1,0,1,4.37954668537853,,,,
GPS_Pres117,TimeDependentPressure/GPS_Pres117/1MPa,1000000,500000,200.0,1.0,1000.0,500,0.1,2,1,0,0,0.749699436126006,3 7 5,0.9249125369280489 3.6648209905751217,15.5732899705795,Inner layer of CR has viscosity and shear modulus halved to maintain tr=1
GPS_Pres118,TimeDependentPressure/GPS_Pres118/1MPa,1000000,500000,200.0,2.0,1000.0,500,0.1,2,1,0,0,0.583660336291363,28 26,30.033656489609545 8.846103108802623,12.0686321665368,Inner layer of cr has mu=20 GPa but original viscosity (visc is only change from GPS_Pres117)
Sawtooth_Pres23,TimeDependentPressure/Sawtooth_Pres23/1_5MPa,1500000,375000,200.0,1.0,1000.0,500,0.18 0.1,2,1,0,1,148 135,23.407063560871794 8.46517001,9.83915411665489,"New background velocity structure, look at 7/7/23 notes. Reference model: Sawtooth_Pres22_run3",
GPS_Pres119,TimeDependentPressure/GPS_Pres119/1MPa,1000000,500000,200.0,1.0,1000.0,500,0.1,2,0,0,0,13.7917401420536,24 26,2.0126113427636665 4.607305994536121,61.5050342338764,"Part of suite comparing source radii. CR rad=100km, source rad=25km"
GPS_Pres120,TimeDependentPressure/GPS_Pres120/1MPa,1000000,500000,200.0,1.0,1000.0,500,0.1,2,0,0,0,12.9693813096506,83 83,0.41338248 0.57016318,140.188797010743,"Part of suite comparing source radii. CR rad=100km, source rad=35km"
GPS_Pres121,TimeDependentPressure/GPS_Pres121/1MPa,1000000,500000,200.0,1.0,1000.0,500,0.1,2,0,0,0,11.9402562942449,95 93,0.32953344778272226 5.030250458501932,267.059625027449,"Part of suite comparing source radii. CR rad=100km, source rad=45km"
GPS_Pres122,TimeDependentPressure/GPS_Pres122/1MPa,1000000,500000,200.0,1.0,1000.0,500,0.1,2,0,0,0,11.7170529506366,93 90,0.9369219784367293 0.16139779163274906,355.889928838352,"Part of suite comparing source radii. CR rad=100km, source rad=50km"
Sawtooth_Pres23_run2,TimeDependentPressure/Sawtooth_Pres23/1_2MPa,1200000,300000,200.0,1.0,1000.0,500,0.18 0.1,2,1,0,1,4.55567310522724,148 137,3.4405978440649805 0.4672332124390942,6.76908776469033,"New background velocity structure, look at 7/7/23 notes. x_Rad = 24km, y_rad = 38 km Reference model: Sawtooth_Pres22_run3"
Sawtooth_Pres23_run3,TimeDependentPressure/Sawtooth_Pres23/1MPa,1000000,250000,200.0,1.0,1000.0,500,0.18 0.1,2,1,0,1,4.5556630102279,148 137,3.407726368947744 0.46723045766873544,5.64089640635546,"New background velocity structure, look at 7/7/23 notes. x_Rad = 24km, y_rad = 38 km Reference model: Sawtooth_Pres22_run3"
Sawtooth_Pres24,TimeDependentPressure/Sawtooth_Pres24/1_5MPa,1500000,375000,200.0,1.0,1000.0,500,0.18 0.1,2,1,0,1,"New background velocity structure, look at 7/7/23 notes. Reference model: Sawtooth_Pres23, xrad=25km, yrad=30km",,,,
Sawtooth_Pres25,TimeDependentPressure/Sawtooth_Pres25/1_5MPa,1500000,375000,200.0,1.0,1000.0,500,0.18 0.1,2,1,0,1,"New background velocity structure, look at 7/7/23 notes. Reference model: Sawtooth_Pres23, xrad=25km, yrad=40km",,,,
Sawtooth_Pres26,TimeDependentPressure/Sawtooth_Pres26/1_5MPa,1500000,375000,200.0,1.0,1000.0,500,0.18 0.1,2,1,0,1,"New background velocity structure, look at 7/7/23 notes. Reference model: Sawtooth_Pres23, xrad=25km, yrad=45km",,,,
Sawtooth_Pres27,TimeDependentPressure/Sawtooth_Pres27/1MPa,1000000,250000,200.0,1.0,1000.0,500,0.1,2,0,0,1,14.21910501335,0 29,1.15355084240347,10.5407626551417,"Part of suite comparing source radii with sawtooth pressure. Compare to suite GPS_Pres119-GPS_Pres122 CR rad=100km, source rad=25km. Realistic velocity structure"
Sawtooth_Pres28,TimeDependentPressure/Sawtooth_Pres28/1MPa,1000000,250000,200.0,1.0,1000.0,500,0.1,2,0,0,1,12.9441912206617,145 124,0.010089296567954723 0.01022104959132092 0.010233178247846924 0.010159553104979874 0.01002390625467525 0.011123204994670748 0.38384972736774736 0.018622158256029416 0.017793206443685972 0.016984230525254766 0.01618895547437463 0.01547340026069396 0.0147970033606951 0.0141560042470179 0.013547269149854947 0.01296814732271168 0.012416366112013952 0.011889953374221442 0.011387179637399849 0.0109065159152538 0.010446612855213118 0.010006328008015273 0.020627493946201735,23.8262683406732,"Part of suite comparing source radii with sawtooth pressure. Compare to suite GPS_Pres199-GPS_Pres122 CR rad=100km, source rad=35km. Realistic velocity structure"
Sawtooth_Pres29,TimeDependentPressure/Sawtooth_Pres29/1MPa,1000000,250000,200.0,1.0,1000.0,500,0.1,2,0,0,1,11.6827771554419,156 115,0.013606207265177236 0.014207961854278566 0.014677143914947802 0.015054478624515397 0.01535506267192358 0.015606832525222705 0.01581815359127989 0.015998279934639488 0.01615575582418783 0.01628822778427357 0.016406392329976326 0.016510748068075558 0.016603091781375767 0.016685420998349278 0.016759013266269544 0.01682491788635974 0.016884203886325323 0.01693756290484683 0.016987841244633563 0.0170289892527229 0.017068178561923355 0.01710358084854279 0.01713557323479944 0.017164416956144058 0.01719055846633997 0.017214172713996098 0.017235500757432593 0.01725475594953916 0.017272129933604916 0.0172877956687473 0.017301940464550424 0.017315785267330755 0.017327250722108983 0.017337550450445435 0.017345428334695507 0.01735367114308596 0.017361041940701313 0.017367622206261372 0.017373485784841027 0.017378699962050114 0.017383326128212587 0.01738742032005912 0.01739103369879299 0.01739421297665907 0.017397000803899845 0.22415948083527829 0.01301465810490108 0.013670030210674918 0.014188300473876089 0.014623229963268447 0.014979526952459889 0.015270806147016992 0.015526569869038043 0.015746810311408545 0.01594507797193369 0.01611091835097497 0.01625601056011912 0.016383705379134507 0.016496533845517233 0.01659638129012073 0.016685016839148886 0.01676398348199947 0.01683429364973998 0.016897139093534807 0.01695323449113735 0.017003520475657688 0.017048438556899713 0.017088676856708954 0.017126971510043103 0.017157105797457963 0.017186067306642232 0.017211965251966384 0.01723504526706627 0.017255948184136966 0.017274444726607975 0.017291043014460755 0.017305846354725905 0.01731903798360792 0.19316622499998073,46.8343896959551,"Part of suite comparing source radii with sawtooth pressure. Compare to suite GPS_Pres199-GPS_Pres122 CR rad=100km, source rad=45km. Realistic velocity structure"
Sawtooth_Pres30,TimeDependentPressure/Sawtooth_Pres30/1MPa,1000000,250000,200.0,1.0,1000.0,500,0.1,2,0,0,1,11.379790703353,156 113,0.010199036293521502 0.010544552079265546 0.010834179563993213 0.011078277353942362 0.01128507385641786 0.011460957342257157 0.011611188203389662 0.011739850694977728 0.011852974431777087 0.011945247216830903 0.01202706628322943 0.012097567440651815 0.012158323292773748 0.01221065599358826 0.012255619826911401 0.012294305764372057 0.012327449466896368 0.01235575548890069 0.012379830314169693 0.012400112419935565 0.012417236152904522 0.012431506205353719 0.012443275138890058 0.01245285038355171 0.01246041254650956 0.012466385826257474 0.01247087952146065 0.012474082777882145 0.012476161182759703 0.012477157291685439 0.012477423646935994 0.012476948822277099 0.012475840907365452 0.012474191917816348 0.012472082897015303 0.012469585610936095 0.012466704945283865 0.012463623535879905 0.012460320174476992 0.012456841122576893 0.012453226090979298 0.012449509863186723 0.2604074794656281 0.010219008006158416 0.010633227096089395 0.010968553389880084 0.011243191039016458 0.011470194409831828 0.011659100992544667 0.011817342930238464 0.011955123604566143 0.012062283206639794 0.012156874126654232 0.012239256289643188 0.012304309848591119 0.012361281000728471 0.01241087485452655 0.012449473442677734 0.012483084336278483 0.01251097207305808 0.012533919903225787 0.012554609834759707 0.012567516084309857 0.012579306415745692 0.012588314662490866 0.012594917567538156 0.012599439714046217 0.012602163406535522 0.012603334983447156 0.012605300426478594 0.01260180376882093 0.012599511990223362 0.012596379598507977 0.19841400979689522,62.0363853846918,"Part of suite comparing source radii with sawtooth pressure. Compare to suite GPS_Pres199-GPS_Pres122 CR rad=100km, source rad=50km. Realistic velocity structure"
GPS_Pres119_run2,TimeDependentPressure/GPS_Pres119/1MPa,1000000,500000,200.0,1.0,1000.0,500,0.1,2,0,0,0,14.2192240837892,28 30,2.168322223434329 0.9145408609166102,67.9552248920333,"Part of suite comparing source radii. CR rad=100km, source rad=25km, realistic velocity structure"
GPS_Pres120_run2,TimeDependentPressure/GPS_Pres120/1MPa,1000000,500000,200.0,1.0,1000.0,500,0.1,2,0,0,0,12.9441762547548,90 88,1.0818025622193082 0.2112186626847613,155.424738241257,"Part of suite comparing source radii. CR rad=100km, source rad=35km, realistic velocity structure"
GPS_Pres121_run2,TimeDependentPressure/GPS_Pres121/1MPa,1000000,500000,200.0,1.0,1000.0,500,0.1,2,0,0,0,11.6828421905817,0 95 92,0.9148946984553807 0.18817086838892375,295.392061185658,"Part of suite comparing source radii. CR rad=100km, source rad=45km, realistic velocity structure"
GPS_Pres122_run2,TimeDependentPressure/GPS_Pres122/1MPa,1000000,500000,200.0,1.0,1000.0,500,0.1,2,0,0,0,11.3797273054597,0 92 89,0.1394507669704513 0.2227270706819001,393.629705791865,"Part of suite comparing source radii. CR rad=100km, source rad=50km, realistic velocity structure"
GPS_Pres123,TimeDependentPressure/GPS_Pres123/1MPa,1000000,500000,200.0,1.0,1000.0,500,0.1,2,0,0,0,14.2083277794858,28 30,4.061116372089899 1.1756467623640385,85.7382428822396,"Part of suite comparing ellipsoidal source radii. Uniform CR rad=100km, source rad x=25km, source rad y = 30km realistic velocity structure"
GPS_Pres124,TimeDependentPressure/GPS_Pres124/1MPa,1000000,500000,200.0,1.0,1000.0,500,0.1,2,0,0,0,13.8855527597491,31 33,2.733118909883948 0.9974152507691031,111.424028428786,"Part of suite comparing ellipsoidal source radii. Uniform CR rad=100km, source rad x=25km, source rad y = 40km realistic velocity structure"
GPS_Pres125,TimeDependentPressure/GPS_Pres125/1MPa,1000000,500000,200.0,1.0,1000.0,500,0.1,2,0,0,0,13.747223430401,36 40,0.8004284638900189 1.9685269029185237,130.245449173164,"Part of suite comparing ellipsoidal source radii. Uniform CR rad=100km, source rad x=25km, source rad y = 50km realistic velocity structure"
Sawtooth_Pres31,TimeDependentPressure/Sawtooth_Pres31/1MPa,1000000,250000,200.0,1.0,1000.0,500,0.1,2,0,0,1,14.2083277794858,30,7.67542015284058,13.5376549623041,"Part of suite comparing ellipsoidal source radii. Uniform CR rad=100km, source rad x=25km, source rad y = 30km realistic velocity structure"
Sawtooth_Pres32,TimeDependentPressure/Sawtooth_Pres32/1MPa,1000000,250000,200.0,1.0,1000.0,500,0.1,2,0,0,1,13.8855527597491,31,6.98353293973532,17.6260932357906,"Part of suite comparing ellipsoidal source radii. Uniform CR rad=100km, source rad x=25km, source rad y = 40km realistic velocity structure"
Sawtooth_Pres33,TimeDependentPressure/Sawtooth_Pres33/1MPa,1000000,250000,200.0,1.0,1000.0,500,0.1,2,0,0,1,13.747223430401,38,1.85135045187033,21.0429381556348,"Part of suite comparing ellipsoidal source radii. Uniform CR rad=100km, source rad x=25km, source rad y = 50km realistic velocity structure"
GPS_Pres126,TimeDependentPressure/GPS_Pres126/1MPa,1000000,250000,200.0,1.0,1000.0,500,0.1,2,0,0,0,14.2193817605076,26 30,1.0315537891156212 5.740629157015363,32.585734834732,"Part of suite comparing source radii. CR rad=100km, source rad=25km, realistic velocity structure, similar to GPS_Pres119 with lower delta P"
GPS_Pres127,TimeDependentPressure/GPS_Pres127/1MPa,1000000,250000,200.0,1.0,1000.0,500,0.1,2,0,0,0,12.9441712119325,90 89,0.3036619449481382 5.004384676055656,75.168001810194,"Part of suite comparing source radii. CR rad=100km, source rad=35km, realistic velocity structure, similar to GPS_Pres120 with lower delta P"
GPS_Pres128,TimeDependentPressure/GPS_Pres128/1MPa,1000000,250000,200.0,1.0,1000.0,500,0.1,2,0,0,0,11.6828403191776,96 92,0.43456856845784564 0.16671867890618608,143.86332439561,"Part of suite comparing source radii. CR rad=100km, source rad=45km, realistic velocity structure, similar to GPS_Pres121 with lower delta P"
GPS_Pres129,TimeDependentPressure/GPS_Pres129/1MPa,1000000,250000,200.0,1.0,1000.0,500,0.1,2,0,0,0,11.3797400457997,93 90,0.8947739328581078 0.19031179300230058,191.773488638232,"Part of suite comparing source radii. CR rad=100km, source rad=50km, realistic velocity structure, similar to GPS_Pres122 with lower delta P"
GPS_Pres130,TimeDependentPressure/GPS_Pres130/1MPa,1000000,250000,200.0,1.0,1000.0,500,0.1,2,0,0,0,14.2083205720712,26 29,1.4441274248615892 0.9412613035464084,41.2761929798583,"Part of suite comparing ellipsoidal source radii. Uniform CR rad=100km, source rad x=25km, source rad y = 30km realistic velocity structure with lower delta P"
GPS_Pres131,TimeDependentPressure/GPS_Pres131/1MPa,1000000,250000,200.0,1.0,1000.0,500,0.1,2,0,0,0,13.8855538711175,29 33,1.1777291036408406 26.873714745263708,53.7407652439791,"Part of suite comparing ellipsoidal source radii. Uniform CR rad=100km, source rad x=25km, source rad y = 40km realistic velocity structure with lower delta P"
GPS_Pres132,TimeDependentPressure/GPS_Pres132/1MPa,1000000,250000,200.0,1.0,1000.0,500,0.1,2,0,0,0,13.7472918606668,36 38,2.853734867025648 1.4267107622341673,62.9558066514025,"Part of suite comparing ellipsoidal source radii. Uniform CR rad=100km, source rad x=25km, source rad y = 50km realistic velocity structure with lower delta P"
GPS_Pres133,TimeDependentPressure/GPS_Pres133/1MPa,1000000,250000,200.0,1.0,1000.0,500,0.1,2,0,0,0,10.546212511323,21 26,0.6157862533104206 0.9842753105766728,42.8754382024572,"Ellipsoidal source and CR. Uniform CR. CR radii (x,y,z) = 60km, 100km, 7km. Source radii (x,y,z) = 25km, 50km, 0.5km. Realistic Vs structure."
Sawtooth_Pres34,TimeDependentPressure/Sawtooth_Pres34/1MPa,1000000,250000,200.0,1.0,1000.0,500,0.1,2,0,0,1,10.546212511323,20,0.596300515434503,11.8449549205882,"Ellipsoidal source and CR. Uniform CR. CR radii (x,y,z) = 60km, 100km, 7km. Source radii (x,y,z) = 25km, 50km, 0.5km. Realistic Vs structure. Same as GPS_Pres133, but sawtooth"
GPS_Pres134,TimeDependentPressure/GPS_Pres134/1MPa,1000000,250000,200.0,1.0,1000.0,500,0.1,2,0,0,0,10.3260420956778,18 24,2.0527519544545503 5.898010312417214,44.0331603477773,"Ellipsoidal source and CR. Uniform CR. CR radii (x,y,z) = 100km, 60km, 8km. Source radii (x,y,z) = 25km, 50km, 0.5km. Realistic Vs structure."
Sawtooth_Pres35,TimeDependentPressure/Sawtooth_Pres35/1MPa,1000000,250000,200.0,1.0,1000.0,500,0.1,2,0,0,1,10.3260420956778,8,1.14195718225874,12.2672251578612,"Ellipsoidal source and CR. Uniform CR. CR radii (x,y,z) = 100km, 60km, 8km. Source radii (x,y,z) = 25km, 50km, 0.5km. Realistic Vs structure. Same as GPS_Pres134, but sawtooth"
GPS_Pres135,TimeDependentPressure/GPS_Pres135/1MPa,1000000,250000,200.0,1.0,1000.0,500,0.1,2,0,0,0,10.9014938777286,21 27,8.301450732147845 1.2217960766421263,46.1603427728533,"Ellipsoidal source and CR. Uniform CR. CR radii (x,y,z) = 100km, 100km, 7km. Source radii (x,y,z) = 25km, 50km, 0.5km. Realistic Vs structure."
Sawtooth_Pres36,TimeDependentPressure/Sawtooth_Pres36/1MPa,1000000,250000,200.0,1.0,1000.0,500,0.1,2,0,0,1,10.9014938777286,8,0.525795381962775,13.4677571787455,"Ellipsoidal source and CR. Uniform CR. CR radii (x,y,z) = 100km, 100km, 7km. Source radii (x,y,z) = 25km, 50km, 0.5km. Realistic Vs structure. Same as GPS_Pres135, but sawtooth"
GPS_Pres136,TimeDependentPressure/GPS_Pres136/1MPa,1000000,250000,200.0,1.0,1000.0,500,0.1,2,0,0,0,12.7820657914766,5 6,2.2575827350903888 21.79802349034867,9.92768249194695,"Ellipsoidal source and CR. Uniform CR. CR radii (x,y,z) = 60km, 100km, 7km. Source radii (x,y,z) = 12.5km, 25km, 0.5km. Realistic Vs structure."
Sawtooth_Pres37,TimeDependentPressure/Sawtooth_Pres37/1MPa,1000000,250000,200.0,1.0,1000.0,500,0.1,2,0,0,1,12.7820657914766,7,3.89151377633215,3.03887164657262,"Ellipsoidal source and CR. Uniform CR. CR radii (x,y,z) = 60km, 100km, 7km. Source radii (x,y,z) = 12.5km, 25km, 0.5km. Realistic Vs structure. Same as GPS_Pres136, but sawtooth"
GPS_Pres137,TimeDependentPressure/GPS_Pres137/1MPa,1000000,250000,200.0,1.0,1000.0,500,0.1,2,0,0,0,4.7385298797854,0 0,0 0,3.3683124092996,"Ellipsoidal source and CR. Uniform CR. CR radii (x,y,z) = 100km, 100km, 8km. Source radii (x,y,z) = 25km, 50km, 0.5km. Realistic Vs structure. Nested CR. Compare to GPS_Pres135"
Sawtooth_Pres38,TimeDependentPressure/Sawtooth_Pres38/1MPa,1000000,250000,200.0,1.0,1000.0,500,0.1,2,0,0,1,4.7385298797854,0 0,0 0,0.725130304225131,"Ellipsoidal source and CR. Uniform CR. CR radii (x,y,z) = 100km, 100km, 8km. Source radii (x,y,z) = 25km, 50km, 0.5km. Realistic Vs structure. Nested CR. Sawtooth version of GPS_Pres137"
GPS_Pres138,TimeDependentPressure/GPS_Pres138/1MPa,1000000,250000,200.0,1.0,1000.0,500,0.1,2,0,0,0,8.00073189762359,0,0,5.65881423907617,"Ellipsoidal source and CR. Nested CR. CR radii (x,y,z) = 100km, 100km, 8km. Source radii (x,y,z) = 25km, 50km, 0.5km. Realistic Vs structure. Nested CR, bounds at 80% and 90% CR. Compare to GPS_Pres137"
Sawtooth_Pres39,TimeDependentPressure/Sawtooth_Pres39/1MPa,1000000,250000,200.0,1.0,1000.0,500,0.1,2,0,0,1,8.00073189762359,0,0,1.54001633435266,"Ellipsoidal source and CR. Nested CR. CR radii (x,y,z) = 100km, 100km, 8km. Source radii (x,y,z) = 25km, 50km, 0.5km. Realistic Vs structure. Nested CR, bounds at 80% and 90% CR. Compare to Sawtooth_Pres38"
GPS_Pres139,TimeDependentPressure/GPS_Pres139/1MPa,1000000,250000,200.0,1.0,1000.0,500,0.1,2,0,0,0,13.2085593115492,0,0,71.4746620595209,"Ellipsoidal source and CR. Uniform CR. CR radii (x,y,z) = 100km, 100km, 14km. Source radii (x,y,z) = 25km, 50km, 0.5km. Realistic Vs structure. Compare to GPS_Pres135"
Sawtooth_Pres40,TimeDependentPressure/Sawtooth_Pres40/1MPa,1000000,250000,200.0,1.0,1000.0,500,0.1,2,0,0,1,13.2085593115492,0,0,22.6572015100035,"Ellipsoidal source and CR. Uniform CR. CR radii (x,y,z) = 100km, 100km, 14km. Source radii (x,y,z) = 25km, 50km, 0.5km. Realistic Vs structure. Compare to Sawtooth_Pres36"
GPS_Pres140,TimeDependentPressure/GPS_Pres140/1MPa,1000000,250000,200.0,1.0,1000.0,500,0.1,2,0,0,0,8.25182498410651,8 8,30.228485318570446 3.0481217839107915,10.4444668157345,"Ellipsoidal source and CR. Uniform CR. CR radii (x,y,z) = 60km, 100km, 7km. Source radii (x,y,z) = 12.5km, 25km, 0.5km. SMB depth at 15 km Realistic Vs structure."
Sawtooth_Pres41,TimeDependentPressure/Sawtooth_Pres41/1MPa,1000000,250000,200.0,1.0,1000.0,500,0.1,2,0,0,1,8.25182498410651,9,7.35921014260275,2.65882420465548,"Ellipsoidal source and CR. Uniform CR. CR radii (x,y,z) = 60km, 100km, 7km. Source radii (x,y,z) = 12.5km, 25km, 0.5km. SMB depth at 15 km Realistic Vs structure. Same as GPS_Pres140 but sawtooth"
GPS_Pres141,TimeDependentPressure/GPS_Pres141/1MPa,1000000,250000,200.0,1.0,1000.0,500,0.1,2,0,0,0,0 0,0.1949547706712379 0.4205832962457678,33.5290971495544,"Ellipsoidal source and CR. Uniform CR. CR radii (x,y,z) = 100km, 100km, 7km. Source radii (x,y,z) = 25km, 50km, 0.5km. SMB x offset 15 km. Realistic Vs structure.",
Sawtooth_Pres42,TimeDependentPressure/Sawtooth_Pres42/1MPa,1000000,250000,200.0,1.0,1000.0,500,0.1,2,0,0,1,0,0,10.3661656371338,"Ellipsoidal source and CR. Uniform CR. CR radii (x,y,z) = 100km, 100km, 7km. Source radii (x,y,z) = 25km, 50km, 0.5km. SMB x offset 15 km. Realistic Vs structure. Same as GPS_Pres141 but sawtooth",
GPS_Pres142,TimeDependentPressure/GPS_Pres142/1MPa,1000000,250000,200.0,1.0,1000.0,500,0.1,2,0,0,0,60.9143460159568,15 17 20 8 17,6.904614559254728 12.821018574581034 2.7347360104216376 3.138928116840184 3.7136067683840213,6.633148657683,"Ellipsoidal source and CR. Nested CR. CR radii (x,y,z) = 40km, 70km, 13km. Source radii (x,y,z) = 20km, 30km, 0.5km. Nested CR bounds at 70% and 80%. Realistic Vs structure."
Sawtooth_Pres43,TimeDependentPressure/Sawtooth_Pres43/1MPa,1000000,250000,200.0,1.0,1000.0,500,0.1,2,0,0,1,60.9143460159568,32 35,0.24310389323467968 3.585316587130693,4.46058942435426,"Ellipsoidal source and CR. Nested CR. CR radii (x,y,z) = 40km, 70km, 13km. Source radii (x,y,z) = 20km, 30km, 0.5km. Nested CR bounds at 70% and 80%. Realistic Vs structure. Same as GPS_Pres142 but sawtooth"
GPS_Pres143,TimeDependentPressure/GPS_Pres143/1MPa,1000000,250000,200.0,1.0,1000.0,500,0.1,2,0,0,0,30.4962165406429,0,0,31.6037594070818,"Ellipsoidal source and CR. Nested CR. CR radii (x,y,z) = 40km, 70km, 13km. Source radii (x,y,z) = 20km, 30km, 0.5km. Source at 7 km depth. Nested CR bounds at 70% and 80%. Realistic Vs structure."
Sawtooth_Pres44,TimeDependentPressure/Sawtooth_Pres44/1MPa,1000000,250000,200.0,1.0,1000.0,500,0.1,2,0,0,1,30.4962165406429,0,0,12.9309588461152,"Ellipsoidal source and CR. Nested CR. CR radii (x,y,z) = 40km, 70km, 13km. Source radii (x,y,z) = 20km, 30km, 0.5km. Source at 7 km depth. Nested CR bounds at 70% and 80%. Realistic Vs structure. Same as GPS_Pres143 but sawtooth"
GPS_Pres144,TimeDependentPressure/GPS_Pres144/1MPa,1000000,250000,200.0,1.0,1000.0,500,0.1,2,0,0,0,"Ellipsoidal source and CR. Nested CR. CR radii (x,y,z) = 40km, 70km, 14km. Primary source radii (x,y,z) = 20km, 30km, 0.5km. Secondary source radii (x,y,z) = 12km, 15km, 3.5km. Secondary source at 7km depth with 15 km x offset.  Nested CR bounds at 70% and 80%. Realistic Vs structure.",,,,
Sawtooth_Pres45,TimeDependentPressure/Sawtooth_Pres45/1MPa,1000000,250000,200.0,1.0,1000.0,500,0.1,2,0,0,1,5.34520481894035,6 1,1.6854086787751532 0.2748457216055656,4.59781889523976,"Ellipsoidal source and CR. Nested CR. CR radii (x,y,z) = 45km, 75km, 14km. Primary source radii (x,y,z) = 25km, 35km, 3.5km. Secondary source radii (x,y,z) = 14km, 17km, 3.5km. Secondary source at 8km depth with 0 km x offset.  Nested CR bounds at 70% and 80%. Realistic Vs structure. Same as GPS_Pres144 but sawtooth"
Sawtooth_Pres46,TimeDependentPressure/Sawtooth_Pres46/1MPa,1000000,250000,200.0,1.0,1000.0,500,0.1,2,0,0,1,5.34520481894035,6 1,1.6854086787751532 0.2748457216055656,4.59781889523976,"Ellipsoidal source and CR. Nested CR. CR radii (x,y,z) = 45km, 75km, 14km. Primary source radii (x,y,z) = 25km, 35km, 0.5km. Secondary source radii (x,y,z) = 14km, 17km, 1.5km. Secondary source at 8km depth with 0 km x offset.  Nested CR bounds at 70% and 80%. Realistic Vs structure. Same as GPS_Pres144 but sawtooth"
Sawtooth_Pres47,TimeDependentPressure/Sawtooth_Pres47/1MPa,1000000,250000,200.0,1.0,1000.0,500,0.1,2,0,0,1,10.2205113094939,0,0,23.3203650544963,"Ellipsoidal source and CR. Nested CR. CR radii (x,y,z) = 45km, 75km, 14km. Primary source radii (x,y,z) = 25km, 35km, 0.5km. Secondary source radii (x,y,z) = 14km, 17km, 1.5km. Secondary source at 8km depth with 0 km x offset.  Nested CR bounds at 70% and 80%. Realistic Vs structure. Secondary source has constant pressure at 1MPa"
Sawtooth_Pres48,TimeDependentPressure/Sawtooth_Pres48/1MPa,1000000,250000,200.0,1.0,1000.0,500,0.1,2,0,0,1,7.03282735394717,0,0,"Ellipsoidal source and CR. Nested CR. CR radii (x,y,z) = 45km, 75km, 14km. Primary source radii (x,y,z) = 25km, 35km, 0.5km. Secondary source radii (x,y,z) = 20km, 25km, 0.5km. Secondary source at 8km depth with 0 km x offset.  Nested CR bounds at 70% and 80%. Realistic Vs structure. Secondary source has constant pressure at 1MPa",
Sawtooth_Pres49,TimeDependentPressure/Sawtooth_Pres49/1MPa,1000000,250000,200.0,1.0,1000.0,500,0.1,2,0,0,1,7.03282735394717,23,0.019776952485736,31.9886811501539,"Ellipsoidal source and CR. Nested CR. CR radii (x,y,z) = 45km, 75km, 14km. Primary source radii (x,y,z) = 25km, 35km, 0.5km. Secondary source radii (x,y,z) = 20km, 25km, 0.5km. Secondary source at 8km depth with 0 km x offset.  Nested CR bounds at 70% and 80%. Realistic Vs structure. "
Double_Pres1,TimeDependentPressure/Double_Pres1/1MPa,1000000,250000,200.0,1.0,1000.0,500,0.1,2,0,0,1,7.03282735394717,0,0,"Secondary pressure function shift = 0. Ellipsoidal source and CR. Nested CR. CR radii (x,y,z) = 45km, 75km, 14km. Primary source radii (x,y,z) = 25km, 35km, 0.5km. Secondary source radii (x,y,z) = 20km, 25km, 0.5km. Secondary source at 8km depth with 0 km x offset.  Nested CR bounds at 70% and 80%. Realistic Vs structure. ",
Double_Pres2,TimeDependentPressure/Double_Pres2/1MPa,1000000,250000,200.0,1.0,1050.0,500,0.1,2,0,0,1,7.03282735394717,19,0.065600044791152,"Secondary pressure function shift = 50. Ellipsoidal source and CR. Nested CR. CR radii (x,y,z) = 45km, 75km, 14km. Primary source radii (x,y,z) = 25km, 35km, 0.5km. Secondary source radii (x,y,z) = 20km, 25km, 0.5km. Secondary source at 8km depth with 0 km x offset.  Nested CR bounds at 70% and 80%. Realistic Vs structure. ",
Double_Pres3,TimeDependentPressure/Double_Pres3/1MPa,1000000,250000,200.0,1.0,1100.0,500,0.1,2,0,0,1,7.03282735394717,20 22,0.09487700427926969 3.9523386298997796,"Secondary pressure function shift = 100. Ellipsoidal source and CR. Nested CR. CR radii (x,y,z) = 45km, 75km, 14km. Primary source radii (x,y,z) = 25km, 35km, 0.5km. Secondary source radii (x,y,z) = 20km, 25km, 0.5km. Secondary source at 8km depth with 0 km x offset.  Nested CR bounds at 70% and 80%. Realistic Vs structure. ",
Double_Pres4,TimeDependentPressure/Double_Pres4/1MPa,1000000,250000,200.0,1.0,1150.0,500,0.1,2,0,0,1,7.03282735394717,22 3,0.4036140144888363 0.5923234011970112,11.9049894335069,"Secondary pressure function shift = 150. Ellipsoidal source and CR. Nested CR. CR radii (x,y,z) = 45km, 75km, 14km. Primary source radii (x,y,z) = 25km, 35km, 0.5km. Secondary source radii (x,y,z) = 20km, 25km, 0.5km. Secondary source at 8km depth with 0 km x offset.  Nested CR bounds at 70% and 80%. Realistic Vs structure. "
Double_Pres5,TimeDependentPressure/Double_Pres5/1MPa,1000000,250000,200.0,1.0,1200.0,500,0.1,2,0,0,1,7.03282735394717,0,0,13.5919170480751,"Secondary pressure function shift = 200. Ellipsoidal source and CR. Nested CR. CR radii (x,y,z) = 45km, 75km, 14km. Primary source radii (x,y,z) = 25km, 35km, 0.5km. Secondary source radii (x,y,z) = 20km, 25km, 0.5km. Secondary source at 8km depth with 0 km x offset.  Nested CR bounds at 70% and 80%. Realistic Vs structure. "
Double_Pres6,TimeDependentPressure/Double_Pres6/1MPa,1000000,250000,200.0,1.0,1100.0,500,0.1,2,0,0,1,7.03282735394717,20 22,0.09487700427926969 3.9523386298997796,"Secondary pressure function shift = 100. Ellipsoidal source. No CR. Secondary source radii (x,y,z) = 20km, 25km, 0.5km. Secondary source at 8km depth with 0 km x offset. Realistic Vs structure. Control for Double_Pres3. ",
Sawtooth_Pres50,TimeDependentPressure/Sawtooth_Pres50/1MPa,1000000,250000,200.0,1.0,1000.0,500,0.1,2,0,0,1,8.03881697990548,0 0,0.20056764748474576 0.019461667447945533,46.0875103180634,"Ellipsoidal source and CR. Nested CR. CR radii (x,y,z) = 45km, 75km, 14km. Source radii (x,y,z) = 20km, 25km, 0.5km. Source at 8 km depth. Nested CR bounds at 70% and 80%. "
Double_Pres7,TimeDependentPressure/Double_Pres7/1MPa,1000000,250000,200.0,1.0,1000.0,500,0.1,2,0,0,1,7.03282735394717,0,0,10.2984306689325,"Secondary pressure function shift = 0. Ellipsoidal source, cylindrical CR. Nested CR. r_CR=100km, h_CR=15km. Primary source radii (x,y,z) = 25km, 35km, 0.5km with -20km x offset. Secondary source radii (x,y,z) = 20km, 25km, 0.5km. Secondary source at 8km depth with 20 km x offset.  Nested CR bounds at 70% and 80%. Realistic Vs structure. "
Double_Pres8,TimeDependentPressure/Double_Pres8/1MPa,1000000,250000,200.0,1.0,1050.0,500,0.1,2,0,0,1,7.03282735394717,0,0,42,"Secondary pressure function shift = 50. Ellipsoidal source, cylindrical CR. Nested CR. r_CR=100km, h_CR=15km. Primary source radii (x,y,z) = 25km, 35km, 0.5km with -20km x offset. Secondary source radii (x,y,z) = 20km, 25km, 0.5km. Secondary source at 8km depth with 20 km x offset.  Nested CR bounds at 70% and 80%. Realistic Vs structure. "
Double_Pres9,TimeDependentPressure/Double_Pres9/1MPa,1000000,250000,200.0,1.0,1110.0,500,0.1,2,0,0,1,10.4578641319206,50,5.99498599275858,"Secondary pressure function shift = 100. Ellipsoidal source, cylindrical CR. Nested CR. r_CR=100km, h_CR=15km. Primary source radii (x,y,z) = 25km, 35km, 0.5km with -20km x offset. Secondary source radii (x,y,z) = 20km, 25km, 0.5km. Secondary source at 8km depth with 20 km x offset.  Nested CR bounds at 70% and 80%. Realistic Vs structure. ",
Double_Pres10,TimeDependentPressure/Double_Pres10/1MPa,1000000,250000,10.0,1.0,635.0,500,0.1,2,0,0,1,4.44320965795316,0,0,112.65882468243,"Secondary pressure function shift = 15. Ellipsoidal source, ellipsodial CR. CR radii (x,y,z) = (30,50,5.0)km. Primary source radii (x,y,z) = 20km, 40km, 2.5km. Deep source depth 10 km. Secondary source radii (x,y,z) = 10km, 20km, 1.0km. Secondary source at 4km depth with -35 km x offset. Shallow source outside of CR. Realistic Vs structure. "
Double_Pres11,TimeDependentPressure/Double_Pres11/250kPa,250000,62500,10.0,1.0,625.0,500,0.1,2,0,0,1,4.44320965769864,0,0,28.1129368483597,"Secondary pressure function shift = 5. Ellipsoidal source, ellipsodial CR. CR radii (x,y,z) = (30,50,5.0)km. Primary source radii (x,y,z) = 20km, 40km, 2.5km. Deep source depth 10 km. Secondary source radii (x,y,z) = 10km, 20km, 1.0km. Secondary source at 4km depth with -35 km x offset. Shallow source outside of CR. Realistic Vs structure. "
Double_Pres12,TimeDependentPressure/Double_Pres12/250kPa,250000,62500,10.0,1.0,625.0,500,0.1,2,0,0,1,6.69574269448575,0,0,40.0402068424804,"Secondary pressure function shift = 5. Ellipsoidal source, cylindrical CR. CR rad = 100km. Primary source radii (x,y,z) = 20km, 40km, 2.5km. Deep source depth 10 km. Secondary source radii (x,y,z) = 10km, 20km, 1.0km. Secondary source at 4km depth with -35 km x offset. Shallow source outside of CR. Realistic Vs structure. "
Poro_Pres1,TimeDependentPressure/Poro_Pres1/250kPa,250000,40000,100.0,1.0,700.0,500,0.1,2,0,0,1,7.18271187269944,0,0,0.271872009270612,"Poroelastically derived pressure function. Spherical source and CR. r_source=10km, r_CR=15km."
Double_Pres13,TimeDependentPressure/Double_Pres13/1MPa,1000000,250000,10.0,1.0,635.0,500,0.1,2,0,0,1,4.39771317405378,0,0,111.381829965755,"Secondary pressure function shift = 15. Ellipsoidal source, ellipsodial CR. CR radii (x,y,z) = (30,50,5.0)km. Primary source radii (x,y,z) = 20km, 40km, 2.5km. Primary source depth 10 km. Secondary source radii (x,y,z) = 10km, 20km, 1.0km. Secondary source at 14km depth with -35 km x offset. Shallow source outside of CR. Realistic Vs structure. Identical to Double_Pres10, with secondary source shifted down from 4 to 14 km depth."
Yellowstone_Run0,Runs/run0,1000000,250000,15.0,1.0,630.0,500,0.1,2,0,0,1,0,0,Source dim 50% of CR dim. Source at CR depth. Gravity is on,"Secondary pressure function shift = 15. Ellipsoidal source, ellipsodial CR. CR radii (x,y,z) = (30,50,5.0)km. Primary source radii (x,y,z) = 20km, 40km, 2.5km. Primary source depth 10 km. Secondary source radii (x,y,z) = 10km, 20km, 1.0km. Secondary source at 14km depth with -35 km x offset. Shallow source outside of CR. Realistic Vs structure. Identical to Double_Pres10, with secondary source shifted down from 4 to 14 km depth. Identical to above but with initial stress state defined for gravity",
Yellowstone_Run1,Runs/run1,1000000,250000,15.0,1.0,630.0,500,0.1,2,0,0,1,59.1092200840239,0,0,,
Yellowstone_Run2,Runs/run2,1000000,250000,15.0,1.0,630.0,500,0.1,2,0,0,1,13.2351227393812,0,0,12.011813246139,Source dim 50% of CR dim. Source at CR depth (6.5 km). Gravity is off
Yellowstone_Run3,Runs/run3,1000000,250000,15.0,1.0,630.0,500,0.1,2,0,0,1,13.8564200498349,0,0,11.0866457916434,Source dim 50% of CR dim. Source depth = 7.25 km (0.5 km from bottom of CR). Gravity is off
Yellowstone_Run4,Runs/run4,1000000,250000,15.0,1.0,630.0,500,0.1,2,0,0,1,12.9445735029194,0,0,13.1336979158478,Source dim 50% of CR dim. Source depth = 5.75 km (0.5 km from top of CR). Gravity is off
Yellowstone_Run5,Runs/run5,1000000,250000,15.0,1.0,630.0,500,0.1,2,0,0,1,17.2715153197105,0,0,2.73738653038212,Source dim 25% of CR dim. Source depth = 6.5 km (same depth as CR)
Yellowstone_Run6,Runs/run6,1000000,250000,15.0,1.0,630.0,500,0.1,2,0,0,1,18.8602426633867,0,0,2.35265994467566,Source dim 25% of CR dim. Source depth = 7.875 km (bottom 0.5 km above CR bottom)
Yellowstone_Run7,Runs/run7,1000000,250000,15.0,1.0,630.0,500,0.1,2,0,0,1,17.2938511421515,0,0,3.02139360281885,Source dim 25% of CR dim. Source depth = 5.125 km (top 0.5 km below CR top)
Yellowstone_Run8,Runs/run8,1000000,250000,15.0,1.0,630.0,500,0.1,2,0,0,1,9.38444010050664,0,0,35.497278946053,Source dim 80% of CR dim. Source depth = 6.5 km (CR deptj)
Yellowstone_Run9,Runs/run9,1000000,250000,15.0,0.1,630.0,500,0.1,2,0,0,1,4.1435000095119,0,0,"Source dim 50% of CR dim. Source depth = 6.5 km (same depth as CR) Identical to run2, except with eta_CR=1.261E17 Pa s",
Yellowstone_Run10,Runs/run10,1000000,250000,15.0,0.1,630.0,500,0.1,2,0,0,1,13.8564200498349,0,0,11.0866457916434,Source dim 50% of CR dim. Source depth = 7.25 km (0.5 km from bottom of CR). Identical to run3 except with eta_CR=1.261E17 Pa s
Yellowstone_Run11,Runs/run11,1000000,250000,15.0,0.1,630.0,500,0.1,2,0,0,1,13.8564200498349,0,0,11.0866457916434,Source dim 50% of CR dim. Source depth = 5.75km (0.5 km from top of CR). Identical to run4 except with eta_CR=1.261E17 Pa s
Yellowstone_Run12,Runs/run12,1000000,250000,15.0,0.1,630.0,500,0.1,2,0,0,1,4.97569080210207,0,0,Source dim 25% of CR dim. Source depth = 6.5 km (same depth as CR) Identical to run5 except with eta_CR=1.261E17 Pa s,
Yellowstone_Run13,Runs/run13,1000000,250000,15.0,0.1,630.0,500,0.1,2,0,0,1,4.57387932463214,0,0,Source dim 25% of CR dim. Source depth = 7.875 km (0.5 km from bottom of CR) Identical to run5 except with eta_CR=1.261E17 Pa s,
Yellowstone_Run14,Runs/run14,1000000,250000,15.0,0.1,630.0,500,0.1,2,0,0,1,Source dim 25% of CR dim. Source depth = 5.125 km (0.5 km from top of CR) Identical to run5 except with eta_CR=1.261E17 Pa s,0,0,,
Yellowstone_Run15,Runs/run15,1000000,250000,15.0,0.1,630.0,500,0.1,2,0,0,1,4.97569080210207,0,0,Source dim 25% of CR dim. Source depth = 6.5 km (same depth as CR) Identical to run12 except with an upside down sawtooth pressure function,Source dim 25% of CR dim. Source depth = 6.5 km (same depth as CR) Identical to run12 except with an upside down sawtooth pressure function
Yellowstone_Run16,Runs/run16,1000000,250000,15.0,0.1,630.0,500,0.1,2,0,0,1,5.62272609534116,0,0,Source dim 10% of CR dim. Source depth = 6.5 km (same depth as CR),Source dim 10% of CR dim. Source depth = 6.5 km (same depth as CR)
Yellowstone_Run17,Runs/run17,1000000,250000,15.0,0.1,630.0,500,0.1,2,0,0,1,5.62272609534116,0,0,"Source dim 10% of CR dim. Source depth = 6.5 km (same depth as CR), upside down sawtooth","Source dim 10% of CR dim. Source depth = 6.5 km (same depth as CR), upside down sawtooth"
Yellowstone_Run18,Runs/run18,1000000,250000,30.0,0.1,660.0,500,0.1,2,0,0,1,4.97569080210207,0 0,0.30287153034747066 0.42373147840204695,Source dim 25% of CR dim. Source depth = 6.5 km (same depth as CR),Source dim 25% of CR dim. Source depth = 6.5 km (same depth as CR)
Yellowstone_Run19,Runs/run19,1000000,250000,15.0,0.1,630.0,500,0.1,2,0,0,1,5.93764795002082,0,0,"Source dim 10% of CR dim. Source depth =4.75 km (top of source 0.5 km below top of CR), upside down sawtooth","Source dim 10% of CR dim. Source depth =4.75 km (top of source 0.5 km below top of CR), upside down sawtooth"
Yellowstone_Run20,Runs/run20,1000000,250000,15.0,0.1,630.0,500,0.1,2,0,0,1,6.22187007617174,0,0,0.792144915144368,"Source dim 10% of CR dim. Source depth =8.25 km (bottom of source 0.5 km above bottom of CR), upside down sawtooth"
Yellowstone_Run21,Runs/run21,1000000,250000,15.0,0.1,630.0,500,0.1,2,0,0,1,4.68716450078625,0,0,9.16908526156074,"Source dim 25% of CR dim. Source depth =7.875 km (bottom of source 0.5 km above bottom of CR), upside down sawtooth"
Yellowstone_Run22,Runs/run22,1000000,250000,15.0,0.1,630.0,500,0.1,2,0,0,1,4.98966621326686,0,0,10.9929778252589,"Source dim 25% of CR dim. Source depth =5.125 km (top of source 0.5 km below top of CR), upside down sawtooth"
Yellowstone_Run23,Runs/run23,1000000,250000,50.0,0.1,700.0,500,0.1,2,0,0,1,5.09438547102376,0,0,5.18680407783224,Source dim 25% of CR dim. Source depth = 6.5 km (same depth as CR)
Yellowstone_Run24,Runs/run24,1000000,250000,30.0,0.1,660.0,500,0.1,2,0,0,1,4356.8814733452,0,0,"Source dim 25% of usual CR dim. Source depth = 6.5 km, NO CR!",
Yellowstone_Run24_2,Runs/run24_2,1000000,250000,30.0,0.1,660.0,500,0.1,2,0,0,1,"Source dim 25% of usual CR dim. Source depth = 6.5 km, NO CR! Copy of run24 to verify volcan is working",,,,
Yellowstone_Run25,Runs/run25,1000000,250000,30.0,0.1,660.0,500,0.1,2,0,0,1,6033.54336444606,0,0,0.986705345706947,"Source dim 25% of usual CR dim. Source depth = 8.5 km, NO CR!"
Yellowstone_Run26,Runs/run26,1000000,250000,30.0,0.1,660.0,500,0.1,2,0,0,1,3959.40954563547,0,0,2.84301831164611,"Source dim 25% of usual CR dim. Source depth = 6.5 km, NO CR!"
Yellowstone_Run27,Runs/run27,1000000,250000,30.0,0.1,660.0,500,0.1,2,0,0,1,4.2283737053404,0,0.068436920106797,27.0678247150452,Source dim 50% of CR dim. Source depth = 6.5 km (same depth as CR)
Yellowstone_Run28,Runs/run28,1000000,250000,50.0,0.1,700.0,500,0.1,2,0,0,1,4.2283737053404,0 0,0.6393827621057389 0.3608893221077653,19.5164562231955,Source dim 50% of CR dim. Source depth = 6.5 km (same depth as CR)
Yellowstone_Run29,Runs/run29,1000000,250000,30.0,0.1,660.0,500,0.1,2,0,0,1,0,0,64.7483193784842,Source dim 80% of CR dim. Source depth = 6.5 km (same depth as CR),
Yellowstone_Run30,Runs/run30,1000000,250000,50.0,0.1,700.0,500,0.1,2,0,0,1,0,0,40.842070535668,Source dim 80% of CR dim. Source depth = 6.5 km (same depth as CR),
Yellowstone_Run31,Runs/run31,1000000,250000,30.0,0.1,660.0,500,0.1,2,0,0,1,0,0.305431595322628,38.5697384841255,Source dim 50% of uniform CR dim. Source depth = 6.5 km (same depth as CR). Nested CR with double uniform CR dimensions,
Yellowstone_Run32,Runs/run32,1000000,250000,15.0,0.1,630.0,500,0.1,2,0,0,1,0,0,43.4577945319001,Source dim 50% of uniform CR dim. Source depth = 6.5 km (same depth as CR).,
Yellowstone_Run33,Runs/run33,1000000,250000,15.0,0.1,630.0,500,0.1,2,0,0,1,0,0,119.44405616608,Source dim 80% of uniform CR dim. Source depth = 6.5 km (same depth as CR).,
Yellowstone_Run34,Runs/run34,1000000,250000,30.0,0.1,910.0,750,0.1,2,0,0,1,5.30758007780852,0,1.69384264304108,33.1698371634245,"Source dim 50% of uniform CR dim. Source depth = 6.5 km (same depth as CR). Nested CR with 1.5 times uniform CR dimensions. Nested bounds are 0.5, 0.9"
Yellowstone_Run35,Runs/run35,1000000,250000,20.0,0.1,640.0,500,0.1,2,0,0,1,5.76887727858337,0,4.88785160522402,0.909559913347776,"Source dim 10% of CR dim. Source depth = 6.5 km (same depth as CR), upside down sawtooth"
Yellowstone_Run36,Runs/run36,1000000,250000,20.0,0.1,640.0,500,0.1,2,0,0,1,5.09438547102376,0,0,8.61152133987525,"Source dim 25% of CR dim. Source depth = 6.5 km (same depth as CR), upside down sawtooth"
Yellowstone_Run37,Runs/run37,1000000,250000,20.0,0.1,640.0,500,0.1,2,0,0,1,4.2283737053404,0,0,35.5637358999957,"Source dim 50% of CR dim. Source depth = 6.5 km (same depth as CR), upside down sawtooth"
Yellowstone_Run38,Runs/run38,1000000,250000,20.0,0.1,640.0,500,0.1,2,0,0,1,2.69094967645611,0,0,92.9247178479132,"Source dim 80% of CR dim. Source depth = 6.5 km (same depth as CR), upside down sawtooth"
Yellowstone_Run39,Runs/run39,1000000,250000,30.0,0.1,910.0,750,0.1,2,0,0,1,1613178304542700,0,0.24937641913405,24.8607130758312,"Source dim 50% of uniform CR dim. Source depth = 6.5 km (same depth as CR). Nested CR with 1.5 times uniform CR dimensions. CR has eta=10^17 unto 90%, then eta=10^19"
Yellowstone_Run40,Runs/run40,1000000,250000,30.0,0.01,910.0,750,0.1,2,0,0,1,2.7288527606784,0,1.74548747923778,44.7397407961031,"Source dim 50% of uniform CR dim. Source depth = 6.5 km (same depth as CR). eta_CR=1.261*10^16 Nested CR with 1.5 times uniform CR dimensions. CR has eta=10^16 unto 90%, then eta=10^18"
Yellowstone_Run41,Runs/run41,1000000,250000,15.0,0.1,880.0,750,0.1,2,0,0,1,3.87953476002158,0,1.32427683893543,40.230175278877,"Source dim 50% of uniform CR dim. Source depth = 6.5 km (same depth as CR). Nested CR with 1.5 times uniform CR dimensions. CR has eta=10^17 unto 90%, then eta=10^19"
Yellowstone_Run42,Runs/run42,1000000,250000,20.0,0.1,890.0,750,0.1,2,0,0,1,3.87953476002158,0,0,33.0980621486662,"Source dim 50% of uniform CR dim. Source depth = 6.5 km (same depth as CR). Nested CR with 1.5 times uniform CR dimensions. CR has eta=10^17 unto 90%, then eta=10^19"
Yellowstone_Run43,Runs/run43,1000000,250000,50.0,0.1,950.0,750,0.1,2,0,0,1,3.87953476002158,0,0.794733223650856,17.0793776836363,"Source dim 50% of uniform CR dim. Source depth = 6.5 km (same depth as CR). Nested CR with 1.5 times uniform CR dimensions. CR has eta=10^17 unto 90%, then eta=10^19"
Yellowstone_Run44,Runs/run44,1000000,250000,15.0,0.1,880.0,750,0.1,2,0,0,1,4.22140767366461,0,0,9.40811677660746,"Source dim 25% of uniform CR dim. Source depth = 6.5 km (same depth as CR). Nested CR with 1.5 times uniform CR dimensions. CR has eta=10^17 unto 90%, then eta=10^19"
Yellowstone_Run45,Runs/run45,1000000,250000,20.0,0.1,890.0,750,0.1,2,0,0,1,4.22140767366461,0,0,7.84153856981764,"Source dim 25% of uniform CR dim. Source depth = 6.5 km (same depth as CR). Nested CR with 1.5 times uniform CR dimensions. CR has eta=10^17 unto 90%, then eta=10^19"
Yellowstone_Run46,Runs/run46,1000000,250000,30.0,0.1,910.0,750,0.1,2,0,0,1,4.22140767366461,0,0,5.93553122006078,"Source dim 25% of uniform CR dim. Source depth = 6.5 km (same depth as CR). Nested CR with 1.5 times uniform CR dimensions. CR has eta=10^17 unto 90%, then eta=10^19"
Yellowstone_Run47,Runs/run47,1000000,250000,50.0,0.1,950.0,750,0.1,2,0,0,1,4.22140767366461,0,0,4.15208552919787,"Source dim 25% of uniform CR dim. Source depth = 6.5 km (same depth as CR). Nested CR with 1.5 times uniform CR dimensions. CR has eta=10^17 unto 90%, then eta=10^19"
Yellowstone_Run48,Runs/run48,1000000,250000,15.0,0.1,880.0,750,0.1,2,0,0,1,3.34741586474147,0,0.085420842866303,97.6479547609998,"Source dim 80% of uniform CR dim. Source depth = 6.5 km (same depth as CR). Nested CR with 1.5 times uniform CR dimensions. CR has eta=10^17 unto 90%, then eta=10^19"
Yellowstone_Run49,Runs/run49,1000000,250000,20.0,0.1,890.0,750,0.1,2,0,0,1,3.34741586474147,0,1.69696376250137,78.0589407203174,"Source dim 80% of uniform CR dim. Source depth = 6.5 km (same depth as CR). Nested CR with 1.5 times uniform CR dimensions. CR has eta=10^17 unto 90%, then eta=10^19"
Yellowstone_Run50,Runs/run50,1000000,250000,30.0,0.1,910.0,750,0.1,2,0,0,1,3.34741586474147,1,1.50961386296188,56.9855862929624,"Source dim 80% of uniform CR dim. Source depth = 6.5 km (same depth as CR). Nested CR with 1.5 times uniform CR dimensions. CR has eta=10^17 unto 90%, then eta=10^19"
Yellowstone_Run51,Runs/run51,1000000,250000,50.0,0.1,950.0,750,0.1,2,0,0,1,"Source dim 80% of uniform CR dim. Source depth = 6.5 km (same depth as CR). Nested CR with 1.5 times uniform CR dimensions. CR has eta=10^17 unto 90%, then eta=10^19",,,,
Yellowstone_Run52,Runs/run52,1000000,250000,15.0,0.1,880.0,750,0.1,2,0,0,1,3.90641280449614,0,0,0.901804177950598,"Source dim 10% of uniform CR dim. Source depth = 6.5 km (same depth as CR). Nested CR with 1.5 times uniform CR dimensions. CR has eta=10^17 unto 90%, then eta=10^19"
Yellowstone_Run53,Runs/run53,1000000,250000,20.0,0.1,890.0,750,0.1,2,0,0,1,3.90641280449614,0,0,0.740763662342373,"Source dim 10% of uniform CR dim. Source depth = 6.5 km (same depth as CR). Nested CR with 1.5 times uniform CR dimensions. CR has eta=10^17 unto 90%, then eta=10^19"
Yellowstone_Run54,Runs/run54,1000000,250000,30.0,0.1,910.0,750,0.1,2,0,0,1,"Source dim 10% of uniform CR dim. Source depth = 6.5 km (same depth as CR). Nested CR with 1.5 times uniform CR dimensions. CR has eta=10^17 unto 90%, then eta=10^19",0,0,0.546578047105281,
Yellowstone_Run55,Runs/run55,1000000,250000,50.0,0.1,950.0,750,0.1,2,0,0,1,"Source dim 10% of uniform CR dim. Source depth = 6.5 km (same depth as CR). Nested CR with 1.5 times uniform CR dimensions. CR has eta=10^17 unto 90%, then eta=10^19",0,0,0.419870589707559,
Yellowstone_Run56,Runs/run56,1000000,250000,30.0,0.1,910.0,750,0.1,2,0,0,1,4.50562029896336,0,0,42.3642828137692,"Source dim 50% of uniform CR dim. Source depth = 6.5 km (same depth as CR). Nested CR with 1.5 times uniform CR dimensions. CR has eta=10^17 unto 90%, then eta=10^19. Viscoelastic envelope extending from surface to 15 km. Dimensions are 2.5 times uniform CR dimensions. Viscosity is 10^3 times uniform CR viscosity"
Yellowstone_Run57,Runs/run57,1000000,250000,30.0,0.01,910.0,750,0.1,2,0,0,1,3.71298335966154,0,0,19.8511584717732,"Source dim 25% of uniform CR dim. Source depth = 6.5 km (same depth as CR). Nested CR with 1.5 times uniform CR dimensions. CR has eta=10^16 unto 90%, then eta=10^18. Viscoelastic envelope extending from surface to 15 km. Dimensions are 2.5 times uniform CR dimensions. Viscosity is 10^3 times uniform CR viscosity"
Yellowstone_Run58,Runs/run58,1000000,250000,30.0,0.1,910.0,750,0.1,2,0,0,1,"Source dim 25% of uniform CR dim. Source depth = 6.5 km (same depth as CR). Elliptical cylinder CR, height is 5 km",,,,
Yellowstone_Run59,Runs/run59,1000000,250000,30.0,1.0,910.0,750,0.1,2,0,0,1,21.483292880652,0,0,2.48202880154884,"Source dim 25% of uniform CR dim. Source depth = 6.5 km (same depth as CR). Elliptical cylinder CR, height is 5 km"
Yellowstone_Run60,Runs/run60,1000000,250000,30.0,1.0,910.0,750,0.1,2,0,0,1,20.5276507385539,0,0,2.10200357439472,"Source dim 25% of uniform CR dim. Source depth = 6.5 km (same depth as CR). Uniform CR, height is 4 km, nested is 5 km. Nested CR x,y dim are 1.5x uniform dim. Eta=10^18 until 80% then 10^20"
Yellowstone_Run61,Runs/run61,1000000,250000,30.0,0.1,910.0,750,0.1,2,0,0,1,5.00311431399057,0,0,5.70264854924433,"Source dim 25% of uniform CR dim. Source depth = 6.5 km (same depth as CR). Uniform CR, height is 4 km, nested is 5 km. Nested CR x,y dim are 1.5x uniform dim. Eta=10^18 until 80% then 10^20"
Yellowstone_Run62,Runs/run62,1000000,250000,30.0,0.1,910.0,750,0.1,2,0,0,1,5.00002793169865,0,0,6.00686470195366,"Source dim 25% of uniform CR dim. Source depth = 6.5 km (same depth as CR). Uniform CR, height is 4 km, nested is 9 km extending from 4km-13km. Nested CR x,y dim are 2x uniform dim. Eta=10^17 until 80% then 10^20"
Yellowstone_Run63,Runs/run63,1000000,250000,30.0,0.1,910.0,750,0.1,2,0,0,1,4.36519062980441,0,3.58041427197797,4.78860115379148,"Source dim 25% of uniform CR dim. Source depth = 6.5 km (same depth as CR). Uniform CR, height is 4 km, nested is 16 km extending from 4km-20km. Nested CR x,y dim are 3x uniform dim. Eta=10^17 until 70%, then increases by an order of magnitude at 70, 80, 90%."
Yellowstone_Run64,Runs/run64,1000000,250000,30.0,0.1,260.0,100,0.1,2,0,0,1,5.09438547102376,0 0,1.428719674631969 0.5428852341166882,7.96191240407586,Source dim 25% of CR dim. Source depth = 6.5 km (same depth as CR). Upside down sawtooth. Test to compare against COMSOL run
Yellowstone_Run65,Runs/run65,1000000,250000,30.0,0.1,940.0,750,0.1,3,0,0,0,4.36519062980441,0,0,9.88894823306768,"Source dim 25% of uniform CR dim. Source depth = 6.5 km (same depth as CR). Uniform CR, height is 4 km, nested is 16 km extending from 4km-20km. Nested CR x,y dim are 3x uniform dim. Eta=10^17 until 70%, then increases by an order of magnitude at 70, 80, 90%."
Yellowstone_Run66,Runs/run66,1000000,250000,30.0,0.01,910.0,750,0.1,2,0,0,1,2.81181324166713,0,0,20.1314814631518,"Source dim 25% of uniform CR dim. Source depth = 6.5 km (same depth as CR). Uniform CR, height is 4 km, nested is 16 km extending from 4km-20km. Nested CR x,y dim are 3x uniform dim. Eta=10^16 until 70%, then increases by an order of magnitude at 70, 80, 90%."
Yellowstone_Run67,Runs/run67,1000000,250000,30.0,0.1,940.0,750,0.1,3,0,0,1,4.36519062980441,0 0 0,1.2522056553218184 0.571516698105195 0.04024482210703343,3.93786953662608,"Source dim 25% of uniform CR dim. Source depth = 6.5 km (same depth as CR). Uniform CR, height is 4 km, nested is 16 km extending from 4km-20km. Nested CR x,y dim are 3x uniform dim. Eta=10^17 until 70%, then increases by an order of magnitude at 70, 80, 90%. Upside down sawtooth"
Yellowstone_Run68,Runs/run68,1000000,250000,30.0,0.1,1150.0,750,0.1,10,0,0,1,4.36519062936787,0 0 0,1.2522056562318404 0.5715167001670566 0.040244821580202934,4.11745247483416,"Source dim 25% of uniform CR dim. Source depth = 6.5 km (same depth as CR). Uniform CR, height is 4 km, nested is 16 km extending from 4km-20km. Nested CR x,y dim are 3x uniform dim. Eta=10^17 until 70%, then increases by an order of magnitude at 70, 80, 90%. Upside down sawtooth"
Yellowstone_Run69,Runs/run69,1000000,250000,30.0,0.1,910.0,750,0.1,2,0,0,1,4.79623800724147,0,23.8734179895551,3.43291084836858,"Source dim 25% of uniform CR dim. Source depth = 6.5 km (same depth as CR). Uniform CR, height is 4 km, nested is 16 km extending from 4km-20km. Nested CR x,y dim are 3x uniform dim. Eta=10^17 until end of uniform CR, then 10^19. Upside down sawtooth"
Yellowstone_Run70,Runs/run70,1000000,250000,30.0,0.1,910.0,750,0.1,2,0,0,1,0 0,0.3459038085335781 0.27177611799157636,3.82547703699139,"Source dim 100% of normal uniform CR dim. Source depth = 6.5 km (same depth as CR). Elliptical cylinder CR, height is 16 km (3.5-19.5), CR x, y = 4x normal uniform CR x, y",
Yellowstone_Run71,Runs/run71,1000000,250000,15.0,0.1,880.0,750,0.1,2,0,0,1,"Source dim 100% of normal uniform CR dim. Source depth = 6.5 km (same depth as CR). Elliptical cylinder CR, height is 16 km (3.5-19.5), CR x, y = 4x normal uniform CR x, y",,,,
Yellowstone_Run72,Runs/run72,1000000,250000,20.0,0.1,890.0,750,0.1,2,0,0,1,3.93878919325613,2 2,3.8495269508708057 17.796946518517995,158.848530128957,"Source dim 100% of normal uniform CR dim. Source depth = 6.5 km (same depth as CR). Elliptical cylinder CR, height is 16 km (3.5-19.5), CR x, y = 4x normal uniform CR x, y"
Yellowstone_Run73,Runs/run73,1000000,250000,30.0,0.1,910.0,750,0.1,2,0,0,1,3.93878919325613,2 2,3.707738723579552 3.0559597703670303,121.501405963823,"Source dim 100% of normal uniform CR dim. Source depth = 6.5 km (same depth as CR). Elliptical cylinder CR, height is 16 km (3.5-19.5), CR x, y = 4x normal uniform CR x, y"
Yellowstone_Run74,Runs/run74,1000000,250000,50.0,0.1,950.0,750,0.1,2,0,0,1,3.93878919325613,3 3,4.34343343748242 2.446697897894855,82.897586183026,"Source dim 100% of normal uniform CR dim. Source depth = 6.5 km (same depth as CR). Elliptical cylinder CR, height is 16 km (3.5-19.5), CR x, y = 4x normal uniform CR x, y"
Yellowstone_Run75,Runs/run75,1000000,250000,30.0,0.1,910.0,750,0.1,2,0,0,1,6.69558527170551,2 1,3.211374044859446 0.9429860862138973,265.658283801311,"Source dim 100% of normal uniform CR dim. Source depth = 6.5 km (same depth as CR). Uniform CR, height is 6 km, nested is 16 km extending from 1.5km-17.5km. Nested CR x,y dim are 4x normal uniform dim. Eta=10^17 until 50% of CR, then 10^18 until 80%, 10^19 until 90% and then 10^20 until the end. Upside down sawtooth"
Yellowstone_Run76,Runs/run76,100000,25000,30.0,0.1,910.0,500,0.1,2,0,0,1,3.93878919318917,2 2,3.707741436161146 3.055959201678354,12.1501405864636,"Source dim 100% of normal uniform CR dim. Source depth = 6.5 km (same depth as CR). Elliptical cylinder CR, height is 16 km (3.5-19.5), CR x, y = 4x normal uniform CR x, y, identical to run73 but with P0 and delta P lower by an order of magnitude"
Yellowstone_Run76_run2,Runs/run76_run2,100000,25000,30.0,0.1,910.0,500,0.1,2,0,0,1,3.93878919318917,2 2,3.707741436161146 3.055959201678354,12.1501405864636,"Source dim 100% of normal uniform CR dim. Source depth = 6.5 km (same depth as CR). Elliptical cylinder CR, height is 16 km (3.5-19.5), CR x, y = 4x normal uniform CR x, y, identical to run76 but running on olivine to test"
Yellowstone_Run77,Runs/run77,100000,10000,30.0,0.1,630.0,500,0.1,1,0,0,1,3.93878919318917,0,2.70494758069831,"Source dim 100% of normal uniform CR dim. Source depth = 6.5 km (same depth as CR). Elliptical cylinder CR, height is 16 km (3.5-19.5), CR x, y = 4x normal uniform CR x, y. Slowly decreasing background pressure with two pressure perturbations",
Yellowstone_Run78,Runs/run78,100000,2500,30.0,0.1,630.0,500,0.1,1,0,0,1,3.93878919318917,1 0,2.0663799787400587 2.6037991690852236,"Source dim 100% of normal uniform CR dim. Source depth = 6.5 km (same depth as CR). Elliptical cylinder CR, height is 16 km (3.5-19.5), CR x, y = 4x normal uniform CR x, y. Slowly decreasing background pressure with two pressure perturbations",
Yellowstone_Run79,Runs/run79,100000,2500,30.0,0.1,630.0,500,0.1,1,0,0,1,3.93878919318917,0,0,"Source dim 100% of normal uniform CR dim. Source depth = 6.5 km (same depth as CR). Elliptical cylinder CR, height is 16 km (3.5-19.5), CR x, y = 4x normal uniform CR x, y. Steady background pressure with two pressure perturbations",
Yellowstone_Run80,Runs/run80,100000,5000,30.0,0.1,630.0,500,0.1,1,0,0,1,3.93878919318917,0,"Source dim 100% of normal uniform CR dim. Source depth = 6.5 km (same depth as CR). Elliptical cylinder CR, height is 16 km (3.5-19.5), CR x, y = 4x normal uniform CR x, y. Steady background pressure with two pressure perturbations",,
Yellowstone_Run81,Runs/run81,100000,10000,30.0,0.1,630.0,500,0.1,1,0,0,1,0,0,"Source dim 100% of normal uniform CR dim. Source depth = 6.5 km (same depth as CR). Elliptical cylinder CR, height is 16 km (3.5-19.5), CR x, y = 4x normal uniform CR x, y. Steady background pressure with two pressure perturbations",,
Yellowstone_Run82,Runs/run82,100000,20000,30.0,0.1,630.0,500,0.1,1,0,0,1,0,0,"Source dim 100% of normal uniform CR dim. Source depth = 6.5 km (same depth as CR). Elliptical cylinder CR, height is 16 km (3.5-19.5), CR x, y = 4x normal uniform CR x, y. Steady background pressure with two pressure perturbations",,
Yellowstone_Run83,Runs/run83,100000,50000,30.0,0.1,630.0,500,0.1,1,0,0,1,0,0,"Source dim 100% of normal uniform CR dim. Source depth = 6.5 km (same depth as CR). Elliptical cylinder CR, height is 16 km (3.5-19.5), CR x, y = 4x normal uniform CR x, y. Steady background pressure with two pressure perturbations",,
Yellowstone_Run84,Runs/run84,100000,2500,30.0,0.1,630.0,500,0.1,1,0,0,1,3.3510691546261,0,0,"Source dim 1.5*(13, 27.5)km. Source depth = 6.5 km (same depth as CR). Elliptical cylinder CR, height is 16 km (3.5-19.5), CR x, y = 4*(13, 27.5)km. Steady background pressure with two pressure perturbations",
Yellowstone_Run85,Runs/run85,100000,5000,30.0,0.1,630.0,500,0.1,1,0,0,1,3.3510691546261,0,0,"Source dim 1.5*(13, 27.5)km. Source depth = 6.5 km (same depth as CR). Elliptical cylinder CR, height is 16 km (3.5-19.5), CR x, y = 4*(13, 27.5)km. Steady background pressure with two pressure perturbations",
Yellowstone_Run86,Runs/run86,100000,10000,30.0,0.1,630.0,500,0.1,1,0,0,1,3.3510691546261,0,0,"Source dim 1.5*(13, 27.5)km. Source depth = 6.5 km (same depth as CR). Elliptical cylinder CR, height is 16 km (3.5-19.5), CR x, y = 4*(13, 27.5)km. Steady background pressure with two pressure perturbations",
Yellowstone_Run87,Runs/run87,100000,20000,30.0,0.1,630.0,500,0.1,1,0,0,1,3.3510691546261,0,0,"Source dim 1.5*(13, 27.5)km. Source depth = 6.5 km (same depth as CR). Elliptical cylinder CR, height is 16 km (3.5-19.5), CR x, y = 4*(13, 27.5)km. Steady background pressure with two pressure perturbations",
Yellowstone_Run88,Runs/run88,100000,50000,30.0,0.1,630.0,500,0.1,1,0,0,1,3.3510691546261,0,0,"Source dim 1.5*(13, 27.5)km. Source depth = 6.5 km (same depth as CR). Elliptical cylinder CR, height is 16 km (3.5-19.5), CR x, y = 4*(13, 27.5)km. Steady background pressure with two pressure perturbations",
Yellowstone_Run89,Runs/run89,100000,2500,30.0,0.1,630.0,500,0.1,1,0,0,1,4.2529331324136,0,0,"Source dim 0.75*(13, 27.5)km. Source depth = 6.5 km (same depth as CR). Elliptical cylinder CR, height is 16 km (3.5-19.5), CR x, y = 4*(13, 27.5)km. Steady background pressure with two pressure perturbations",
Yellowstone_Run90,Runs/run90,100000,5000,30.0,0.1,630.0,500,0.1,1,0,0,1,4.2529331324136,0,0,"Source dim 0.75*(13, 27.5)km. Source depth = 6.5 km (same depth as CR). Elliptical cylinder CR, height is 16 km (3.5-19.5), CR x, y = 4*(13, 27.5)km. Steady background pressure with two pressure perturbations",
Yellowstone_Run91,Runs/run91,100000,10000,30.0,0.1,630.0,500,0.1,1,0,0,1,4.2529331324136,0,0,"Source dim 0.75*(13, 27.5)km. Source depth = 6.5 km (same depth as CR). Elliptical cylinder CR, height is 16 km (3.5-19.5), CR x, y = 4*(13, 27.5)km. Steady background pressure with two pressure perturbations",
Yellowstone_Run92,Runs/run92,100000,20000,30.0,0.1,630.0,500,0.1,1,0,0,1,4.2529331324136,0,0,"Source dim 0.75*(13, 27.5)km. Source depth = 6.5 km (same depth as CR). Elliptical cylinder CR, height is 16 km (3.5-19.5), CR x, y = 4*(13, 27.5)km. Steady background pressure with two pressure perturbations",
Yellowstone_Run93,Runs/run93,100000,50000,30.0,0.1,630.0,500,0.1,1,0,0,1,4.2529331324136,0,0,"Source dim 0.75*(13, 27.5)km. Source depth = 6.5 km (same depth as CR). Elliptical cylinder CR, height is 16 km (3.5-19.5), CR x, y = 4*(13, 27.5)km. Steady background pressure with two pressure perturbations",
Yellowstone_Run94,Runs/run94,100000,2500,30.0,0.1,630.0,500,0.1,1,0,0,1,4.02794244006868,0,0,"Source dim 1.0*(13, 27.5)km. Source depth = 6.5 km. Elliptical cylinder CR, height is 16 km (2.5-18.5), CR x, y = 2*(13, 27.5)km. Steady background pressure with two pressure perturbations",
Yellowstone_Run95,Runs/run95,100000,2500,30.0,0.1,630.0,500,0.1,1,0,0,1,3.73994909697927,0,0,"Source dim 1.0*(13, 27.5)km. Source depth = 5.0 km. Elliptical cylinder CR, height is 16 km (2.5-18.5), CR x, y = 2*(13, 27.5)km. Steady background pressure with two pressure perturbations",
Yellowstone_Run96,Runs/run96,100000,2500,30.0,0.1,630.0,500,0.1,1,0,0,1,5.38565147650423,0 0,0.6061169815015927 0.0883852238351575,"Source dim 0.5*13km, 1.5*27.5km. Source depth = 5.0 km. Elliptical cylinder CR, height is 47 km (2.5-49.5), CR x, y = 2*(13, 27.5)km. Steady background pressure with two pressure perturbations. Upside down sawtooth",
Yellowstone_Run97,Runs/run97,100000,2500,30.0,0.1,630.0,500,0.1,1,0,0,1,5.34016493172633,0,0.833108022400559,"Source dim 0.25*13km, 1.0*27.5km. Source depth = 5.0 km. Elliptical cylinder CR, height is 47 km (2.5-49.5), CR x, y = 2*(13, 27.5)km. Steady background pressure with two pressure perturbations. Upside down sawtooth",
Yellowstone_Run98,Runs/run98,100000,5000,30.0,0.1,630.0,500,0.1,1,0,0,1,5.37016186302827,0,1.1957601536986,1.68758643190282,"Source dim 0.25*13km, 1.0*27.5km. Source depth = 5.0 km. Elliptical cylinder CR, height is 47 km (2.5-49.5), CR x, y = 3*(13, 27.5)km. Steady background pressure with two pressure perturbations. Upside down sawtooth"
Yellowstone_Run99,Runs/run99,100000,25000,20.0,0.1,620.0,500,0.1,1,0,0,1,5.37016186302827,0,2.67705163894254,1.42035266232872,"Source dim 0.25*13km, 1.0*27.5km. Source depth = 5.0 km. Elliptical cylinder CR, height is 47 km (2.5-49.5), CR x, y = 3*(13, 27.5)km. Steady background pressure with two pressure perturbations 25% fall, 75% rise. Upside down sawtooth"
Yellowstone_Run100,Runs/run100,100000,50000,30.0,0.1,630.0,500,0.1,1,0,0,1,5.37016186302827,0,0,9.94102316352137,"Source dim 0.25*13km, 1.0*27.5km. Source depth = 5.0 km. Elliptical cylinder CR, height is 47 km (2.5-49.5), CR x, y = 3*(13, 27.5)km. Steady background pressure with two pressure perturbations. Upside down sawtooth"
Yellowstone_Run101,Runs/run101,100000,50000,30.0,0.1,630.0,500,0.1,1,0,0,1,3.85425482353746,0 0,2.4047760771091093 0.8966994135748318,220.447809782922,"Source dim 1.0*13km, 1.0*27.5km. Source depth = 5.0 km. Elliptical cylinder CR, height is 47 km (2.5-49.5), CR x, y = 3*(13, 27.5)km. Steady background pressure with two pressure perturbations. Upside down sawtooth"
Yellowstone_Run102,Runs/run102,100000,50000,30.0,0.1,630.0,500,0.1,1,0,0,1,5.26284121351886,0,0,10.1396595460755,"Source dim 0.25*13km, 1.0*27.5km. Source depth = 5.0 km. Elliptical cylinder CR, height is 47 km (2.5-49.5), CR x, y = 4*(13, 27.5)km. Steady background pressure with two pressure perturbations. Upside down sawtooth"
Yellowstone_Run103,Runs/run103,100000,50000,30.0,0.1,630.0,500,0.1,2,0,0,1,4.82707450112361,0,0,43.5972985278731,"Source dim 0.5*13km, 1.0*27.5km. Source depth = 5.0 km. Elliptical cylinder CR, height is 47 km (2.5-49.5), CR x, y = 3*(13, 27.5)km. Steady background pressure with two pressure perturbations. Upside down sawtooth"
Yellowstone_Run104,Runs/run104,100000,10000,5.0,0.1,615.0,500,0.1,3,0,0,1,4.82707450112361,0,5.03441587154048,17.7716094351023,"Source dim 0.5*13km, 1.0*27.5km. Source depth = 5.0 km. Elliptical cylinder CR, height is 47 km (2.5-49.5), CR x, y = 3*(13, 27.5)km. Steady background pressure with three pressure perturbations. Upside down sawtooth, 3 cycles"
Yellowstone_Run105,Runs/run105,100000,10000,2.5,0.1,607.5,500,0.1,3,0,0,1,4.82707450112361,"Source dim 0.5*13km, 1.0*27.5km. Source depth = 5.0 km. Elliptical cylinder CR, height is 47 km (2.5-49.5), CR x, y = 3*(13, 27.5)km. Steady background pressure with three pressure perturbations. Upside down sawtooth, 3 cycles",,,
Yellowstone_Run106,Runs/run106,100000,10000,10.0,0.1,630.0,500,0.1,3,0,0,1,4.82707450112361,0,0.472310715642933,25.6619302605823,"Source dim 0.5*13km, 1.0*27.5km. Source depth = 5.0 km. Elliptical cylinder CR, height is 47 km (2.5-49.5), CR x, y = 3*(13, 27.5)km. Steady background pressure with three pressure perturbations. Upside down sawtooth, 3 cycles"
Yellowstone_Run107,Runs/run107,100000,10000,20.0,0.1,660.0,500,0.1,3,0,0,1,4.82707450112361,0 1 1,0.9784363307726155 32.58082627761898 3.967528718098641,36.689227171765,"Source dim 0.5*13km, 1.0*27.5km. Source depth = 5.0 km. Elliptical cylinder CR, height is 47 km (2.5-49.5), CR x, y = 3*(13, 27.5)km. Steady background pressure with three pressure perturbations. Upside down sawtooth, 3 cycles"
Yellowstone_Run108,Runs/run108,100000,10000,7.0,0.1,614.0,500,0.1,3,0,0,1,4.82707450112361,0,0.56752004512255,13.9389992769083,"Source dim 0.5*13km, 1.0*27.5km. Source depth = 5.0 km. Elliptical cylinder CR, height is 47 km (2.5-49.5), CR x, y = 3*(13, 27.5)km. “Realistic” timedb with T=[(2, 7), (2.5,2.5)] and dP/dt=[(10,-10), (10,-10)]"
Yellowstone_Run109,Runs/run109,100000,10000,7.0,0.1,614.0,500,0.1,2,0,0,1,4.82707450112361,0,0.116312577302493,16.9621725930252,"Source dim 0.5*13km, 1.0*27.5km. Source depth = 5.0 km. Elliptical cylinder CR, height is 47 km (2.5-49.5), CR x, y = 3*(13, 27.5)km. “Realistic” timedb with T=[(2, 7), (2.5,2.5)] and dP/dt=[(10,-5), (8,-8)]"
Yellowstone_Run110,Runs/run110,100000,1000,10.0,0.1,630.0,500,0.1,3,0,0,1,4.82707450112361,0,0.463681599620713,2.23336843348335,"Source dim 0.5*13km, 1.0*27.5km. Source depth = 5.0 km. Elliptical cylinder CR, height is 47 km (2.5-49.5), CR x, y = 3*(13, 27.5)km. Steady background pressure with three pressure perturbations. Upside down sawtooth, 3 cycles"
Yellowstone_Run111,Runs/run111,100000,5000,10.0,1.0,630.0,500,0.1,3,0,0,1,20.1250201924429,0,0,5.4684104882345,"Source dim 0.5*13km, 1.0*27.5km. Source depth = 5.0 km. Elliptical cylinder CR, height is 47 km (2.5-49.5), CR x, y = 3*(13, 27.5)km. Steady background pressure with three pressure perturbations. Upside down sawtooth, 3 cycles. Identical to above but with eta_CR~10^18 Pa*s and 5x higher dP/dt"
Yellowstone_Run112,Runs/run112,100000,5000,10.0,0.1,630.0,500,0.1,3,0,0,1,4.14320588975908,0,0.047856845626858,3.91497253645859,"Source dim 0.5*13km, 1.0*27.5km. Source depth = 5.0 km. Elliptical cylinder CR, height is 47 km (2.5-49.5), CR x, y = 3*(13, 27.5)km. Steady background pressure with three pressure perturbations. Upside down sawtooth, 3 cycles. Source shifted (0, 52) km"
Yellowstone_Run113,Runs/run113,100000,5000,10.0,0.05,630.0,500,0.1,3,0,0,1,3.69799321967101,0,0.111231835874578,18.0309193602372,"Source dim 0.5*13km, 1.0*27.5km. Source depth = 5.0 km. Elliptical cylinder CR, height is 47 km (2.5-49.5), CR x, y = 3*(13, 27.5)km. Steady background pressure with three pressure perturbations. Upside down sawtooth, 3 cycles. eta_CR~5E16 Pa*s"
Yellowstone_Run114,Runs/run114,100000,5000,10.0,0.1,630.0,500,0.1,3,0,0,1,4.59484220175932,0 0,1.9462739333915944 0.8351723336749532,6.77028529208616,"Source dim 0.5*13km, 1.0*27.5km. Source depth = 5.0 km. Elliptical cylinder CR, height is 47 km (2.5-49.5), CR x, y = 3*(13, 27.5)km. Steady background pressure with three pressure perturbations. Upside down sawtooth, 3 cycles. Source shifted (0, 30) km"
Yellowstone_Run115,Runs/run115,100000,5000,10.0,0.01,630.0,500,0.1,3,0,0,1,2.17836726235295,0 0,0.2966238285707711 0.17187069744842287,32.8759073158628,"Source dim 0.5*13km, 1.0*27.5km. Source depth = 5.0 km. Elliptical cylinder CR, height is 47 km (2.5-49.5), CR x, y = 3*(13, 27.5)km. Steady background pressure with three pressure perturbations. Upside down sawtooth, 3 cycles. eta_CR~1E16 Pa*s"
Yellowstone_Run116,Runs/run116,100000,5000,10.0,0.01,630.0,500,0.1,3,0,0,1,1.9323531195788,0,0,16.7785627426275,"Source dim 0.5*13km, 1.0*27.5km. Source depth = 5.0 km. Elliptical cylinder CR, height is 47 km (2.5-49.5), CR x, y = 3*(13, 27.5)km. Steady background pressure with three pressure perturbations. Upside down sawtooth, 3 cycles. Source shifted (0, 30) km, eta_CR~1E16 Pa*s"
Yellowstone_Run117,Runs/run117,100000,5000,10.0,0.05,630.0,500,0.1,3,0,0,1,1.9323531195788,0,0,16.7785627426275,"Source dim 0.5*13km, 1.0*27.5km. Source depth = 5.0 km. Elliptical cylinder CR, height is 47 km (2.5-49.5), CR x, y = 3*(13, 27.5)km. Steady background pressure with three pressure perturbations. Upside down sawtooth, 3 cycles. Source shifted (0, 30) km, nested CR with boundaries at y=0, y=-50km. eta_CR=(6.305E16, 1.261E18, 1.261E19)Pa*s"
Yellowstone_Run118,Runs/run118,100000,2000,10.0,0.1,630.0,500,0.1,3,0,0,1,4.59484220175932,0 0,1.7996300699697314 0.7797563034137269,2.64490002685045,"Source dim 0.5*13km, 1.0*27.5km. Source depth = 5.0 km. Elliptical cylinder CR, height is 47 km (2.5-49.5), CR x, y = 3*(13, 27.5)km. Steady background pressure with three pressure perturbations. Upside down sawtooth, 3 cycles. Source shifted (0, 30) km"
Yellowstone_Run119,Runs/run119,100000,10000,10.0,0.1,630.0,500,0.1,3,0,0,1,4.59484220175932,0 0,1.9986377321572457 0.8544222746049407,13.6459769460665,"Source dim 0.5*13km, 1.0*27.5km. Source depth = 5.0 km. Elliptical cylinder CR, height is 47 km (2.5-49.5), CR x, y = 3*(13, 27.5)km. Steady background pressure with three pressure perturbations. Upside down sawtooth, 3 cycles. Source shifted (0, 30) km"
Yellowstone_Run120,Runs/run120,100000,20000,10.0,0.1,630.0,500,0.1,3,0,0,1,4.59484220175932,0 0,2.0255253345624578 0.8642000709104994,27.3975447252371,"Source dim 0.5*13km, 1.0*27.5km. Source depth = 5.0 km. Elliptical cylinder CR, height is 47 km (2.5-49.5), CR x, y = 3*(13, 27.5)km. Steady background pressure with three pressure perturbations. Upside down sawtooth, 3 cycles. Source shifted (0, 30) km"
Yellowstone_Run121,Runs/run121,100000,2000,10.0,0.05,630.0,500,0.1,3,0,0,1,3.70441450859296,0 0,1.6161817574961124 0.9875257537897061,3.63783579288288,"Source dim 0.5*13km, 1.0*27.5km. Source depth = 5.0 km. Elliptical cylinder CR, height is 47 km (2.5-49.5), CR x, y = 3*(13, 27.5)km. Steady background pressure with three pressure perturbations. Upside down sawtooth, 3 cycles. Source shifted (0, 30) km"
Yellowstone_Run122,Runs/run122,100000,5000,10.0,0.05,630.0,500,0.1,3,0,0,1,3.70441450859296,0 0,1.6561554034399264 1.0095783700749659,9.23547045211004,"Source dim 0.5*13km, 1.0*27.5km. Source depth = 5.0 km. Elliptical cylinder CR, height is 47 km (2.5-49.5), CR x, y = 3*(13, 27.5)km. Steady background pressure with three pressure perturbations. Upside down sawtooth, 3 cycles. Source shifted (0, 30) km"
Yellowstone_Run123,Runs/run123,100000,10000,10.0,0.05,630.0,500,0.1,3,0,0,1,3.70441450859296,0 0,1.6697562600598703 1.0170402851490832,18.5648751743116,"Source dim 0.5*13km, 1.0*27.5km. Source depth = 5.0 km. Elliptical cylinder CR, height is 47 km (2.5-49.5), CR x, y = 3*(13, 27.5)km. Steady background pressure with three pressure perturbations. Upside down sawtooth, 3 cycles. Source shifted (0, 30) km"
Yellowstone_Run124,Runs/run124,100000,20000,10.0,0.05,630.0,500,0.1,3,0,0,1,3.70441450859296,0 0,1.6766097239252349 1.0207923943083528,37.2237451956252,"Source dim 0.5*13km, 1.0*27.5km. Source depth = 5.0 km. Elliptical cylinder CR, height is 47 km (2.5-49.5), CR x, y = 3*(13, 27.5)km. Steady background pressure with three pressure perturbations. Upside down sawtooth, 3 cycles. Source shifted (0, 30) km"
Yellowstone_Run125,Runs/run125,100000,2000,10.0,0.01,630.0,500,0.1,3,0,0,1,1.90743942864141,0,0,6.4605187155516,"Source dim 0.5*13km, 1.0*27.5km. Source depth = 5.0 km. Elliptical cylinder CR, height is 47 km (2.5-49.5), CR x, y = 3*(13, 27.5)km. Steady background pressure with three pressure perturbations. Upside down sawtooth, 3 cycles. Source shifted (0, 30) km, eta_CR~1E16 Pa*s"
Yellowstone_Run126,Runs/run126,100000,10000,10.0,0.01,630.0,500,0.1,3,0,0,1,1.90743942864141,0,0,32.5038901620194,"Source dim 0.5*13km, 1.0*27.5km. Source depth = 5.0 km. Elliptical cylinder CR, height is 47 km (2.5-49.5), CR x, y = 3*(13, 27.5)km. Steady background pressure with three pressure perturbations. Upside down sawtooth, 3 cycles. Source shifted (0, 30) km, eta_CR~1E16 Pa*s"
Yellowstone_Run127,Runs/run127,100000,20000,10.0,0.01,630.0,500,0.1,3,0,0,1,1.90743942864141,0,0,65.0581079888488,"Source dim 0.5*13km, 1.0*27.5km. Source depth = 5.0 km. Elliptical cylinder CR, height is 47 km (2.5-49.5), CR x, y = 3*(13, 27.5)km. Steady background pressure with three pressure perturbations. Upside down sawtooth, 3 cycles. Source shifted (0, 30) km, eta_CR~1E16 Pa*s"
Yellowstone_Run128,Runs/run128,100000,5000,10.0,0.05,630.0,500,0.1,3,0,0,1,16.2804245256755,0 0,0.11974580014890453 1.4169450391682323,3.50580962607619E-05,"Source dim 0.5*13km, 1.0*27.5km. Source depth = 5.0 km. Elliptical cylinder CR, height is 47 km (2.5-49.5), CR x, y = 3*(13, 27.5)km. Steady background pressure with three pressure perturbations. Upside down sawtooth, 3 cycles. Source shifted (0, 30) km, nested CR with curving to -22.5 km. eta_CR=(6.305E16, 1.261E18)Pa*s"
Yellowstone_Run129,Runs/run129,100000,5000,10.0,0.05,630.0,500,0.1,3,0,0,1,3.5000777400699,0 0,1.5006220323036976 0.998988344643832,9.7851796946885,"Source dim 0.5*13km, 1.0*27.5km. Source depth = 5.0 km. Elliptical cylinder CR, height is 47 km (2.5-49.5), CR x, y = 3*(13, 27.5)km. Steady background pressure with three pressure perturbations. Upside down sawtooth, 3 cycles. Source shifted (0, 30) km, nested CR with curving to -22.5 km. eta_CR=(6.305E16, 6.305E17)Pa*s"
Yellowstone_Run130,Runs/run130,100000,2000,10.0,0.1,630.0,500,0.1,3,0,0,1,4.46808221812272,0 0,1.8998068596031743 0.8339316669913057,2.8363438858218,"Source dim 0.5*13km, 1.0*27.5km. Source depth = 5.0 km. Elliptical cylinder CR, height is 47 km (2.5-49.5), CR x, y = 3*(13, 27.5)km. Steady background pressure with three pressure perturbations. Upside down sawtooth, 3 cycles. Source shifted (0, 30) km, nested CR with curving to -22.5 km. eta_CR=(1.261E17, 6.305E17)Pa*s"
Yellowstone_Run131,Runs/run131,100000,5000,10.0,0.1,630.0,500,0.1,3,0,0,1,4.46808221812272,0 0,1.9397678043469329 0.8491375934820126,7.22568903277782,"Source dim 0.5*13km, 1.0*27.5km. Source depth = 5.0 km. Elliptical cylinder CR, height is 47 km (2.5-49.5), CR x, y = 3*(13, 27.5)km. Steady background pressure with three pressure perturbations. Upside down sawtooth, 3 cycles. Source shifted (0, 30) km, nested CR with curving to -22.5 km. eta_CR=(1.261E17, 6.305E17)Pa*s"
Yellowstone_Run132,Runs/run132,100000,10000,10.0,0.1,630.0,500,0.1,3,0,0,1,4.46808221812272,0 0,1.9533657876772148 0.8542739586194272,14.5413050730816,"Source dim 0.5*13km, 1.0*27.5km. Source depth = 5.0 km. Elliptical cylinder CR, height is 47 km (2.5-49.5), CR x, y = 3*(13, 27.5)km. Steady background pressure with three pressure perturbations. Upside down sawtooth, 3 cycles. Source shifted (0, 30) km, nested CR with curving to -22.5 km. eta_CR=(1.261E17, 6.305E17)Pa*s"
Yellowstone_Run133,Runs/run133,100000,20000,10.0,0.1,630.0,500,0.1,3,0,0,1,4.46808221812272,0 0,1.9602181056239112 0.856855058074078,29.172713646996,"Source dim 0.5*13km, 1.0*27.5km. Source depth = 5.0 km. Elliptical cylinder CR, height is 47 km (2.5-49.5), CR x, y = 3*(13, 27.5)km. Steady background pressure with three pressure perturbations. Upside down sawtooth, 3 cycles. Source shifted (0, 30) km, nested CR with curving to -22.5 km. eta_CR=(1.261E17, 6.305E17)Pa*s"
Yellowstone_Run134,Runs/run134,100000,2000,10.0,0.05,630.0,500,0.1,3,0,0,1,3.5000777400699,0 0,1.485013586286097 0.9890657023566132,3.87620245056421,"Source dim 0.5*13km, 1.0*27.5km. Source depth = 5.0 km. Elliptical cylinder CR, height is 47 km (2.5-49.5), CR x, y = 3*(13, 27.5)km. Steady background pressure with three pressure perturbations. Upside down sawtooth, 3 cycles. Source shifted (0, 30) km, nested CR with curving to -22.5 km. eta_CR=(6.305E16, 6.305E17)Pa*s"
Yellowstone_Run135,Runs/run135,100000,10000,10.0,0.05,630.0,500,0.1,3,0,0,1,3.5000777400699,0 0,1.505873628868629 1.0023210169940362,19.6334945805829,"Source dim 0.5*13km, 1.0*27.5km. Source depth = 5.0 km. Elliptical cylinder CR, height is 47 km (2.5-49.5), CR x, y = 3*(13, 27.5)km. Steady background pressure with three pressure perturbations. Upside down sawtooth, 3 cycles. Source shifted (0, 30) km, nested CR with curving to -22.5 km. eta_CR=(6.305E16, 6.305E17)Pa*s"
Yellowstone_Run136,Runs/run136,100000,20000,10.0,0.05,630.0,500,0.1,3,0,0,1,3.5000777400699,0 0,1.5085086303860429 1.0039921227223418,39.3301940112847,"Source dim 0.5*13km, 1.0*27.5km. Source depth = 5.0 km. Elliptical cylinder CR, height is 47 km (2.5-49.5), CR x, y = 3*(13, 27.5)km. Steady background pressure with three pressure perturbations. Upside down sawtooth, 3 cycles. Source shifted (0, 30) km, nested CR with curving to -22.5 km. eta_CR=(6.305E16, 6.305E17)Pa*s"
Yellowstone_Run137,Runs/run137,100000,2000,10.0,0.001,630.0,500,0.1,3,0,0,1,0,0,6.66984467967869,"Source dim 0.5*13km, 1.0*27.5km. Source depth = 5.0 km. Elliptical cylinder CR, height is 47 km (2.5-49.5), CR x, y = 3*(13, 27.5)km. Steady background pressure with three pressure perturbations. Upside down sawtooth, 3 cycles. Source shifted (0, 30) km, nested CR with curving to -22.5 km. eta_CR=(1.261E16, 6.305E17)Pa*s",
Yellowstone_Run138,Runs/run138,100000,5000,10.0,0.001,630.0,500,0.1,3,0,0,1,"Source dim 0.5*13km, 1.0*27.5km. Source depth = 5.0 km. Elliptical cylinder CR, height is 47 km (2.5-49.5), CR x, y = 3*(13, 27.5)km. Steady background pressure with three pressure perturbations. Upside down sawtooth, 3 cycles. Source shifted (0, 30) km, nested CR with curving to -22.5 km. eta_CR=(1.261E16, 6.305E17)Pa*s",,,,
Yellowstone_Run139,Runs/run139,100000,10000,10.0,0.001,630.0,500,0.1,3,0,0,1,"Source dim 0.5*13km, 1.0*27.5km. Source depth = 5.0 km. Elliptical cylinder CR, height is 47 km (2.5-49.5), CR x, y = 3*(13, 27.5)km. Steady background pressure with three pressure perturbations. Upside down sawtooth, 3 cycles. Source shifted (0, 30) km, nested CR with curving to -22.5 km. eta_CR=(1.261E16, 6.305E17)Pa*s",,,,
Yellowstone_Run140,Runs/run140,100000,20000,10.0,0.001,630.0,500,0.1,3,0,0,1,"Source dim 0.5*13km, 1.0*27.5km. Source depth = 5.0 km. Elliptical cylinder CR, height is 47 km (2.5-49.5), CR x, y = 3*(13, 27.5)km. Steady background pressure with three pressure perturbations. Upside down sawtooth, 3 cycles. Source shifted (0, 30) km, nested CR with curving to -22.5 km. eta_CR=(1.261E16, 6.305E17)Pa*s",,,,
Yellowstone_Run141,Runs/run141,100000,5000,10.0,0.05,611.0,500,0.1,3,0,0,1,0,0,"Source dim 0.5*13km, 1.0*27.5km. Source depth = 5.0 km. Elliptical cylinder CR, height is 47 km (2.5-49.5), CR x, y = 3*(13, 27.5)km. Source shifted (0, 30) km, nested CR with curving to 22.5 km. eta_CR=(6.305E16, 6.305E17)Pa*s. Nonuniform T and dP/dt. T=[(5,0), (2,4)]yrs, dP/dt=[(1,0), (5,-5)]",,
Yellowstone_Run142,Runs/run142,100000,10000,10.0,0.05,624.0,500,0.1,3,0,0,1,3.5000777400699,0,1.92453975340359,13.1407597160066,"Source dim 0.5*13km, 1.0*27.5km. Source depth = 5.0 km. Elliptical cylinder CR, height is 47 km (2.5-49.5), CR x, y = 3*(13, 27.5)km. Source shifted (0, 30) km, nested CR with curving to 22.5 km. eta_CR=(6.305E16, 6.305E17)Pa*s. T and dP/dt are derived from GPS"
Yellowstone_Run143,Runs/run143,100000,10000,10.0,0.05,630.0,500,0.1,3,0,0,1,3.5000777400699,0,0.332303221531897,22.8804339885205,"Source dim 0.5*13km, 1.0*27.5km. Source depth = 5.0 km. Elliptical cylinder CR, height is 47 km (2.5-49.5), CR x, y = 3*(13, 27.5)km. Steady background pressure with three pressure perturbations. Normal sawtooth, 3 cycles. Source shifted (0, 30) km, nested CR with curving to -22.5 km. eta_CR=(6.305E16, 6.305E17)Pa*s"
Yellowstone_Run144,Runs/run144,100000,40000,10.0,0.1,638.0,500,0.1,3,0,0,1,4.46808221776965,0,0,46.4759972882709,"Source dim 0.5*13km, 1.0*27.5km. Source depth = 5.0 km. Elliptical cylinder CR, height is 47 km (2.5-49.5), CR x, y = 3*(13, 27.5)km. Source shifted (0, 30) km, nested CR with curving to 22.5 km. eta_CR=(1.2616E17, 6.305E17)Pa*s. T and dP/dt are derived from GPS"
Yellowstone_Run145,Runs/run145,100000,40000,10.0,0.1,638.0,500,0.1,3,0,0,1,4.79612865871655,0,0,11.5207132880768,"Source dim 0.25*13km, 1.0*27.5km. Source depth = 5.0 km. Elliptical cylinder CR, height is 47 km (2.5-49.5), CR x, y = 3*(13, 27.5)km. Source shifted (0, 30) km, nested CR with curving to 22.5 km. eta_CR=(1.2616E17, 6.305E17)Pa*s. T and dP/dt are derived from GPS"
Yellowstone_Run146,Runs/run146,100000,40000,10.0,0.1,638.0,500,0.1,3,0,0,1,4.79612865871655,0,78.6985235981971,11.3782788085998,"Source dim 0.25*13km, 1.0*27.5km. Source depth = 5.0 km. Elliptical cylinder CR, height is 47 km (2.5-49.5), CR x, y = 3*(13, 27.5)km. Source shifted (0, 30) km, nested CR with curving to 22.5 km. eta_CR=(1.2616E17, 6.305E17)Pa*s. T and dP/dt are derived from GPS, long depress after spinup"
Yellowstone_Run147,Runs/run147,100000,60000,10.0,0.1,638.0,500,0.1,3,0,0,1,0,0,18.76808856389,"Source dim 0.25*13km, 1.0*27.5km. Source depth = 5.0 km. Elliptical cylinder CR, height is 47 km (2.5-49.5), CR x, y = 3*(13, 27.5)km. Source shifted (0, 30) km, nested CR with curving to 22.5 km. eta_CR=(1.2616E17, 6.305E17)Pa*s. T and dP/dt are derived from GPS, long depress/repress after spinup",
Yellowstone_Run148,Runs/run148,100000,10000,10.0,1.0,630.0,500,0.1,3,0,0,1,16.6887724780201,0,0,6.67018522582032,"Source dim 0.5*13km, 1.0*27.5km. Source depth = 5.0 km. Elliptical cylinder CR, height is 47 km (2.5-49.5), CR x, y = 3*(13, 27.5)km. Steady background pressure with three pressure perturbations. Upside down sawtooth, 3 cycles. Source shifted (0, 30) km"
Yellowstone_Run149,Runs/run149,100000,35000,10.0,0.1,638.0,500,0.1,3,0,0,1,4.34861983072643,0,0,55.0567745488356,"Source dim 0.5*13km, 1.0*27.5km. Source depth = 5.0 km. Elliptical cylinder CR, height is 47 km (2.5-49.5), CR x, y = (4*13, 3*27.5)km. Source shifted (0, 30) km. eta_CR=1.2616E17 Pa*s. T and dP/dt are derived from GPS, long depress/repress after spinup"
Yellowstone_Run150,Runs/run150,100000,10000,10.0,0.1,700.0,500,0.1,10,0,0,1,23.7714145244656,0 0,0.07543120670422972 0.06971576550967505,42.4519373325824,"Source dim 0.5*13km, 1.0*27.5km. Source depth = 5.0 km. No CR! Uniform viscoelastic half space, eta=1.261E17 Pa s"
Yellowstone_Run151,Runs/run151,100000,10000,10.0,0.05,700.0,500,0.1,10,0,0,1,"Source dim 0.5*13km, 1.0*27.5km. Source depth = 5.0 km. No CR! Uniform viscoelastic half space, eta=6.305E16 Pa s",0,0,89.555919862914,
Yellowstone_Run153,Runs/run153,100000,35000,10.0,0.1,638.0,500,0.1,3,0,0,1,4.21736220630884,0,0.477814225110115,46.3161452624709,"Source dim 0.5*13km, 1.0*27.5km. Source depth = 4.0 km. Elliptical cylinder CR, height is 47 km (2.25-49.25), CR x, y = (4*13, 3*27.5)km. Source shifted (0, 30) km. eta_CR=1.2616E17 Pa*s. T and dP/dt are derived from GPS, long depress/repress after spinup"
Yellowstone_Run154,Runs/run154,100000,35000,10.0,0.1,638.0,500,0.1,3,0,0,1,4.47308207714043,0,0,40.4419032510691,"Source dim 0.5*13km, 1.0*27.5km. Source depth = 6.0 km. Elliptical cylinder CR, height is 47 km (2.25-49.25), CR x, y = (4*13, 3*27.5)km. Source shifted (0, 30) km. eta_CR=1.2616E17 Pa*s. T and dP/dt are derived from GPS, long depress/repress after spinup"
Yellowstone_Run155,Runs/run155,100000,35000,10.0,0.01,638.0,500,0.1,3,0,0,1,"Source dim 0.5*13km, 1.0*27.5km. Source depth = 8.0 km. Nested. Elliptical cylinder CR, height is 18 km (2.5-20.5), CR x, y = (4*13, 3*27.5)km. Inner CR x,y = (1.5*13, 1.1*27.5) Inner eta_CR=1.2616E16 Pa*s, outer eta_CR=1.2616E17 Pa*s. T and dP/dt are derived from GPS, long depress/repress after spinup",,,,
Yellowstone_Run156,Runs/run156,100000,35000,10.0,0.01,638.0,500,0.1,3,0,0,1,"Source dim 0.5*13km, 1.0*27.5km. Source depth = 8.0 km. Nested. Elliptical cylinder CR, height is 18 km (2.5-20.5), CR x, y = (4*13, 3*27.5)km. Inner CR x,y = (1.1*27, 1.1*27.5) Inner eta_CR=1.2616E16 Pa*s, outer eta_CR=1.2616E17 Pa*s. T and dP/dt are derived from GPS, long depress/repress after spinup",,,,
Yellowstone_Run157,Runs/run157,100000,10000,10.0,0.1,700.0,500,0.1,10,0,0,1,"Source dim 0.5*13km, 1.0*27.5km. Source depth = 8.0 km. No CR! Uniform viscoelastic half space, eta=1.261E17 Pa s, 5 km thick elastic top layer",,,,
Yellowstone_Run158,Runs/run158,100000,10000,10.0,0.05,700.0,500,0.1,10,0,0,1,"Source dim 0.5*13km, 1.0*27.5km. Source depth = 8.0 km. No CR! Uniform viscoelastic half space, eta=6.306E16 Pa s, 5 km thick elastic top layer",,,,
Yellowstone_Run159,Runs/run159,100000,35000,10.0,0.1,638.0,500,0.1,3,0,0,1,7.40307139351997,0,0,64.7906379369204,"Source dim 0.5*13km, 1.0*27.5km. Source depth = 8.0 km. CR dim (32, 55)km, from tomography. CR extent 2-28 km. CR shift (-5, -0.75)km. "
Yellowstone_Run160,Runs/run160,100000,35000,10.0,0.1,638.0,500,0.1,3,0,0,1,6.1187974558461,0,2.07483214517119,75.0887679931315,"Source dim 0.5*13km, 1.0*27.5km. Source depth = 6.0 km. CR dim (32, 55)km, from tomography. CR extent 2-28 km. CR shift (-5, -0.75)km. "
Yellowstone_Run161,Runs/run161,100000,35000,10.0,0.1,638.0,500,0.1,3,0,0,1,5.31554683099177,0,0.041040864877152,94.1442168671518,"Source dim 0.5*13km, 1.0*27.5km. Source depth = 4.0 km. CR dim (32, 55)km, from tomography. CR extent 2-28 km. CR shift (-5, -0.75)km. "
Yellowstone_Run162,Runs/run162,100000,26000,10.0,0.05,638.0,500,0.1,3,0,0,1,0,0,78.0243569990776,"Source dim 0.5*13km, 1.0*27.5km. Source depth = 8.0 km. CR dim (32, 55)km, from tomography. CR extent 2-28 km. CR shift (-5, -0.75)km. ",
Yellowstone_Run163,Runs/run163,100000,26000,10.0,0.05,638.0,500,0.1,3,0,0,1,4.52844856073366,0,0,85.3645796291776,"Source dim 0.5*13km, 1.0*27.5km. Source depth = 6.0 km. CR dim (32, 55)km, from tomography. CR extent 2-28 km. CR shift (-5, -0.75)km. "
Yellowstone_Run164,Runs/run164,100000,26000,10.0,0.05,638.0,500,0.1,3,0,0,1,0,0.333312687718931,95.2786191938789,"Source dim 0.5*13km, 1.0*27.5km. Source depth = 4.0 km. CR dim (32, 55)km, from tomography. CR extent 2-28 km. CR shift (-5, -0.75)km. ",
Yellowstone_Run165,Runs/run165,100000,15000,10.0,0.01,638.0,500,0.1,3,0,0,1,3.12583478539125,0,1.31125906584743,111.750888994214,"Source dim 0.5*13km, 1.0*27.5km. Source depth = 8.0 km. CR dim (32, 55)km, from tomography. CR extent 2-28 km. CR shift (-5, -0.75)km. "
Yellowstone_Run166,Runs/run166,100000,15000,10.0,0.01,638.0,500,0.1,3,0,0,1,3.23181619334249,0,0.373821204785287,112.395031770463,"Source dim 0.5*13km, 1.0*27.5km. Source depth = 6.0 km. CR dim (32, 55)km, from tomography. CR extent 2-28 km. CR shift (-5, -0.75)km. "
Yellowstone_Run167,Runs/run167,100000,15000,10.0,0.01,638.0,500,0.1,3,0,0,1,3.13722463182267,0,0,109.049380835072,"Source dim 0.5*13km, 1.0*27.5km. Source depth = 4.0 km. CR dim (32, 55)km, from tomography. CR extent 2-28 km. CR shift (-5, -0.75)km. "
Yellowstone_Run168,Runs/run168,100000,35000,10.0,0.1,638.0,500,0.1,3,0,0,1,0,0,63.3599136682488,"Source dim 0.5*13km, 1.0*27.5km. Source depth = 8.0 km. CR dim (32, 55)km, from tomography. CR extent 2-42 km. CR shift (-5, -0.75)km. ",
Yellowstone_Run169,Runs/run169,100000,35000,10.0,0.1,638.0,500,0.1,3,0,0,1,8.66033531274478,0,4.61953815342187,58.621528872913,"Source dim 0.5*13km, 1.0*27.5km. Source depth = 8.0 km. Nested CR. Inner CR dim (22, 40)km, extends from 3-22 km. No shift. Outer CR dim (32, 55)km, from tomography. Outer CR extent 2-28 km. CR shift (-5, -0.75)km. Outer CR eta = 6.305E17 Pa*s"
Yellowstone_Run170,Runs/run170,100000,35000,10.0,0.1,638.0,500,0.1,3,0,0,1,7.33563864929955,0,0.088042652714457,66.8573120951848,"Source dim 0.5*13km, 1.0*27.5km. Source depth = 6.0 km. Nested CR. Inner CR dim (22, 40)km, extends from 3-22 km. No shift. Outer CR dim (32, 55)km, from tomography. Outer CR extent 2-28 km. CR shift (-5, -0.75)km. Outer CR eta = 6.305E17 Pa*s"
Yellowstone_Run171,Runs/run171,100000,35000,10.0,0.1,638.0,500,0.1,3,0,0,1,6.86968912846979,0,0,74.0690040858245,"Source dim 0.5*13km, 1.0*27.5km. Source depth = 5.0 km. Nested CR. Inner CR dim (22, 40)km, extends from 3-22 km. No shift. Outer CR dim (32, 55)km, from tomography. Outer CR extent 2-28 km. CR shift (-5, -0.75)km. Outer CR eta = 6.305E17 Pa*s"
Yellowstone_Run172,Runs/run172,100000,26000,10.0,0.05,638.0,500,0.1,3,0,0,1,6.4281950900081,0,0,67.8682346211305,"Source dim 0.5*13km, 1.0*27.5km. Source depth = 8.0 km. Nested CR. Inner CR dim (22, 40)km, extends from 3-22 km. No shift. Outer CR dim (32, 55)km, from tomography. Outer CR extent 2-28 km. CR shift (-5, -0.75)km. Outer CR eta = 6.305E17 Pa*s"
Yellowstone_Run173,Runs/run173,100000,26000,10.0,0.05,638.0,500,0.1,3,0,0,1,5.91269887655274,0 0,3.38083960405151,71.1745295572022,"Source dim 0.5*13km, 1.0*27.5km. Source depth = 6.0 km. Nested CR. Inner CR dim (22, 40)km, extends from 3-22 km. No shift. Outer CR dim (32, 55)km, from tomography. Outer CR extent 2-28 km. CR shift (-5, -0.75)km. Outer CR eta = 6.305E17 Pa*s"
Yellowstone_Run174,Runs/run174,100000,26000,10.0,0.05,638.0,500,0.1,3,0,0,1,5.80722425157911,0 0,0.551336429849399,74.7197803042174,"Source dim 0.5*13km, 1.0*27.5km. Source depth = 5.0 km. Nested CR. Inner CR dim (22, 40)km, extends from 3-22 km. No shift. Outer CR dim (32, 55)km, from tomography. Outer CR extent 2-28 km. CR shift (-5, -0.75)km. Outer CR eta = 6.305E17 Pa*s"
Yellowstone_Run175,Runs/run175,100000,15000,10.0,0.01,638.0,500,0.1,3,0,0,1,6.21342161558235,0,0,40.4470784343707,"Source dim 0.5*13km, 1.0*27.5km. Source depth = 4.0 km. CR dim (32, 55)km, from tomography. CR extent 2-28 km. CR shift (-5, -0.75)km.  Burgers rheology with two viscosities. eta_CR,1=1.2616E17 Pa*s, eta_CR,2=1.2616E16 Pa*s"
Yellowstone_Run176,Runs/run176,100000,15000,10.0,0.01,638.0,500,0.1,3,0,0,1,"Source dim 0.5*13km, 1.0*27.5km. Source depth = 8.0 km. Nested CR. Inner CR dim (22, 40)km, extends from 3-22 km. No shift. Outer CR dim (32, 55)km, from tomography. Outer CR extent 2-28 km. CR shift (-5, -0.75)km. Outer CR eta = 6.305E17 Pa*s",,,,
Yellowstone_Run177,Runs/run177,100000,15000,10.0,0.01,638.0,500,0.1,3,0,0,1,"Source dim 0.5*13km, 1.0*27.5km. Source depth = 6.0 km. Nested CR. Inner CR dim (22, 40)km, extends from 3-22 km. No shift. Outer CR dim (32, 55)km, from tomography. Outer CR extent 2-28 km. CR shift (-5, -0.75)km. Outer CR eta = 6.305E17 Pa*s",,,,
Yellowstone_Run178,Runs/run178,100000,15000,10.0,0.01,638.0,500,0.1,3,0,0,1,"Source dim 0.5*13km, 1.0*27.5km. Source depth = 5.0 km. Nested CR. Inner CR dim (22, 40)km, extends from 3-22 km. No shift. Outer CR dim (32, 55)km, from tomography. Outer CR extent 2-28 km. CR shift (-5, -0.75)km. Outer CR eta = 6.305E17 Pa*s",,,,
Yellowstone_Run179,Runs/run179,100000,15000,10.0,0.01,638.0,500,0.1,3,0,0,1,0,0,34.1519883962832,"Source dim 0.5*13km, 1.0*27.5km. Source depth = 4.0 km. CR dim (32, 55)km, from tomography. CR extent 2-28 km. CR shift (-5, -0.75)km. No asthenosphere, domain depth = 100 km.  New Vs=2500 m/s. Relax times are the same as run175. Burgers rheology with two viscosities. eta_CR,1=1.97125E17 Pa*s, eta_CR,2=1.97125E16 Pa*s",
Yellowstone_Run179_run2,Runs/run179_run2,100000,15000,10.0,0.01,638.0,500,0.1,3,0,0,1,5.65036275729382,0,0,11.5972231914572,"X, y dim = 200 km instead of 300 km, courser mesh. Identical to run 179 otherwise."
Yellowstone_Run180,Runs/run180,100000,15000,10.0,0.01,638.0,500,0.1,3,0,0,1,"Source dim 0.5*13km, 1.0*27.5km. Source depth = 5.0 km. Nested CR. Inner CR dim (22, 40)km, extends from 3-22 km. No shift. Outer CR dim (32, 55)km, from tomography. Outer CR extent 2-28 km. CR shift (-5, -0.75)km. No asthenosphere, domain depth = 100 km.  New Vs=2500 m/s. IBurgers rheology with two viscosities. Inner eta_CR,1=1.97125E17 Pa*s, CR,2=9.85625E16 Pa*s Outer eta_CR,1=1.97125E17 Pa*s, eta_CR,2=1.97125E16 Pa*s",0,0,25.2770052217292,
Yellowstone_Run180_run2,Runs/run180_run2,100000,15000,10.0,0.01,638.0,500,0.1,3,0,0,1,0,0,7.35326675470022,"X, y dim = 200 km instead of 300 km, courser mesh. Identical to run 180 otherwise.",
Yellowstone_Run181,Runs/run181,100000,15000,10.0,0.01,638.0,500,0.1,3,0,0,1,5.65036275729382,0,0,11.5972231914572,"Etas 1,2 = 1.2616E16,17 again, identical to run179_run2 otherwise"
Yellowstone_Run182,Runs/run182,100000,15000,10.0,0.01,638.0,500,0.1,3,0,0,1,"Inner CR etas 1,2 = 1.2616E17, 6.308E16 Pa*s, outer CR etas 1,2 = 1.2616E17, 1.2616E16 Pa*s. Identical to run180_run2 otherwise",,,,
Yellowstone_Run181_run2,Runs/run181_run2,100000,15000,10.0,0.01,638.0,500,0.1,3,0,0,1,5.65036275729382,0,0,11.5972231914572,Refined CR (10 km). Identical to run181 otherwise
Yellowstone_Run181_run3,Runs/run181_run3,100000,15000,10.0,0.01,638.0,500,0.1,3,0,0,1,5.65036275729382,0,0,11.5972231914572,Refined CR (5 km). Identical to run181 otherwise
Yellowstone_Run183,Runs/run183,100000,15000,10.0,0.005,638.0,500,0.1,3,0,0,1,5.22391256839047,0,0,23.6831148886218,"Source dim 0.5*13km, 1.0*27.5km. Source depth = 4.0 km. CR dim (32, 55)km, from tomography. CR extent 2-28 km. CR shift (-5, -0.75)km.  Burgers rheology with two viscosities. eta_CR,1=1.2616E17 Pa*s, eta_CR,2=6.308E15 Pa*s. No asthenosphere, domain depth = 100 km. Courser mesh, CR refined (10 km)"
Yellowstone_Run183_run2,Runs/run183_run2,100000,15000,10.0,0.005,638.0,500,0.1,3,0,0,1,5.92605396339316,0,0,30.7855692817294,"Source dim 0.5*13km, 1.0*27.5km. Source depth = 4.0 km. CR dim (32, 55)km, from tomography. CR extent 2-28 km. CR shift (-5, -0.75)km.  Burgers rheology with two viscosities. eta_CR,1=1.2616E17 Pa*s, eta_CR,2=6.308E15 Pa*s. No asthenosphere, domain depth = 100 km. Courser mesh, CR refined (5 km)"
Yellowstone_Run184,Runs/run184,100000,15000,10.0,0.005,638.0,500,0.1,3,0,0,1,6.25384587588635,0,0,22.3978481592763,"Source dim 0.5*13km, 1.0*27.5km. Source depth = 4.0 km. CR dim (32, 55)km, from tomography. Nested CR. Inner CR dim (22, 40)km, extends from 3-22 km. No shift. Outer CR dim (32, 55)km, from tomography. Outer CR extent 2-28 km. CR shift (-5, -0.75)km.  Burgers rheology with two viscosities. Inner eta_CR,1=1.2616E17 Pa*s, eta_CR,2=1.2616E16 Pa*s. Outer CR eta_1 = 1.2616E17, eta_2 = 6.308E15 Pa*2. No asthenosphere, domain depth = 100 km. Domain(200x200x100) km. Courser mesh, CR refined (5 km)"
Yellowstone_Run185,Runs/run185,100000,23000,10.0,0.01,638.0,500,0.1,3,0,0,1,5.95992855450734,0,0,46.2918373824888,"Source dim 0.5*13km, 1.0*27.5km. Source depth = 4.0 km. CR dim (32, 55)km, from tomography. CR extent 2-28 km. CR shift (-5, -0.75)km.  Burgers rheology with two viscosities. eta_CR,1=1.2616E17 Pa*s, eta_CR,2=1.2616E16 Pa*s. No asthenosphere, domain depth = 100 km. Courser mesh, CR refined (5 km)"
Yellowstone_Run186,Runs/run186,100000,23000,10.0,0.5,638.0,500,0.1,3,0,0,1,3.11073468912891,0,0,26.3529758634506,"Source dim 0.5*13km, 1.0*27.5km. Source depth = 4.0 km. CR dim (32, 55)km, from tomography. CR extent 2-28 km. CR shift (-5, -0.75)km.  Burgers rheology with two viscosities. eta_CR,1=4.928E18 Pa*s, eta_CR,2=2.464E17 Pa*s. No asthenosphere, domain depth = 100 km. Courser mesh, CR refined (5 km)"
Yellowstone_Run187,Runs/run187,100000,23000,10.0,1.0,638.0,500,0.1,3,0,0,1,"Source dim 0.5*13km, 1.0*27.5km. Source depth = 4.0 km. CR dim (32, 55)km, from tomography. CR extent 2-28 km. CR shift (-5, -0.75)km.  Burgers rheology with two viscosities. eta_CR,1=4.928E18 Pa*s, eta_CR,2=4.928E17 Pa*s. No asthenosphere, domain depth = 100 km. Courser mesh, CR refined (5 km)",,,,
Yellowstone_Run188,Runs/run188,100000,23000,10.0,5.0,638.0,500,0.1,3,0,0,1,"Source dim 0.5*13km, 1.0*27.5km. Source depth = 4.0 km. CR dim (32, 55)km, from tomography. CR extent 2-28 km. CR shift (-5, -0.75)km.  Burgers rheology with two viscosities. eta_CR,1=4.928E18 Pa*s, eta_CR,2=2.464E18 Pa*s. No asthenosphere, domain depth = 100 km. Courser mesh, CR refined (5 km)",,,,
Yellowstone_Run189,Runs/run189,100000,23000,10.0,0.005,638.0,500,0.1,3,0,0,1,4.6833247834954,0,0.333393175737525,62.4121394759653,"Source dim 0.5*13km, 1.0*27.5km. Source depth = 4.0 km. CR dim (32, 55)km, from tomography. CR extent 2-28 km. CR shift (-5, -0.75)km.  Burgers rheology with two viscosities. eta_CR,1=6.308E16Pa*s, eta_CR,2=6.308E15 Pa*s. No asthenosphere, domain depth = 100 km. Courser mesh, CR refined (5 km)"
Yellowstone_Run190,Runs/run190,100000,23000,10.0,0.005,638.0,500,0.1,3,0,0,1,"Source dim 0.5*13km, 1.0*27.5km. Source depth = 4.0 km. CR dim (32, 55)km, from tomography. CR extent 2-28 km. CR shift (-5, -0.75)km.  Burgers rheology with two viscosities. eta_CR,1=1.2616E16Pa*s, eta_CR,2=6.308E15 Pa*s. No asthenosphere, domain depth = 100 km. Courser mesh, CR refined (5 km)",0,0.831800467193653,114.071248247257,
Yellowstone_Run191,Runs/run191,100000,23000,10.0,0.005,638.0,500,0.1,3,0,0,1,5.99889124008641,0,0,35.5536820126918,"Source dim 0.5*13km, 1.0*27.5km. Source depth = 5.0 km. CR dim (32, 55)km, from tomography. Nested CR. Inner CR dim (22, 40)km, extends from 3-22 km. No shift. Outer CR dim (32, 55)km, from tomography. Outer CR extent 2-28 km. CR shift (-5, -0.75)km.  Burgers rheology with two viscosities. Inner eta_CR,1=1.2616E17 Pa*s, eta_CR,2=1.2616E16 Pa*s. Outer CR eta_1 = 6.308E16 eta_2 = 6.308E15 Pa*2. No asthenosphere, domain depth = 100 km. Domain(200x200x100) km. Courser mesh, CR refined (5 km)"
Yellowstone_Run192,Runs/run192,100000,13000,10.0,0.05,638.0,500,0.1,3,0,0,1,4.48414718324467,0,0.549603018035148,36.4838460316284,"Source dim 0.5*13km, 1.0*27.5km. Source depth = 4.0 km. CR dim (32, 55)km, from tomography. CR extent 2-28 km. CR shift (-5, -0.75)km.  MAxwell rheology. eta_CR=6.308E16 Pa*s. No asthenosphere, domain depth = 100 km. Courser mesh, CR refined (5 km)"
Yellowstone_Run193,Runs/run193,100000,15000,10.0,0.01,638.0,500,0.1,3,0,0,1,4.50455468569525,0,0.375242128879862,33.412797787667,"Source dim 0.5*13km, 1.0*27.5km. Source depth = 4.0 km. CR dim (32, 55)km, from tomography. Nested CR. Inner CR dim (22, 40)km, extends from 3-22 km. No shift. Outer CR dim (32, 55)km, from tomography. Outer CR extent 2-28 km. CR shift (-5, -0.75)km.  Maxwell rheology. Inner eta_CR = 6.308E16 Pa*s. Outer CR eta_CR = 1.2616E16 Pa*s. No asthenosphere, domain depth = 100 km. Domain(200x200x100) km. Courser mesh, CR refined (5 km)"
Yellowstone_Run194,Runs/run194,100000,15000,10.0,0.005,638.0,500,0.1,3,0,0,1,4.54658405645706,0,0.613965296497722,33.9962403919396,"Source dim 0.5*13km, 1.0*27.5km. Source depth = 4.0 km. CR dim (32, 55)km, from tomography. Nested CR. Inner CR dim (22, 40)km, extends from 3-22 km. No shift. Outer CR dim (32, 55)km, from tomography. Outer CR extent 2-28 km. CR shift (-5, -0.75)km.  Maxwell rheology. Inner eta_CR = 6.308E16 Pa*s. Outer CR eta_CR = 6.308E15 Pa*s. No asthenosphere, domain depth = 100 km. Domain(200x200x100) km. Courser mesh, CR refined (5 km)"
Yellowstone_Run195,Runs/run195,100000,23000,10.0,0.001,638.0,500,0.1,3,0,0,1,"Source dim 0.5*13km, 1.0*27.5km. Source depth = 4.0 km. CR dim (32, 55)km, from tomography. Nested CR. Inner CR dim (22, 40)km, extends from 3-22 km. No shift. Outer CR dim (32, 55)km, from tomography. Outer CR extent 2-28 km. CR shift (-5, -0.75)km.  Burgers rheology with two viscosities. Inner eta_CR,1=1.2616E17 Pa*s, eta_CR,2=1.2616E16 Pa*s. Outer CR eta_1 = 1.2616E16 eta_2 = 1.2616E15 Pa*2. No asthenosphere, domain depth = 100 km. Domain(200x200x100) km. Courser mesh, CR refined (5 km)",,,,
Yellowstone_Run191_run2,Runs/run191_run2,100000,23000,10.0,0.005,638.0,500,0.1,3,0,0,1,"Source dim 0.5*13km, 1.0*27.5km. Source depth = 5.0 km. CR dim (32, 55)km, from tomography. Nested CR. Inner CR dim (22, 40)km, extends from 3-22 km. No shift. Outer CR dim (32, 55)km, from tomography. Outer CR extent 2-28 km. CR shift (-5, -0.75)km.  Burgers rheology with two viscosities. Inner eta_CR,1=1.2616E17 Pa*s, eta_CR,2=1.2616E16 Pa*s. Outer CR eta_1 = 6.308E16 eta_2 = 6.308E15 Pa*2. Identical to run191 but with finer mesh and asthenosphere",,,,
Yellowstone_Run181_run4,Runs/run181_run4,100000,15000,10.0,0.01,638.0,500,0.1,3,0,0,1,5.85654963502128,0,0,39.7741638589354,"Finer mesh, identical to run181_run3 otherwise"
Yellowstone_Run196,Runs/run196,100000,23000,10.0,0.005,638.0,500,0.1,3,0,0,1,5.88203735288696,0,0,36.4193004035585,"Source dim 0.5*13km, 1.0*27.5km. Source depth = 5.0 km. CR dim (32, 55)km, from tomography. Nested CR. Inner CR dim (22, 40)km, extends from 3-22 km. No shift. Outer CR dim (32, 55)km, from tomography. Outer CR extent 2-28 km. CR shift (-5, -0.75)km.  Burgers rheology with two viscosities. Inner eta_CR,1=1.2616E17 Pa*s, eta_CR,2=1.2616E16 Pa*s. Outer CR eta_1 = 3.154E16 eta_2 = 6.308E15 Pa*2. No asthenosphere, domain depth = 100 km. Domain(200x200x100) km. Courser mesh, CR refined (5 km)"
Yellowstone_Run197,Runs/run197,100000,23000,10.0,0.0025,638.0,500,0.1,3,0,0,1,5.99149344626547,0,0,35.9662607716777,"Source dim 0.5*13km, 1.0*27.5km. Source depth = 5.0 km. CR dim (32, 55)km, from tomography. Nested CR. Inner CR dim (22, 40)km, extends from 3-22 km. No shift. Outer CR dim (32, 55)km, from tomography. Outer CR extent 2-28 km. CR shift (-5, -0.75)km.  Burgers rheology with two viscosities. Inner eta_CR,1=1.2616E17 Pa*s, eta_CR,2=1.2616E16 Pa*s. Outer CR eta_1 = 6.308E16 eta_2 = 3.154E15 Pa*2. No asthenosphere, domain depth = 100 km. Domain(200x200x100) km. Courser mesh, CR refined (5 km)"
Yellowstone_Run198,Runs/run198,100000,23000,10.0,0.005,638.0,500,0.1,3,0,0,1,"Source dim 0.5*13km, 1.0*27.5km. Source depth = 5.0 km. CR dim (32, 55)km, from tomography. Nested CR. Inner CR dim (22, 40)km, extends from 3-22 km. No shift. Outer CR dim (32, 55)km, from tomography. Outer CR extent 2-28 km. CR shift (-5, -0.75)km.  Burgers rheology with two viscosities. Inner eta_CR,1=1.2616E17 Pa*s, eta_CR,2=1.2616E16 Pa*s. Outer CR eta_1 = 1.2616E16 eta_2 = 6.308E15 Pa*2. No asthenosphere, domain depth = 100 km. Domain(200x200x100) km. Courser mesh, CR refined (5 km)",,,,
Yellowstone_Run196_run2,Runs/run196_run2,100000,34000,10.0,0.005,638.0,500,0.1,3,0,0,1,5.88203735288696,0,0,36.4193004035585,"Source dim 0.5*13km, 1.0*27.5km. Source depth = 5.0 km. CR dim (32, 55)km, from tomography. Nested CR. Inner CR dim (22, 40)km, extends from 3-22 km. No shift. Outer CR dim (32, 55)km, from tomography. Outer CR extent 2-28 km. CR shift (-5, -0.75)km.  Burgers rheology with two viscosities. Inner eta_CR,1=1.2616E17 Pa*s, eta_CR,2=1.2616E16 Pa*s. Outer CR eta_1 = 3.154E16 eta_2 = 6.308E15 Pa*2. No asthenosphere, domain depth = 100 km. Domain(200x200x100) km. Courser mesh, CR refined (5 km)"
Yellowstone_Run199,Runs/run199,100000,34000,10.0,0.005,638.0,500,0.1,3,0,0,1,5.88203735288696,0,0,36.4193004035585,"Source dim 0.5*13km, 1.0*27.5km. Source depth = 5.0 km. CR dim (32, 55)km, from tomography. Nested CR. Inner CR dim (22, 40)km, extends from 3-22 km. No shift. Outer CR dim (32, 55)km, from tomography. Outer CR extent 2-28 km. CR shift (-5, -0.75)km.  Burgers rheology with two viscosities in inner CR, Maxwell outer. Inner eta_CR,1=1.2616E17 Pa*s, eta_CR,2=1.2616E16 Pa*s. Outer CR eta_1 = 1.2616E16 Pa*s. No asthenosphere, domain depth = 100 km. Domain(200x200x100) km. Courser mesh, CR refined (5 km)"
Yellowstone_Run192_run2,Runs/run192_run2,100000,23000,10.0,0.05,638.0,500,0.1,3,0,0,1,4.48414718324467,0,0.539663495891446,65.1028534823695,"Source dim 0.5*13km, 1.0*27.5km. Source depth = 4.0 km. CR dim (32, 55)km, from tomography. CR extent 2-28 km. CR shift (-5, -0.75)km.  MAxwell rheology. eta_CR=6.308E16 Pa*s. No asthenosphere, domain depth = 100 km. Courser mesh, CR refined (5 km)"
Yellowstone_Run193_run2,Runs/run193_run2,100000,23000,10.0,0.01,638.0,500,0.1,3,0,0,1,4.50455468569525,0,0.41352935647661,51.5785244664619,"Source dim 0.5*13km, 1.0*27.5km. Source depth = 4.0 km. CR dim (32, 55)km, from tomography. Nested CR. Inner CR dim (22, 40)km, extends from 3-22 km. No shift. Outer CR dim (32, 55)km, from tomography. Outer CR extent 2-28 km. CR shift (-5, -0.75)km.  Maxwell rheology. Inner eta_CR = 6.308E16 Pa*s. Outer CR eta_CR = 1.2616E16 Pa*s. No asthenosphere, domain depth = 100 km. Domain(200x200x100) km. Courser mesh, CR refined (5 km)"
Yellowstone_Run200,Runs/run200,100000,34000,10.0,0.005,638.0,500,0.1,3,0,0,1,5.88203735288696,0,0,36.4193004035585,"Source dim 0.5*13km, 1.0*27.5km. Source depth = 5.0 km. CR dim (32, 55)km, from tomography. Nested CR. Inner CR dim (22, 40)km, extends from 3-22 km. No shift. Outer CR dim (32, 55)km, from tomography. Outer CR extent 2-28 km. CR shift (-5, -0.75)km.  Burgers rheology with two viscosities. Inner eta_CR,1=1.2616E17 Pa*s, eta_CR,2=1.2616E16 Pa*s. Outer CR eta_1 = 3.154E16 eta_2 = 6.308E15 Pa*2. No asthenosphere, domain depth = 100 km. Domain(200x200x100) km. Courser mesh, CR refined (5 km). Identical to run196_run2 but with UNSMOOTHED P(t)"
Yellowstone_Run200_run2,Runs/run200_run2,100000,34000,10.0,0.005,638.0,500,0.1,3,0,0,1,5.88203735288696,0,0,36.4193004035585,"Source dim 0.5*13km, 1.0*27.5km. Source depth = 5.0 km. CR dim (32, 55)km, from tomography. Nested CR. Inner CR dim (22, 40)km, extends from 3-22 km. No shift. Outer CR dim (32, 55)km, from tomography. Outer CR extent 2-28 km. CR shift (-5, -0.75)km.  Burgers rheology with two viscosities. Inner eta_CR,1=1.2616E17 Pa*s, eta_CR,2=1.2616E16 Pa*s. Outer CR eta_1 = 3.154E16 eta_2 = 6.308E15 Pa*2. No asthenosphere, domain depth = 100 km. Domain(200x200x100) km. Courser mesh, CR refined (5 km). Identical to run196_run2 but with 1 yr window, 0.5 yr step smoothing"
Yellowstone_Run181_run5,Runs/run181_run5,100000,15000,10.0,0.01,638.0,500,0.1,3,0,0,1,"Refined CR (5 km). Identical to run181 otherwise, UC height = 10 km",,,,
Yellowstone_Run181_run6,Runs/run181_run6,100000,15000,10.0,0.01,638.0,500,0.1,3,0,0,1,"Refined CR (5 km). Identical to run181 otherwise, Quad basis order 1 throughout model",,,,
Yellowstone_Run181_run7,Runs/run181_run7,100000,15000,10.0,0.01,638.0,500,0.1,3,0,0,1,Source x dim = 13 km. Identical to run181_run3 otherwise,,,,
Yellowstone_Run201,Runs/run201,100000,23000,10.0,0.01,638.0,500,0.1,3,0,0,1,4.50455468569525,0,0,96.8695217943561,"Source dim 0.5*13km, 1.0*27.5km. Source depth = 4.0 km. CR dim (32, 55)km, from tomography. Nested CR. Inner CR dim (22, 40)km, extends from 3-22 km. No shift. Outer CR dim (32, 55)km, from tomography. Outer CR extent 2-28 km. CR shift (-5, -0.75)km.  Maxwell rheology. Inner eta_CR = 6.308E16 Pa*s. Outer CR eta_CR = 1.2616E16 Pa*s. No asthenosphere, domain depth = 100 km. Domain(200x200x100) km. Courser mesh, CR refined (5 km). Identical to run193_run2 but with UNSMOOTHED P(t)"
Yellowstone_Run201_run2,Runs/run201_run2,100000,23000,10.0,0.01,638.0,500,0.1,3,0,0,1,4.50455468569525,0,0,80.6796377159972,"Source dim 0.5*13km, 1.0*27.5km. Source depth = 4.0 km. CR dim (32, 55)km, from tomography. Nested CR. Inner CR dim (22, 40)km, extends from 3-22 km. No shift. Outer CR dim (32, 55)km, from tomography. Outer CR extent 2-28 km. CR shift (-5, -0.75)km.  Maxwell rheology. Inner eta_CR = 6.308E16 Pa*s. Outer CR eta_CR = 1.2616E16 Pa*s. No asthenosphere, domain depth = 100 km. Domain(200x200x100) km. Courser mesh, CR refined (5 km). Identical to run193_run2 but with 0.5 yr dt, 1 yr window smoothed P(t)"
Yellowstone_Run192_run3,Runs/run192_run3,100000,23000,10.0,0.05,638.0,500,0.1,3,0,0,1,"Source dim 0.5*13km, 1.0*27.5km. Source depth = 4.0 km. CR dim (32, 55)km, from tomography. CR extent 2-28 km. CR shift (-5, -0.75)km.  Maxwell rheology. eta_CR=6.308E16 Pa*s. No asthenosphere, domain depth = 100 km. Courser mesh, CR refined (5 km), UNSMOOTHED P(t)! Identical to run192_run2 otherwise",,,,
Yellowstone_Run194_run2,Runs/run194_run2,100000,15000,10.0,0.005,638.0,500,0.1,3,0,0,1,"Source dim 0.5*13km, 1.0*27.5km. Source depth = 4.0 km. CR dim (32, 55)km, from tomography. Nested CR. Inner CR dim (22, 40)km, extends from 3-22 km. No shift. Outer CR dim (32, 55)km, from tomography. Outer CR extent 2-28 km. CR shift (-5, -0.75)km.  Maxwell rheology. Inner eta_CR = 6.308E16 Pa*s. Outer CR eta_CR = 6.308E15 Pa*s. No asthenosphere, domain depth = 100 km. Domain(200x200x100) km. Courser mesh, CR refined (5 km). UNSMOOTHED P(t)! Identical to run194 otherwise.",,,,
Yellowstone_Run202,Runs/run202,100000,23000,10.0,0.01,638.0,500,0.1,3,0,0,1,4.44786333006229,0,0.27032965169414,187.80182683022,"Source dim 0.5*13km, 1.0*27.5km. Source depth = 4.0 km. CR dim (32, 55)km, from tomography. Nested CR. Inner CR dim (22, 40)km, extends from 3-22 km. No shift. Outer CR dim (32, 55)km, from tomography. Outer CR extent 2-28 km. CR shift (-5, -0.75)km.  Maxwell rheology. Inner eta_CR = 6.308E16 Pa*s. Outer CR eta_CR = 1.2616E16 Pa*s. No asthenosphere, domain depth = 100 km. Domain(200x200x100) km. Courser mesh, CR refined (5 km). Identical to run193_run2 but with UNSMOOTHED P(t). Second lower source, ½ volume main source, P(t) scaled by negative constant from main P(t). Identical to run201 otherwise"
Yellowstone_Run201_run3,Runs/run201_run3,100000,23000,10.0,0.01,638.0,500,0.1,3,0,0,1,"Source dim 0.5*13km, 1.0*27.5km. Source depth = 4.0 km. CR dim (32, 55)km, from tomography. Nested CR. Inner CR dim (22, 40)km, extends from 3-22 km. No shift. Outer CR dim (32, 55)km, from tomography. Outer CR extent 2-28 km. CR shift (-5, -0.75)km.  Maxwell rheology. Inner eta_CR = 6.308E16 Pa*s. Outer CR eta_CR = 1.2616E16 Pa*s. No asthenosphere, domain depth = 100 km. Domain(200x200x100) km. Courser mesh, CR refined (5 km). Identical to run193_run2 but with UNSMOOTHED P(t). UC height = 10 km, not 5 km! Identical to run201 otherwise.",0,0,97.3648400875078,
Yellowstone_Run185_run2,Runs/run185_run2,100000,23000,10.0,0.01,638.0,500,0.1,3,0,0,1,5.95992855450734,0,27.6447328717385,105.274634239633,"Source dim 0.5*13km, 1.0*27.5km. Source depth = 4.0 km. CR dim (32, 55)km, from tomography. CR extent 2-28 km. CR shift (-5, -0.75)km.  Burgers rheology with two viscosities. eta_CR,1=1.2616E17 Pa*s, eta_CR,2=1.2616E16 Pa*s. No asthenosphere, domain depth = 100 km. Courser mesh, CR refined (5 km). UNSMOOTHED P(t)"
Yellowstone_Run184_run2,Runs/run184_run2,100000,15000,10.0,0.005,638.0,500,0.1,3,0,0,1,"Source dim 0.5*13km, 1.0*27.5km. Source depth = 4.0 km. CR dim (32, 55)km, from tomography. Nested CR. Inner CR dim (22, 40)km, extends from 3-22 km. No shift. Outer CR dim (32, 55)km, from tomography. Outer CR extent 2-28 km. CR shift (-5, -0.75)km.  Burgers rheology with two viscosities. Inner eta_CR,1=1.2616E17 Pa*s, eta_CR,2=1.2616E16 Pa*s. Outer CR eta_1 = 1.2616E17, eta_2 = 6.308E15 Pa*2. No asthenosphere, domain depth = 100 km. Domain(200x200x100) km. Courser mesh, CR refined (5 km). UNSMOOTHED P(t)",,,,
Yellowstone_Run196_run3,Runs/run196_run3,100000,23000,10.0,0.005,638.0,500,0.1,3,0,0,1,"Source dim 0.5*13km, 1.0*27.5km. Source depth = 5.0 km. CR dim (32, 55)km, from tomography. Nested CR. Inner CR dim (22, 40)km, extends from 3-22 km. No shift. Outer CR dim (32, 55)km, from tomography. Outer CR extent 2-28 km. CR shift (-5, -0.75)km.  Burgers rheology with two viscosities. Inner eta_CR,1=1.2616E17 Pa*s, eta_CR,2=1.2616E16 Pa*s. Outer CR eta_1 = 3.154E16 eta_2 = 6.308E15 Pa*2. No asthenosphere, domain depth = 100 km. Domain(200x200x100) km. Courser mesh, CR refined (5 km). UNSMOOTHED P(t)!",,,,
Yellowstone_Run203,Runs/run203,100000,23000,10.0,0.01,638.0,500,0.1,3,0,0,1,4.28268852486857,0,15.7177943373315,108.909677524112,"Source dim 0.5*13km, 1.0*27.5km. Source depth = 4.0 km. CR dim (32, 55)km, from tomography. Nested CR. Inner CR dim (22, 40)km, extends from 3-22 km. No shift. Outer CR dim (32, 55)km, from tomography. Outer CR extent 2-28 km. CR shift (-5, -0.75)km.  Maxwell rheology. Inner eta_CR = 6.308E16 Pa*s. Outer CR eta_CR = 1.2616E16 Pa*s. No asthenosphere, domain depth = 100 km. Domain(200x200x100) km. Courser mesh, CR refined (5 km). Identical to run193_run2 but with UNSMOOTHED P(t). Second lower source, 1.85x volume of main source, P(t) scaled by negative constant -fM = -1/R_obs. Identical to run201 otherwise"
Yellowstone_Run204,Runs/run204,100000,23000,10.0,0.01,638.0,500,0.1,3,0,0,1,4.44786333006229,0,0,114.65131387879,"Source dim 0.5*13km, 1.0*27.5km. Source depth = 4.0 km. CR dim (32, 55)km, from tomography. Nested CR. Inner CR dim (22, 40)km, extends from 3-22 km. No shift. Outer CR dim (32, 55)km, from tomography. Outer CR extent 2-28 km. CR shift (-5, -0.75)km.  Maxwell rheology. Inner eta_CR = 6.308E16 Pa*s. Outer CR eta_CR = 1.2616E16 Pa*s. No asthenosphere, domain depth = 100 km. Domain(200x200x100) km. Courser mesh, CR refined (5 km). Identical to run193_run2 but with UNSMOOTHED P(t). Second lower source, ½ volume of main source, P(t) scaled by negative constant -fM = -1/R_obs. Identical to run201 otherwise"
Yellowstone_Run205,Runs/run205,100000,23000,10.0,0.05,638.0,500,0.1,3,0,0,1,4.81384709350035,0,0,156.407412867802,"Source dim 0.5*13km, 1.0*27.5km. Source depth = 4.0 km. CR dim (32, 55)km, from tomography. Uniform CR. Inner CR dim (22, 40)km, extends from 3-22 km. No shift. Outer CR dim (32, 55)km, from tomography. Outer CR extent 2-28 km. CR shift (-5, -0.75)km.  Maxwell rheology. eta_CR = 6.308E16 Pa*s. No asthenosphere, domain depth = 100 km. Domain(200x200x100) km. Courser mesh, CR refined (5 km). ISecond lower source, ½ volume of main source, P(t) scaled by negative constant -fM = -0.5. Identical to run201 otherwise"
Yellowstone_Run206,Runs/run206,100000,23000,10.0,1.0,638.0,500,0.1,3,0,0,1,5787.52348842499,0,0,36.2014145050264,"Source dim 0.5*13km, 1.0*27.5km. Source depth = 4.0 km. No CR! Source in layered domain."
Yellowstone_Run207,Runs/run207,100000,23000,10.0,1.0,638.0,500,0.1,3,0,0,1,0,0,43.6478506667258,"Source dim 0.5*13km, 1.0*27.5km. Source depth = 4.0 km. No CR! Elastic half space",
Yellowstone_Run208,Runs/run208,100000,23000,10.0,0.05,638.0,500,0.1,3,0,0,1,4.83165762793086,0,0,115.193552968196,"Source dim 0.5*13km, 1.0*27.5km. Source depth = 4.0 km. CR dim (32, 55)km, from tomography. Uniform CR. Inner CR dim (22, 40)km, extends from 3-22 km. No shift. Outer CR dim (32, 55)km, from tomography. Outer CR extent 2-28 km. CR shift (-5, -0.75)km.  Maxwell rheology.  eta_CR = 6.308E16 Pa*s.  No asthenosphere, domain depth = 100 km. Domain(200x200x100) km. Courser mesh, CR refined (5 km). Second lower source, 3x volume of main source, under the CR shifted under the outer group stations, P(t) scaled by negative constant -fM = -0.2. "
Yellowstone_Run207_run2,Runs/run207_run2,100000,46000,10.0,1.0,638.0,500,0.1,3,0,0,1,0,0,87.3486655451814,"Source dim 0.5*13km, 1.0*27.5km. Source depth = 4.0 km. No CR! Elastic half space. Like run207 but with double dP/dt",
Yellowstone_Run207_run3,Runs/run207_run3,100000,83000,10.0,1.0,638.0,500,0.1,3,0,0,1,0,0,157.603485884579,"Source dim 0.5*13km, 1.0*27.5km. Source depth = 4.0 km. No CR! Elastic half space. Like run207 but with dP/dt = 83 kPa/yr",
Yellowstone_Run209,Runs/run209,100000,23000,10.0,0.05,638.0,500,0.1,3,0,0,1,4.92607039376611,0,0,117.706475085547,"Source dim 0.5*13km, 1.0*27.5km. Source depth = 4.0 km. CR dim (32, 55)km, from tomography. Uniform CR. Inner CR dim (22, 40)km, extends from 3-22 km. No shift. Outer CR dim (32, 55)km, from tomography. Outer CR extent 2-28 km. CR shift (-5, -0.75)km.  Maxwell rheology.  eta_CR = 6.308E16 Pa*s.  No asthenosphere, domain depth = 100 km. Domain(200x200x100) km. Courser mesh, CR refined (5 km). Second lower source, 3x volume of main source, bottom of the CR shifted under the outer group stations, P(t) scaled by negative constant -fM = -0.2. "
Yellowstone_Run210,Runs/run210,100000,25000,10.0,0.05,638.0,500,0.1,3,0,0,1,"Source dim 0.5*13km, 1.0*27.5km. Source depth = 4.0 km. CR dim (32, 55)km, from tomography. Uniform CR. Inner CR dim (22, 40)km, extends from 3-22 km. No shift. Outer CR dim (32, 55)km, from tomography. Outer CR extent 2-28 km. CR shift (-5, 0.75)km.  Maxwell rheology.  eta_CR = 6.308E16 Pa*s.  No asthenosphere, domain depth = 100 km. Domain(200x200x100) km. Courser mesh, CR refined (5 km). Second lower source, 2.9x volume of main source, 20 km depth, shifted (-20 km, -5 km), lower source dp/dt scaled by -1.7",,,,
Yellowstone_Run211,Runs/run211,100000,88000,10.0,1.0,638.0,500,0.1,3,0,0,1,0,0,111.60496921843,"Source dim 0.5*13km, 1.0*27.5km. Source depth = 4.0 km. No asthenosphere, domain depth = 100 km. Domain(200x200x100) km. Second lower source, 2.9x volume of main source, 25 km depth, shifted (-20 km, -5 km), lower source dp/dt scaled by -1.7. Elastic halfspace",
Yellowstone_Run212,Runs/run212,100000,30000,10.0,1.0,638.0,500,0.1,3,0,0,1,0,0,81.8107628944485,"Source dim 0.5*13km, 1.0*27.5km. Source depth = 4.0 km. No asthenosphere, domain depth = 100 km. Domain(200x200x100) km. Second lower source, 2.3x volume of main source, 24 km depth, shifted (-20 km, -5 km), lower source dp/dt scaled by -3.0. Elastic halfspace",
Yellowstone_Run213,Runs/run213,100000,29000,10.0,0.05,638.0,500,0.1,3,0,0,1,10.7276214634168,0,0,98.551429105233,"Source dim 0.5*13km, 1.0*27.5km. Source depth = 4.0 km. CR dim (32, 55)km, from tomography. Uniform CR. Outer CR dim (32, 55)km, from tomography. Outer CR extent 2-28 km. CR shift (-5, 0.75)km.  Maxwell rheology.  eta_CR = 6.308E16 Pa*s.  No asthenosphere, domain depth = 100 km. Domain(200x200x100) km. Courser mesh, CR refined (5 km). Second lower source, 2.3x volume of main source, 24 km depth, shifted (-20 km, -5 km), lower source dp/dt scaled by -3.0"
Yellowstone_Run212_run2,Runs/run212_run2,100000,104000,10.0,1.0,638.0,500,0.1,3,0,0,1,0,0,279.727436248093,"Source dim 0.5*13km, 1.0*27.5km. Source depth = 4.0 km. No asthenosphere, domain depth = 100 km. Domain(200x200x100) km. Second lower source, 2.3x volume of main source, 24 km depth, shifted (-20 km, -5 km), lower source dp/dt scaled by -3.0. Elastic halfspace",
Yellowstone_Run214,Runs/run214,100000,97000,10.0,1.0,638.0,500,0.1,3,0,0,1,"Source dim 0.5*13km, 1.0*27.5km. Source depth = 4.0 km. No asthenosphere, domain depth = 100 km. Domain(200x200x100) km. Second lower source, 2.3x volume of main source, 24 km depth, shifted (-20 km, -5 km), lower source dp/dt scaled by -2.5. Elastic halfspace",,,,
Yellowstone_Run214_run2,Runs/run214_run2,100000,85000,10.0,1.0,638.0,500,0.1,3,0,0,1,0,0,232.817453815257,"Source dim 0.5*13km, 1.0*27.5km. Source depth = 4.0 km. No asthenosphere, domain depth = 100 km. Domain(200x200x100) km. Second lower source, 2.3x volume of main source, 24 km depth, shifted (-20 km, -5 km), lower source dp/dt scaled by -2.5. Elastic halfspace","Source dim 0.5*13km, 1.0*27.5km. Source depth = 4.0 km. No asthenosphere, domain depth = 100 km. Domain(200x200x100) km. Second lower source, 2.3x volume of main source, 24 km depth, shifted (-20 km, -5 km), lower source dp/dt scaled by -2.5. Elastic halfspace"
Yellowstone_Run214_run3,Runs/run214_run3,100000,75000,10.0,1.0,638.0,500,0.1,3,0,0,1,0,0,209.137511051951,"Source dim 0.5*13km, 1.0*27.5km. Source depth = 4.0 km. No asthenosphere, domain depth = 100 km. Domain(200x200x100) km. Second lower source, 2.3x volume of main source, 24 km depth, shifted (-20 km, -5 km), lower source dp/dt scaled by -2.0. Elastic halfspace","Source dim 0.5*13km, 1.0*27.5km. Source depth = 4.0 km. No asthenosphere, domain depth = 100 km. Domain(200x200x100) km. Second lower source, 2.3x volume of main source, 24 km depth, shifted (-20 km, -5 km), lower source dp/dt scaled by -2.0. Elastic halfspace"
Yellowstone_Run215,Runs/run215,100000,40000,10.0,0.05,638.0,500,0.1,3,0,0,1,10.7276214634168,0,0,146.991631789607,"Source dim 0.5*13km, 1.0*27.5km. Source depth = 4.0 km. CR dim (32, 55)km, from tomography. Uniform CR. Outer CR dim (32, 55)km, from tomography. Outer CR extent 2-28 km. CR shift (-5, 0.75)km.  Maxwell rheology.  eta_CR = 6.308E16 Pa*s.  No asthenosphere, domain depth = 100 km. Domain(200x200x100) km. Courser mesh, CR refined (5 km). Second lower source, 2.3x volume of main source, 24 km depth, shifted (-20 km, -5 km), lower source dp/dt scaled by -2.0"
Yellowstone_Run201_run4,Runs/run201_run4,100000,23000,10.0,0.01,638.0,500,0.1,3,0,0,1,"Source dim 0.5*13km, 1.0*27.5km. Source depth = 10.0 (not 5!) km. CR dim (32, 55)km, from tomography. Nested CR. Inner CR dim (22, 40)km, extends from 3-22 km. No shift. Outer CR dim (32, 55)km, from tomography. Outer CR extent 2-28 km. CR shift (-5, -0.75)km.  Maxwell rheology. Inner eta_CR = 6.308E16 Pa*s. Outer CR eta_CR = 1.2616E16 Pa*s. No asthenosphere, domain depth = 100 km. Domain(200x200x100) km. Courser mesh, CR refined (5 km). Identical to run193_run2 but with UNSMOOTHED P(t). Identical to run201 otherwise.",0,0,78.0361475500398,
Yellowstone_Run215_run2,Runs/run215_run2,100000,50000,10.0,0.05,638.0,500,0.1,3,0,0,1,10.7276214634168,0,0,227.378065196641,"Source dim 0.5*13km, 1.0*27.5km. Source depth = 4.0 km. CR dim (32, 55)km, from tomography. Uniform CR. Outer CR dim (32, 55)km, from tomography. Outer CR extent 2-28 km. CR shift (-5, 0.75)km.  Maxwell rheology.  eta_CR = 6.308E16 Pa*s.  No asthenosphere, domain depth = 100 km. Domain(200x200x100) km. Courser mesh, CR refined (5 km). Second lower source, 2.3x volume of main source, 24 km depth, shifted (-20 km, -5 km), lower source dp/dt scaled by -1.5"
Yellowstone_Run216,Runs/run216,100000,45000,10.0,0.01,638.0,500,0.1,3,0,0,1,"Source dim 0.5*13km, 1.0*27.5km. Source depth = 5.0 km. CR dim (32, 55)km, from tomography. Nested CR. Inner CR dim (22, 40)km, extends from 3-22 km. No shift. Outer CR dim (32, 55)km, from tomography. Outer CR extent 2-28 km. CR shift (-5, -0.75)km.  Maxwell rheology. Inner eta_CR = 6.308E16 Pa*s. Outer CR eta_CR = 1.2616E16 Pa*s. No asthenosphere, domain depth = 100 km. Domain(200x200x100) km. Courser mesh, CR refined (5 km). Identical to run193_run2 but with UNSMOOTHED P(t). Second lower source, 2.3 volume of main source, P(t) scaled by negative constant -1.5",,,,
Yellowstone_Run216_run2,Runs/run216_run2,100000,45000,10.0,0.01,638.0,500,0.1,3,0,0,1,"Source dim 0.5*13km, 1.0*27.5km. Source depth = 5.0 km. CR dim (32, 55)km, from tomography. Nested CR. Inner CR dim (22, 40)km, extends from 3-22 km. No shift. Outer CR dim (32, 55)km, from tomography. Outer CR extent 2-28 km. CR shift (-5, -0.75)km.  Maxwell rheology. Inner eta_CR = 6.308E16 Pa*s. Outer CR eta_CR = 1.2616E16 Pa*s. No asthenosphere, domain depth = 100 km. Domain(200x200x100) km. Courser mesh, CR refined (5 km). Identical to run193_run2 but with UNSMOOTHED P(t). Second lower source, 2.3 volume of main source, P(t) scaled by negative constant -1.5. Identical to run216 but with smaller CR and coarser mesh",,,,
Yellowstone_Run2_run2,Runs/run2_run2,1000000,250000,15.0,1.0,630.0,500,0.1,2,0,0,1,0,0,23.6888405184864,Source dim 50% of CR dim. Source at CR depth (6.5 km). CR height = 26 km (2-28km depth),
Yellowstone_Run3_run2,Runs/run3_run2,1000000,250000,15.0,1.0,3130.0,3000,0.1,2,0,0,1,0,0,10.5931077113602,Source dim 50% of CR dim. Source at CR depth (15 km). CR height = 26 km (2-28km depth),
Yellowstone_Run4_run2,Runs/run4_run2,1000000,250000,15.0,1.0,630.0,500,0.1,2,0,0,1,0,0,35.6950474943386,Source dim 50% of CR dim. Source at CR depth (4 km). CR height = 26 km (2-28km depth),
Yellowstone_Run5_run2,Runs/run5_run2,1000000,250000,15.0,1.0,630.0,500,0.1,2,0,0,1,0,0,4.61000594412758,Source dim 25% of CR dim. Source at CR depth (6.5 km). CR height = 26 km (2-28km depth),
Yellowstone_Run6_run2,Runs/run6_run2,1000000,250000,15.0,1.0,3130.0,3000,0.1,2,0,0,1,0,0,1.73210424017122,Source dim 25% of CR dim. Source at CR depth (15 km). CR height = 26 km (2-28km depth),
Yellowstone_Run7_run2,Runs/run7_run2,1000000,250000,15.0,1.0,630.0,500,0.1,2,0,0,1,0,0,6.53680774284283,Source dim 25% of CR dim. Source at CR depth (4 km). CR height = 26 km (2-28km depth),
Yellowstone_Run217,Runs/run217,100000,45000,10.0,0.05,638.0,500,0.1,3,0,0,1,10.7276214634168,0,0,227.378065196641,"Source dim 0.5*13km, 1.0*27.5km. Source depth = 4.0 km. CR dim (32, 55)km, from tomography. Uniform CR. Outer CR dim (32, 55)km, from tomography. Outer CR extent 2-28 km. CR shift (-5, 0.75)km.  Maxwell rheology.  eta_CR = 6.308E16 Pa*s.  No asthenosphere, domain depth = 100 km. Domain(200x200x100) km. Courser mesh, CR refined (5 km). Second lower source, 2.3x volume of main source, 24 km depth, shifted (-20 km, -5 km), lower source dp/dt scaled by -1.5"
Yellowstone_Run217_run2,Runs/run217_run2,100000,45000,10.0,0.05,638.0,500,0.1,3,0,0,1,10.7276214634168,0,0,227.378065196641,"Source dim 0.5*13km, 1.0*27.5km. Source depth = 4.0 km. CR dim (32, 55)km, from tomography. Uniform CR. Outer CR dim (32, 55)km, from tomography. Outer CR extent 2-28 km. CR shift (-5, 0.75)km.  Maxwell rheology.  eta_CR = 6.308E16 Pa*s.  No asthenosphere, domain depth = 100 km. Domain(200x200x100) km. Courser mesh, CR refined (5 km). Second lower source, 2.3x volume of main source, 24 km depth, shifted (-20 km, -5 km), lower source dp/dt scaled by -1.0"
Yellowstone_Run8_run2,Runs/run8_run2,1000000,250000,15.0,1.0,630.0,500,0.1,2,0,0,1,0,0,4.61000594412758,Source dim 80% of CR dim. Source at CR depth (6.5 km). CR height = 26 km (2-28km depth),
Yellowstone_Run8_run3,Runs/run8_run3,1000000,250000,15.0,1.0,3130.0,3000,0.1,2,0,0,1,0,0,1.73210424017122,Source dim 80% of CR dim. Source at CR depth (15 km). CR height = 26 km (2-28km depth),
Yellowstone_Run8_run4,Runs/run8_run4,1000000,250000,15.0,1.0,630.0,500,0.1,2,0,0,1,0,0,4.61000594412758,Source dim 80% of CR dim. Source at CR depth (4 km). CR height = 26 km (2-28km depth),
Yellowstone_Run218,Runs/run218,100000,43000,10.0,0.05,638.0,500,0.1,3,0,0,1,10.7276214634168,0,0,227.378065196641,"Source dim 0.5*13km, 1.0*27.5km. Source depth = 4.0 km. CR dim (32, 55)km, from tomography. Uniform CR. Outer CR dim (32, 55)km, from tomography. Outer CR extent 2-28 km. CR shift (-5, 0.75)km.  Maxwell rheology.  eta_CR = 6.308E16 Pa*s.  No asthenosphere, domain depth = 100 km. Domain(200x200x100) km. Courser mesh, CR refined (5 km). Second lower source, 2.3x volume of main source, 24 km depth, shifted (-20 km, -5 km), lower source dp/dt scaled by -1.0"
Yellowstone_Run218_run2,Runs/run218_run2,100000,40000,10.0,0.05,638.0,500,0.1,3,0,0,1,10.7276214634168,0,0,227.378065196641,"Source dim 0.5*13km, 1.0*27.5km. Source depth = 4.0 km. CR dim (32, 55)km, from tomography. Uniform CR. Outer CR dim (32, 55)km, from tomography. Outer CR extent 2-28 km. CR shift (-5, 0.75)km.  Maxwell rheology.  eta_CR = 6.308E16 Pa*s.  No asthenosphere, domain depth = 100 km. Domain(200x200x100) km. Courser mesh, CR refined (5 km). Second lower source, 2.3x volume of main source, 24 km depth, shifted (-20 km, -5 km), lower source dp/dt scaled by -1.0"
Yellowstone_Run218_run3,Runs/run218_run3,100000,37000,10.0,0.05,638.0,500,0.1,3,0,0,1,10.7276214634168,0,0,227.378065196641,"Source dim 0.5*13km, 1.0*27.5km. Source depth = 4.0 km. CR dim (32, 55)km, from tomography. Uniform CR. Outer CR dim (32, 55)km, from tomography. Outer CR extent 2-28 km. CR shift (-5, 0.75)km.  Maxwell rheology.  eta_CR = 6.308E16 Pa*s.  No asthenosphere, domain depth = 100 km. Domain(200x200x100) km. Courser mesh, CR refined (5 km). Second lower source, 2.3x volume of main source, 24 km depth, shifted (-20 km, -5 km), lower source dp/dt scaled by -1.0"
Yellowstone_Run206_run2,Runs/run206_run2,100000,88000,10.0,1.0,638.0,500,0.1,3,0,0,1,5787.52348842499,0,0,36.2014145050264,"Source dim 0.5*13km, 1.0*27.5km. Source depth = 4.0 km. No CR! Source in layered domain."
Yellowstone_Run219,Runs/run219,1000000,250000,15.0,1.0,630.0,500,0.1,2,0,0,1,0,0,0.632760690048229,Source dim 50% of standard CR dim. Source depth: 6.5 km. NO CR! Elastic halfspace,
Yellowstone_Run219_run2,Runs/run219_run2,1000000,250000,15.0,1.0,630.0,500,0.1,2,0,0,1,0,0,0.164345115683173,Source dim 50% of standard CR dim. Source depth: 15 km NO CR! Elastic halfspace,
Yellowstone_Run219_run3,Runs/run219_run3,1000000,250000,15.0,1.0,630.0,500,0.1,2,0,0,1,0,0,1.59490560808332,Source dim 50% of standard CR dim. Source depth: 4 km NO CR! Elastic halfspace,
Yellowstone_Run219_run4,Runs/run219_run4,1000000,250000,15.0,1.0,630.0,500,0.1,2,0,0,1,0,0,0.104872680514454,Source dim 25% of standard CR dim. Source depth: 6.5 km NO CR! Elastic halfspace,
Yellowstone_Run219_run5,Runs/run219_run5,1000000,250000,15.0,1.0,630.0,500,0.1,2,0,0,1,0,0,2.56152888048557,Source dim 80% of standard CR dim. Source depth: 6.5 km NO CR! Elastic halfspace,
Yellowstone_Run220,Runs/run220,1000000,250000,15.0,1.0,5130.0,5000,0.1,2,0,0,1,44.7814673769358,0,0,4.68136152993115,Source dim 50% of standard CR dim. Source depth: 6.5 km. NO CR! Viscoelastic halfspace
Yellowstone_Run220_run2,Runs/run220_run2,1000000,250000,15.0,1.0,5130.0,5000,0.1,2,0,0,1,47.0382238787494,0,1.12427650350008,Source dim 50% of standard CR dim. Source depth: 15 km. NO CR! Viscoelastic halfspace,
Yellowstone_Run220_run3,Runs/run220_run3,1000000,250000,15.0,1.0,5130.0,5000,0.1,2,0,0,1,41.5372107718054,0,0.057861711257029,11.7327528905711,Source dim 50% of standard CR dim. Source depth: 4 km. NO CR! Viscoelastic halfspace
Yellowstone_Run220_run4,Runs/run220_run4,1000000,250000,15.0,1.0,5130.0,5000,0.1,2,0,0,1,45.9705207040619,0,0,0.777218614898113,Source dim 25% of standard CR dim. Source depth: 6.5 km. NO CR! Viscoelastic halfspace
Yellowstone_Run220_run5,Runs/run220_run5,1000000,250000,15.0,1.0,5130.0,5000,0.1,2,0,0,1,43.8931338272133,0,0,18.960492287462,Source dim 80% of standard CR dim. Source depth: 6.5 km. NO CR! Viscoelastic halfspace
Yellowstone_Run221,Runs/run221,1000000,250000,15.0,0.5,630.0,500,0.1,2,0,0,1,0,0,4.61000594412758,8.0600118736488,Source dim 25% of CR dim. Source at CR depth (4 km). CR height = 26 km (2-28km depth)
Yellowstone_Run221_run2,Runs/run221_run2,1000000,250000,15.0,0.5,630.0,500,0.1,2,0,0,1,0,0,4.61000594412758,6.1465481990845,Source dim 25% of CR dim. Source at CR depth (6.5 km). CR height = 26 km (2-28km depth)
Yellowstone_Run221_run3,Runs/run221_run3,1000000,250000,15.0,0.5,2130.0,2000,0.1,2,0,0,1,0,0,4.61000594412758,Source dim 25% of CR dim. Source at CR depth (15 km). CR height = 26 km (2-28km depth),
Yellowstone_Run222,Runs/run222,1000000,250000,15.0,0.5,630.0,500,0.1,2,0,0,1,0,0,4.61000594412758,43.9892464356022,Source dim 50% of CR dim. Source at CR depth (4 km). CR height = 26 km (2-28km depth)
Yellowstone_Run222_run2,Runs/run222_run2,1000000,250000,15.0,0.5,630.0,500,0.1,2,0,0,1,0,0,4.61000594412758,36.3046504853197,Source dim 50% of CR dim. Source at CR depth (6.5 km). CR height = 26 km (2-28km depth)
Yellowstone_Run222_run3,Runs/run222_run3,1000000,250000,15.0,0.5,2130.0,2000,0.1,2,0,0,1,0,0,4.61000594412758,Source dim 50% of CR dim. Source at CR depth (15 km). CR height = 26 km (2-28km depth),
Yellowstone_Run223,Runs/run223,1000000,250000,15.0,0.5,630.0,500,0.1,2,0,0,1,0,0,4.61000594412758,138.144443360393,Source dim 80% of CR dim. Source at CR depth (4 km). CR height = 26 km (2-28km depth)
Yellowstone_Run223_run2,Runs/run223_run2,1000000,250000,15.0,0.5,630.0,500,0.1,2,0,0,1,0,0,4.61000594412758,100.020282744417,Source dim 80% of CR dim. Source at CR depth (6.5 km). CR height = 26 km (2-28km depth)
Yellowstone_Run223_run3,Runs/run223_run3,1000000,250000,15.0,0.5,2130.0,2000,0.1,2,0,0,1,0,0,4.61000594412758,Source dim 80% of CR dim. Source at CR depth (15 km). CR height = 26 km (2-28km depth),
Yellowstone_Run224,Runs/run224,1000000,250000,15.0,0.1,630.0,500,0.1,2,0,0,1,0,0,4.61000594412758,138.144443360393,Source dim 25% of CR dim. Source at CR depth (4 km). CR height = 26 km (2-28km depth)
Yellowstone_Run224_run2,Runs/run224_run2,1000000,250000,15.0,0.1,630.0,500,0.1,2,0,0,1,0,0,4.61000594412758,138.144443360393,Source dim 25% of CR dim. Source at CR depth (6.5 km). CR height = 26 km (2-28km depth)
Yellowstone_Run224_run3,Runs/run224_run3,1000000,250000,15.0,0.1,1130.0,1000,0.1,2,0,0,1,0,0,4.61000594412758,138.144443360393,Source dim 25% of CR dim. Source at CR depth (15 km). CR height = 26 km (2-28km depth)
Yellowstone_Run225,Runs/run225,1000000,250000,15.0,0.1,630.0,500,0.1,2,0,0,1,0,0,4.61000594412758,138.144443360393,Source dim 50% of CR dim. Source at CR depth (4 km). CR height = 26 km (2-28km depth)
Yellowstone_Run225_run2,Runs/run225_run2,1000000,250000,15.0,0.1,630.0,500,0.1,2,0,0,1,0,0,4.61000594412758,138.144443360393,Source dim 50% of CR dim. Source at CR depth (6.5 km). CR height = 26 km (2-28km depth)
Yellowstone_Run225_run3,Runs/run225_run3,1000000,250000,15.0,0.1,1130.0,1000,0.1,2,0,0,1,0,0,4.61000594412758,138.144443360393,Source dim 50% of CR dim. Source at CR depth (15 km). CR height = 26 km (2-28km depth)
Yellowstone_Run226,Runs/run226,1000000,250000,15.0,0.1,630.0,500,0.1,2,0,0,1,0,0,4.61000594412758,138.144443360393,Source dim 80% of CR dim. Source at CR depth (4 km). CR height = 26 km (2-28km depth)
Yellowstone_Run226_run2,Runs/run226_run2,1000000,250000,15.0,0.1,630.0,500,0.1,2,0,0,1,0,0,4.61000594412758,138.144443360393,Source dim 80% of CR dim. Source at CR depth (6.5 km). CR height = 26 km (2-28km depth)
Yellowstone_Run226_run3,Runs/run226_run3,1000000,250000,15.0,0.1,1130.0,1000,0.1,2,0,0,1,0,0,4.61000594412758,138.144443360393,Source dim 80% of CR dim. Source at CR depth (15 km). CR height = 26 km (2-28km depth)
Yellowstone_Run227,Runs/run227,1000000,250000,15.0,0.05,630.0,500,0.1,2,0,0,1,0,0,4.61000594412758,138.144443360393,Source dim 25% of CR dim. Source at CR depth (4 km). CR height = 26 km (2-28km depth)
Yellowstone_Run227_run2,Runs/run227_run2,1000000,250000,15.0,0.05,630.0,500,0.1,2,0,0,1,0,0,4.61000594412758,138.144443360393,Source dim 25% of CR dim. Source at CR depth (6.5 km). CR height = 26 km (2-28km depth)
Yellowstone_Run227_run3,Runs/run227_run3,1000000,250000,15.0,0.05,630.0,500,0.1,2,0,0,1,0,0,4.61000594412758,138.144443360393,Source dim 25% of CR dim. Source at CR depth (15 km). CR height = 26 km (2-28km depth)
Yellowstone_Run228,Runs/run228,1000000,250000,15.0,0.05,630.0,500,0.1,2,0,0,1,0,0,4.61000594412758,138.144443360393,Source dim 50% of CR dim. Source at CR depth (4 km). CR height = 26 km (2-28km depth)
Yellowstone_Run228_run2,Runs/run228_run2,1000000,250000,15.0,0.05,630.0,500,0.1,2,0,0,1,0,0,4.61000594412758,138.144443360393,Source dim 50% of CR dim. Source at CR depth (6.5 km). CR height = 26 km (2-28km depth)
Yellowstone_Run228_run3,Runs/run228_run3,1000000,250000,15.0,0.05,630.0,500,0.1,2,0,0,1,0,0,4.61000594412758,138.144443360393,Source dim 50% of CR dim. Source at CR depth (15 km). CR height = 26 km (2-28km depth)
Yellowstone_Run229,Runs/run229,1000000,250000,15.0,0.05,630.0,500,0.1,2,0,0,1,0,0,4.61000594412758,138.144443360393,Source dim 80% of CR dim. Source at CR depth (4 km). CR height = 26 km (2-28km depth)
Yellowstone_Run229_run2,Runs/run229_run2,1000000,250000,15.0,0.05,630.0,500,0.1,2,0,0,1,0,0,4.61000594412758,138.144443360393,Source dim 80% of CR dim. Source at CR depth (6.5 km). CR height = 26 km (2-28km depth)
Yellowstone_Run229_run3,Runs/run229_run3,1000000,250000,15.0,0.05,630.0,500,0.1,2,0,0,1,0,0,4.61000594412758,138.144443360393,Source dim 80% of CR dim. Source at CR depth (15 km). CR height = 26 km (2-28km depth)
Yellowstone_Run230,Runs/run230,1000000,250000,15.0,0.1,630.0,500,0.1,2,0,0,1,0,0,4.61000594412758,138.144443360393,"Source dim 25% of CR dim. Source at CR depth (4 km). Nested CR. Inner CR dim = 0.6x outer CR dim. Outer CR height = 26 km (2-28km depth), inner CR height = 20 km (2.75-22.75). Outer CR visc = 6.308E17 Pa s."
Yellowstone_Run230_run2,Runs/run230_run2,1000000,250000,15.0,0.1,630.0,500,0.1,2,0,0,1,0,0,4.61000594412758,138.144443360393,"Source dim 25% of CR dim. Source at CR depth (4 km). Nested CR. Inner CR dim = 0.9x outer CR dim. Outer CR height = 26 km (2-28km depth), inner CR height = 20 km (2.75-22.75). Outer CR visc = 6.308E17 Pa s."
Yellowstone_Run230_run3,Runs/run230_run3,1000000,250000,15.0,0.1,630.0,500,0.1,2,0,0,1,0,0,4.61000594412758,138.144443360393,"Source dim 25% of CR dim. Source at CR depth (6.5 km). Nested CR. Inner CR dim = 0.6x outer CR dim. Outer CR height = 26 km (2-28km depth), inner CR height = 20 km (2.75-22.75). Outer CR visc = 6.308E17 Pa s."
Yellowstone_Run231,Runs/run231,1000000,250000,15.0,0.1,630.0,500,0.1,2,0,0,1,0,0,4.61000594412758,138.144443360393,"Source dim 25% of CR dim. Source at CR depth (4 km). Nested CR. Inner CR dim = 0.6x outer CR dim. Outer CR height = 26 km (2-28km depth), inner CR height = 20 km (2.75-22.75). Outer CR visc = 1.2616E18 Pa s."
Yellowstone_Run231_run2,Runs/run231_run2,1000000,250000,15.0,0.1,630.0,500,0.1,2,0,0,1,0,0,4.61000594412758,138.144443360393,"Source dim 25% of CR dim. Source at CR depth (4 km). Nested CR. Inner CR dim = 0.9x outer CR dim. Outer CR height = 26 km (2-28km depth), inner CR height = 20 km (2.75-22.75). Outer CR visc = 1.2616E18 Pa s."
Yellowstone_Run231_run3,Runs/run231_run3,1000000,250000,15.0,0.1,630.0,500,0.1,2,0,0,1,0,0,4.61000594412758,138.144443360393,"Source dim 25% of CR dim. Source at CR depth (6.5 km). Nested CR. Inner CR dim = 0.6x outer CR dim. Outer CR height = 26 km (2-28km depth), inner CR height = 20 km (2.75-22.75). Outer CR visc = 1.2616E18 Pa s."
Yellowstone_Run232,Runs/run232,1000000,250000,15.0,0.1,630.0,500,0.1,2,0,0,1,0,0,4.61000594412758,138.144443360393,"Source dim 25% of CR dim. Source at CR depth (4 km). Nested CR. Inner CR dim = 0.6x outer CR dim. Outer CR height = 26 km (2-28km depth), inner CR height = 20 km (2.75-22.75). Outer CR visc = 6.308E18 Pa s."
Yellowstone_Run232_run2,Runs/run232_run2,1000000,250000,15.0,0.1,630.0,500,0.1,2,0,0,1,0,0,4.61000594412758,138.144443360393,"Source dim 25% of CR dim. Source at CR depth (4 km). Nested CR. Inner CR dim = 0.9x outer CR dim. Outer CR height = 26 km (2-28km depth), inner CR height = 20 km (2.75-22.75). Outer CR visc = 6.308E18 Pa s."
Yellowstone_Run232_run3,Runs/run232_run3,1000000,250000,15.0,0.1,630.0,500,0.1,2,0,0,1,0,0,4.61000594412758,138.144443360393,"Source dim 25% of CR dim. Source at CR depth (6.5 km). Nested CR. Inner CR dim = 0.6x outer CR dim. Outer CR height = 26 km (2-28km depth), inner CR height = 20 km (2.75-22.75). Outer CR visc = 6.308E18 Pa s."
Yellowstone_Run233,Runs/run233,1000000,250000,15.0,0.1,630.0,500,0.1,2,0,0,1,0,0,4.61000594412758,138.144443360393,"Source dim 25% of CR dim. Source at CR depth (4 km). Nested CR. Inner CR dim = 0.6x outer CR dim. Outer CR height = 26 km (2-28km depth), inner CR height = 20 km (2.75-22.75). Outer CR visc = 6.308E16 Pa s."
Yellowstone_Run233_run2,Runs/run233_run2,1000000,250000,15.0,0.1,630.0,500,0.1,2,0,0,1,0,0,4.61000594412758,138.144443360393,"Source dim 25% of CR dim. Source at CR depth (4 km). Nested CR. Inner CR dim = 0.9x outer CR dim. Outer CR height = 26 km (2-28km depth), inner CR height = 20 km (2.75-22.75). Outer CR visc = 6.308E16 Pa s."
Yellowstone_Run233_run3,Runs/run233_run3,1000000,250000,15.0,0.1,630.0,500,0.1,2,0,0,1,0,0,4.61000594412758,138.144443360393,"Source dim 25% of CR dim. Source at CR depth (6.5 km). Nested CR. Inner CR dim = 0.6x outer CR dim. Outer CR height = 26 km (2-28km depth), inner CR height = 20 km (2.75-22.75). Outer CR visc = 6.308E16 Pa s."
Yellowstone_Run234,Runs/run234,100000,25000,15.0,0.1,630.0,500,0.1,2,0,0,1,0,0,4.61000594412758,138.144443360393,Source dim 25% of CR dim. Source at CR depth (4 km). CR height = 26 km (2-28km depth) t_rise=0.75T
Yellowstone_Run234_run2,Runs/run234_run2,100000,25000,15.0,0.1,630.0,500,0.1,2,0,0,1,0,0,4.61000594412758,138.144443360393,Source dim 25% of CR dim. Source at CR depth (4 km). CR height = 26 km (2-28km depth) t_rise=0.5T
Yellowstone_Run234_run3,Runs/run234_run3,100000,25000,15.0,0.1,630.0,500,0.1,2,0,0,1,0,0,4.61000594412758,138.144443360393,Source dim 25% of CR dim. Source at CR depth (4 km). CR height = 26 km (2-28km depth) t_rise=0.25T
Yellowstone_Run235,Runs/run235,100000,25000,15.0,0.1,630.0,500,0.1,2,0,0,1,0,0,4.61000594412758,138.144443360393,"Source dim 25% of CR dim. Source at CR depth (4 km). CR height = 26 km (2-28km depth) t_rise=0.75T, Upside down sawtooth"
Yellowstone_Run235_run2,Runs/run235_run2,100000,25000,15.0,0.1,630.0,500,0.1,2,0,0,1,0,0,4.61000594412758,138.144443360393,"Source dim 25% of CR dim. Source at CR depth (4 km). CR height = 26 km (2-28km depth) t_rise=0.5T, Upside down sawtooth"
Yellowstone_Run235_run3,Runs/run235_run3,100000,25000,15.0,0.1,630.0,500,0.1,2,0,0,1,0,0,4.61000594412758,138.144443360393,"Source dim 25% of CR dim. Source at CR depth (4 km). CR height = 26 km (2-28km depth) t_rise=0.25T, Upside down sawtooth"
Yellowstone_Run236,Runs/run236,100000,25000,20.0,0.1,640.0,500,0.1,2,0,0,1,0,0,4.61000594412758,138.144443360393,"Source dim 25% of CR dim. Source at CR depth (4 km). CR height = 26 km (2-28km depth) t_rise=0.5T, Upside down sawtooth"
Yellowstone_Run236_run2,Runs/run236_run2,100000,25000,30.0,0.1,660.0,500,0.1,2,0,0,1,0,0,4.61000594412758,138.144443360393,"Source dim 25% of CR dim. Source at CR depth (4 km). CR height = 26 km (2-28km depth) t_rise=0.5T, Upside down sawtooth"
Yellowstone_Run236_run3,Runs/run236_run3,100000,25000,50.0,0.1,700.0,500,0.1,2,0,0,1,0,0,4.61000594412758,138.144443360393,"Source dim 25% of CR dim. Source at CR depth (4 km). CR height = 26 km (2-28km depth) t_rise=0.5T, Upside down sawtooth"
Yellowstone_Run237,Runs/run237,100000,25000,15.0,0.1,750.0,500,0.1,10,0,0,1,0,0,4.61000594412758,138.144443360393,"Source dim 25% of CR dim. Source at CR depth (4 km). CR height = 26 km (2-28km depth) t_rise=0.5T, Upside down sawtooth"
